time_s,ax_m_s2,ay_m_s2,az_m_s2
0.017329700000118464,2.1410148345947264,-9.625887774658203,-2.1595698974609374
0.030218500003684312,2.1505916412353514,-9.630077627563477,-2.142810485839844
0.04285550001077354,2.142810485839844,-9.585784896850585,-2.1583727966308595
0.05344460002379492,2.194884371948242,-9.603142858886718,-2.1248539733886718
0.06952770001953468,2.194884371948242,-9.604339959716796,-2.1517887420654294
0.08363390000886284,2.146401788330078,-9.600748657226562,-2.1320365783691404
0.0984667000011541,2.1224597717285154,-9.592368951416015,-2.120065570068359
0.11230950002209283,2.1541829437255857,-9.610924014282226,-2.094926452636719
0.13357850001193583,2.1434090362548828,-9.62109937133789,-2.123656872558594
0.15234540001256391,2.174533657836914,-9.59536170349121,-2.139219183349609
0.17276070002117194,2.1912930694580077,-9.600150106811522,-2.155380044555664
0.19621360002201982,2.1422119354248044,-9.629479077148437,-2.1619640991210938
0.2176270000054501,2.1823148132324217,-9.627683425903319,-2.0979192047119137
0.23079410000354983,2.133233679199219,-9.571419686889648,-2.138022082519531
0.25116340001113713,2.127248175048828,-9.593566052246093,-2.1422119354248044
0.2754313000186812,2.1787235107421874,-9.600150106811522,-2.1116858642578125
0.2986105000018142,2.175132208251953,-9.635464581298828,-2.1158757171630858
0.3208248000009917,2.1721394561767577,-9.597157354736327,-2.152387292480469
0.34435140001005493,2.156577145385742,-9.586383447265625,-2.138022082519531
0.3673111000098288,2.1595698974609374,-9.616909518432617,-2.155978594970703
0.39047840001876466,2.1218612213134764,-9.628281976318359,-2.157175695800781
0.413355099997716,2.1446061370849607,-9.610924014282226,-2.118269918823242
0.43445660002180375,2.1619640991210938,-9.635464581298828,-2.1158757171630858
0.45381730000372045,2.1883003173828124,-9.616909518432617,-2.1344307800292968
0.4767788000172004,2.1978771240234374,-9.591770401000977,-2.129642376708984
0.49960160002228804,2.15777424621582,-9.634267480468749,-2.1164742675781247
0.5200490000133868,2.1691467041015624,-9.618106619262695,-2.0781670410156248
0.5411397000134457,2.133832229614258,-9.618106619262695,-2.089539498901367
0.5557216000161134,2.146401788330078,-9.603142858886718,-2.1398177337646485
0.5675277000118513,2.133832229614258,-9.649829791259766,-2.1404162841796874
0.5771206000063103,2.166153952026367,-9.616909518432617,-2.117072817993164
0.58431250002468,2.1888988677978514,-9.607332711791992,-2.1344307800292968
0.594336000009207,2.184110464477539,-9.573813888549804,-2.1308394775390624
0.6028324000071734,2.1110873138427735,-9.588179098510741,-2.136226431274414
0.6105686000082642,2.175730758666992,-9.578003741455078,-2.1326351287841794
0.6179581000178587,2.147000338745117,-9.606135610961914,-2.155380044555664
0.625452900014352,2.165555401611328,-9.623493572998047,-2.1721394561767577
0.6339699000236578,2.155380044555664,-9.616909518432617,-2.1583727966308595
0.641556100017624,2.1619640991210938,-9.626486325073241,-2.1535843933105467
0.6490355000132695,2.1619640991210938,-9.622296472167967,-2.133233679199219
0.6562794000201393,2.1775264099121094,-9.59536170349121,-2.105101809692383
0.6634961000236217,2.147598889160156,-9.631873278808593,-2.1547814941406247
0.6724080000130925,2.1721394561767577,-9.592368951416015,-2.1595698974609374
0.6797788999974728,2.1595698974609374,-9.606135610961914,-2.128445275878906
0.6865009000175633,2.203264077758789,-9.627084875488281,-2.1062989105224608
0.6950623000157066,2.1499930908203124,-9.67197615661621,-2.136824981689453
0.7042603000008967,2.152387292480469,-9.615712417602538,-2.1613655487060544
0.7116758000047412,2.1619640991210938,-9.649829791259766,-2.1110873138427735
0.7193502000009175,2.2020669769287107,-9.618106619262695,-2.1015105072021485
0.7271885000227485,2.1218612213134764,-9.591770401000977,-2.1212626708984375
0.7344813000236172,2.145803237915039,-9.6151138671875,-2.133233679199219
0.7417488000064623,2.164956851196289,-9.624690673828125,-2.1637597503662107
0.749900599999819,2.1206641204833985,-9.631873278808593,-2.1739351074218747
0.7570296000048984,2.1398177337646485,-9.606135610961914,-2.0937293518066404
0.7637214999995194,2.133832229614258,-9.610924014282226,-2.1326351287841794
0.7714471000072081,2.1631611999511717,-9.613916766357422,-2.1404162841796874
0.7792641000123695,2.1739351074218747,-9.585784896850585,-2.114678616333008
0.7866041000233963,2.1589713470458984,-9.545682019042967,-2.127846725463867
0.7929074999992736,2.185906115722656,-9.617508068847656,-2.1248539733886718
0.8004689000081271,2.1511901916503904,-9.581595043945311,-2.1350293304443357
0.8084019000234548,2.1224597717285154,-9.620500820922851,-2.148197439575195
0.8188383000087924,2.15777424621582,-9.616909518432617,-2.142810485839844
0.8243864000251051,2.1547814941406247,-9.581595043945311,-2.127248175048828
0.8302757000201382,2.1583727966308595,-9.58279214477539,-2.100911956787109
0.8403303000086453,2.136226431274414,-9.605537060546874,-2.117072817993164
0.8583649000211153,2.1422119354248044,-9.635464581298828,-2.166153952026367
0.8712560000130907,2.11946701965332,-9.591171850585937,-2.1685481536865234
0.8847373000171501,2.1499930908203124,-9.586981997680663,-2.1314380279541014
0.8973456000094302,2.133832229614258,-9.588179098510741,-2.1505916412353514
0.9105179000180215,2.1517887420654294,-9.616310968017578,-2.152387292480469
0.9244130000006407,2.146401788330078,-9.60793126220703,-2.114678616333008
0.9355743000051007,2.1452046874999997,-9.626486325073241,-2.1110873138427735
0.9479522000183351,2.109291662597656,-9.607332711791992,-2.129043826293945
0.9607573000248522,2.184110464477539,-9.6013472076416,-2.1350293304443357
0.9705833000189159,2.152387292480469,-9.600150106811522,-2.1422119354248044
0.9801920000172686,2.11946701965332,-9.631274728393555,-2.1308394775390624
0.9875647000153549,2.176329309082031,-9.638457333374022,-2.148197439575195
0.9941206000221428,2.184709014892578,-9.58339069519043,-2.1134815155029294
1.0026720000023488,2.166752502441406,-9.567828384399414,-2.1308394775390624
1.0119457000109833,2.155380044555664,-9.586383447265625,-2.1326351287841794
1.0180112000089139,2.1452046874999997,-9.600748657226562,-2.1434090362548828
1.0244414000189863,2.1601684478759764,-9.591770401000977,-2.105101809692383
1.032825000002049,2.1535843933105467,-9.632471829223633,-2.15777424621582
1.0418055000191089,2.1499930908203124,-9.579200842285156,-2.1033061584472654
1.049070600012783,2.1733365570068357,-9.6151138671875,-2.123656872558594
1.0561709000030532,2.114678616333008,-9.599551556396484,-2.203264077758789
1.06448050000472,2.1517887420654294,-9.631873278808593,-2.118269918823242
1.0720672000024933,2.1446061370849607,-9.595960253906249,-2.109890213012695
1.080665300018154,2.193687271118164,-9.60793126220703,-2.117671368408203
1.0875966000021435,2.1320365783691404,-9.578003741455078,-2.1499930908203124
1.0955411000177264,2.1499930908203124,-9.622296472167967,-2.1230583221435544
1.103135800018208,2.124255422973633,-9.579200842285156,-2.146401788330078
1.1123316000157502,2.126649624633789,-9.598354455566406,-2.1619640991210938
1.1230235999973956,2.1823148132324217,-9.578602291870117,-2.138022082519531
1.1320056000258774,2.166752502441406,-9.587580548095703,-2.1535843933105467
1.1411586000176612,2.1715409057617188,-9.62109937133789,-2.133832229614258
1.148772700020345,2.1996727752685548,-9.571419686889648,-2.108693112182617
1.1555262000183575,2.129642376708984,-9.57620809020996,-2.1595698974609374
1.163406700012274,2.1805191619873048,-9.604339959716796,-2.129642376708984
1.1706323999969754,2.1535843933105467,-9.607332711791992,-2.157175695800781
1.1788339000195265,2.1601684478759764,-9.619303720092773,-2.1248539733886718
1.1883999000128824,2.1350293304443357,-9.615712417602538,-2.1320365783691404
1.2009818000078667,2.11946701965332,-9.611522564697266,-2.1440075866699217
1.211018600006355,2.1619640991210938,-9.58279214477539,-2.1529858428955078
1.2189590000198223,2.148197439575195,-9.597755905151367,-2.1356278808593747
1.227677400020184,2.1637597503662107,-9.609726913452148,-2.137423532104492
1.235147200000938,2.0835539947509765,-9.642647186279296,-2.1452046874999997
1.2437066000129562,2.15777424621582,-9.598953005981445,-2.120065570068359
1.2508916000078898,2.1206641204833985,-9.631873278808593,-2.164956851196289
1.258310800010804,2.155978594970703,-9.624092123413085,-2.124255422973633
1.2659147000231314,2.1984756744384764,-9.6013472076416,-2.1398177337646485
1.2776902000186965,2.13862063293457,-9.58339069519043,-2.155380044555664
1.2965976000123192,2.1823148132324217,-9.616909518432617,-2.164956851196289
1.3081525000161491,2.1529858428955078,-9.654019644165038,-2.137423532104492
1.3237313000136055,2.1499930908203124,-9.618705169677733,-2.1344307800292968
1.3389651000034064,2.166153952026367,-9.576806640625,-2.1697452545166014
1.3518326000194065,2.1398177337646485,-9.582193594360351,-2.1440075866699217
1.3655382000142708,2.1212626708984375,-9.61451531677246,-2.1308394775390624
1.3799680000229273,2.166153952026367,-9.590573300170897,-2.146401788330078
1.3944546999991871,2.1535843933105467,-9.586981997680663,-2.1074960113525387
1.4115918000170495,2.1589713470458984,-9.631274728393555,-2.1344307800292968
1.4317917000153102,2.147598889160156,-9.589376199340819,-2.1033061584472654
1.446877600013977,2.1619640991210938,-9.64025298461914,-2.13862063293457
1.4642194000189193,2.166153952026367,-9.591171850585937,-2.147598889160156
1.4826090999995358,2.164956851196289,-9.573813888549804,-2.118269918823242
1.4981655000010505,2.1529858428955078,-9.598953005981445,-2.1505916412353514
1.5139715000113938,2.1900959686279298,-9.613916766357422,-2.1320365783691404
1.531350500008557,2.148197439575195,-9.581595043945311,-2.1254525238037107
1.5490464000031352,2.2188263885498047,-9.600748657226562,-2.1529858428955078
1.5653863000043202,2.185906115722656,-9.606734161376952,-2.1134815155029294
1.5810187000024598,2.233191598510742,-9.596558804321289,-2.1218612213134764
1.595828999998048,2.1900959686279298,-9.592368951416015,-2.114080065917969
1.6127748000144493,2.1691467041015624,-9.616909518432617,-2.1122844146728514
1.6301697000162676,2.1302409271240235,-9.625887774658203,-2.1344307800292968
1.6476894000079483,2.1511901916503904,-9.599551556396484,-2.117671368408203
1.6631229000049643,2.1619640991210938,-9.599551556396484,-2.1068974609374997
1.6776446000149008,2.1493945404052734,-9.619902270507811,-2.133233679199219
1.6917684000218287,2.185906115722656,-9.6151138671875,-2.1260510742187497
1.7044872000114992,2.13862063293457,-9.553463174438477,-2.1212626708984375
1.7219335999980103,2.128445275878906,-9.604938510131836,-2.137423532104492
1.7416597999981605,2.1589713470458984,-9.624092123413085,-2.129642376708984
1.7590806000225712,2.155380044555664,-9.604938510131836,-2.129642376708984
1.777784600009909,2.1356278808593747,-9.566631283569336,-2.1224597717285154
1.7928738000045996,2.1900959686279298,-9.609726913452148,-2.129043826293945
1.8074289000069257,2.1422119354248044,-9.657610946655273,-2.0877438476562498
1.8226837000111118,2.167351052856445,-9.6013472076416,-2.137423532104492
1.8369396000052802,2.138022082519531,-9.617508068847656,-2.1398177337646485
1.855331800004933,2.167351052856445,-9.628281976318359,-2.1685481536865234
1.8768548000080045,2.1416133850097654,-9.542090716552734,-2.1517887420654294
1.9032041000027675,2.1541829437255857,-9.592967501831055,-2.129043826293945
1.9274003000173252,2.129642376708984,-9.600150106811522,-2.1404162841796874
1.9526423000206705,2.1589713470458984,-9.609128363037108,-2.128445275878906
1.9726819000206888,2.1643583007812497,-9.598953005981445,-2.129642376708984
1.9896223000250757,2.1452046874999997,-9.600748657226562,-2.1254525238037107
2.0057384000101592,2.195482922363281,-9.599551556396484,-2.137423532104492
2.022483500011731,2.148197439575195,-9.589376199340819,-2.1356278808593747
2.0383810000203084,2.1643583007812497,-9.606135610961914,-2.133832229614258
2.0553772000130266,2.1835119140624997,-9.639055883789062,-2.099116305541992
2.072351200011326,2.2379800018310547,-9.617508068847656,-2.133233679199219
2.089946100022644,2.1440075866699217,-9.619902270507811,-2.128445275878906
2.107508200017037,2.1595698974609374,-9.62109937133789,-2.1110873138427735
2.1302774000214413,2.1452046874999997,-9.606734161376952,-2.133832229614258
2.149933600012446,2.15777424621582,-9.578602291870117,-2.068590234375
2.1705521999974735,2.13862063293457,-9.609128363037108,-2.1547814941406247
2.1915193000168074,2.110488763427734,-9.610325463867188,-2.1410148345947264
2.2092210999981035,2.157175695800781,-9.58279214477539,-2.184110464477539
2.2279766999999993,2.11946701965332,-9.65282254333496,-2.096123553466797
2.248445500008529,2.164956851196289,-9.564237081909178,-2.108094561767578
2.268390900018858,2.164956851196289,-9.634267480468749,-2.1356278808593747
2.287807000015164,2.1835119140624997,-9.708487731933593,-2.099116305541992
2.305536800005939,2.1805191619873048,-9.591171850585937,-2.136824981689453
2.3266475000127684,2.2272060943603513,-9.645041387939452,-2.0841525451660154
2.3470764000085182,2.2361843505859373,-9.645639938354492,-2.079962692260742
2.375649699999485,2.1888988677978514,-9.625289224243163,-2.114678616333008
2.3925745000015013,2.1487959899902345,-9.610325463867188,-2.1619640991210938
2.408713400014676,2.1547814941406247,-9.571419686889648,-2.1308394775390624
2.42117600000347,2.1422119354248044,-9.6013472076416,-2.1601684478759764
2.43148860000656,2.157175695800781,-9.595960253906249,-2.108693112182617
2.439957599999616,2.212840884399414,-9.619902270507811,-2.13862063293457
2.4476841000141576,2.1308394775390624,-9.567828384399414,-2.1691467041015624
2.456293100025505,2.1799206115722654,-9.617508068847656,-2.1344307800292968
2.4626344999996945,2.123656872558594,-9.606135610961914,-2.1709423553466793
2.4687398000096437,2.1487959899902345,-9.605537060546874,-2.088940948486328
2.4762781000172254,2.1595698974609374,-9.595960253906249,-2.1206641204833985
2.482341599999927,2.195482922363281,-9.561244329833984,-2.1326351287841794
2.4890887000074144,2.1625626495361328,-9.613318215942382,-2.1152771667480468
2.4953681000042707,2.174533657836914,-9.630077627563477,-2.1416133850097654
2.5027182000048924,2.166153952026367,-9.604339959716796,-2.126649624633789
2.51527270002407,2.1595698974609374,-9.600150106811522,-2.1206641204833985
2.5282557000173256,2.1787235107421874,-9.655216744995117,-2.133832229614258
2.5412496000062674,2.166153952026367,-9.58339069519043,-2.1039047088623044
2.5498724000062793,2.139219183349609,-9.600748657226562,-2.099714855957031
2.560066900012316,2.205059729003906,-9.619303720092773,-2.1314380279541014
2.572680200013565,2.117671368408203,-9.595960253906249,-2.1637597503662107
2.589372700022068,2.1811177124023438,-9.600748657226562,-2.11946701965332
2.613535900018178,2.1547814941406247,-9.636661682128906,-2.0883423980712887
2.636931800021557,2.1344307800292968,-9.59476315307617,-2.1152771667480468
2.6560507000249345,2.1835119140624997,-9.579799392700195,-2.1326351287841794
2.668994300009217,2.176329309082031,-9.615712417602538,-2.1356278808593747
2.68771930001094,2.1703438049316404,-9.56962403564453,-2.108094561767578
2.7086513000249397,2.1589713470458984,-9.60852981262207,-2.1326351287841794
2.7310851000074763,2.1595698974609374,-9.585784896850585,-2.136824981689453
2.7534241000248585,2.124255422973633,-9.652223992919922,-2.1404162841796874
2.77502440000535,2.1685481536865234,-9.630077627563477,-2.127248175048828
2.797717700013891,2.185307565307617,-9.610325463867188,-2.1410148345947264
2.8209462000231724,2.147598889160156,-9.587580548095703,-2.156577145385742
2.843561800022144,2.2002713256835937,-9.598953005981445,-2.152387292480469
2.865004500024952,2.184110464477539,-9.618106619262695,-2.1308394775390624
2.8860241000074893,2.13862063293457,-9.603142858886718,-2.1344307800292968
2.907783200003905,2.051830822753906,-9.160814102172852,-2.2361843505859373
2.9308433000114746,1.5322890624999999,-9.62109937133789,-2.4187422271728516
2.9530892000184394,3.1830911071777344,-10.262745416259765,-1.5286977600097655
2.9743181000230834,2.2589292663574216,-9.36551834411621,-2.300827795410156
2.9975081000011414,1.974617819213867,-9.630077627563477,-2.2553379638671873
3.01785010000458,2.251746661376953,-9.513958847045897,-2.0458453186035155
3.0399564999970607,2.2020669769287107,-9.587580548095703,-2.128445275878906
3.061267000011867,2.086546746826172,-9.741408004760741,-2.223614791870117
3.083791700017173,2.2110452331542967,-9.586383447265625,-2.0278888061523435
3.106037200021092,2.129642376708984,-9.655815295410155,-2.067991683959961
3.1267519000102766,2.0967221038818358,-9.60194575805664,-2.233790148925781
3.147960400005104,2.1787235107421874,-9.533711010742186,-2.1152771667480468
3.1712983000034,2.1206641204833985,-9.682151513671874,-2.0979192047119137
3.194788900000276,2.166752502441406,-9.625887774658203,-2.1398177337646485
3.2177479000238236,2.1691467041015624,-9.572616787719726,-2.164956851196289
3.236611600004835,2.1966800231933594,-9.651026892089844,-2.139219183349609
3.25766490001115,2.1607669982910154,-9.569025485229492,-2.066794583129883
3.2798228000174277,2.1685481536865234,-9.606135610961914,-2.1356278808593747
3.2969782000000123,2.223614791870117,-9.686341366577148,-2.176329309082031
3.314528400020208,2.1679496032714844,-9.612121115112304,-2.109291662597656
3.3349796000111382,2.1446061370849607,-9.57022258605957,-2.127846725463867
3.3554027000209317,2.1260510742187497,-9.65342109375,-2.1625626495361328
3.377924400003394,2.1326351287841794,-9.57620809020996,-2.1308394775390624
3.4006024000118487,2.1817162628173827,-9.576806640625,-2.1158757171630858
3.4194213000009768,2.166752502441406,-9.572018237304688,-2.123656872558594
3.4403075000154786,2.1128829650878904,-9.590573300170897,-2.1607669982910154
3.4574672000017017,2.147000338745117,-9.591171850585937,-2.127846725463867
3.476650900003733,2.184709014892578,-9.612719665527344,-2.124255422973633
3.4948985000082757,2.167351052856445,-9.655815295410155,-2.1260510742187497
3.517901700019138,2.186504666137695,-9.648034140014648,-2.117072817993164
3.538830500008771,2.1883003173828124,-9.62169792175293,-2.137423532104492
3.560758600011468,2.1068974609374997,-9.642048635864258,-2.1356278808593747
3.584287300007418,2.1535843933105467,-9.571419686889648,-2.124255422973633
3.6031167000182904,2.2086510314941403,-9.613318215942382,-2.152387292480469
3.6207076999999117,2.17692785949707,-9.630676177978515,-2.1206641204833985
3.634781300002942,2.1440075866699217,-9.610325463867188,-2.114678616333008
3.654076700011501,2.1613655487060544,-9.618106619262695,-2.1404162841796874
3.672846200002823,2.1685481536865234,-9.637858782958984,-2.1116858642578125
3.6880978000117466,2.1685481536865234,-9.607332711791992,-2.1326351287841794
3.702532900002552,2.133832229614258,-9.575010989379882,-2.118868469238281
3.7210691000218503,2.1900959686279298,-9.598953005981445,-2.1643583007812497
3.738798800011864,2.1422119354248044,-9.638457333374022,-2.137423532104492
3.755661200004397,2.1535843933105467,-9.60793126220703,-2.1416133850097654
3.7723589000233915,2.1535843933105467,-9.649829791259766,-2.1637597503662107
3.786849700001767,2.1260510742187497,-9.597157354736327,-2.1404162841796874
3.8039091000100598,2.1990742248535153,-9.67856021118164,-2.128445275878906
3.8196907000092324,2.157175695800781,-9.575010989379882,-2.1027076080322264
3.836021199997049,2.174533657836914,-9.60852981262207,-2.1595698974609374
3.851178000011714,2.1739351074218747,-9.597755905151367,-2.090138049316406
3.8713093000114895,2.1547814941406247,-9.599551556396484,-2.1685481536865234
3.889587700017728,2.1697452545166014,-9.627683425903319,-2.1158757171630858
3.905672400025651,2.1505916412353514,-9.620500820922851,-2.088940948486328
3.9208918000222184,2.1583727966308595,-9.618106619262695,-2.1260510742187497
3.938662700005807,2.1452046874999997,-9.635464581298828,-2.1314380279541014
3.956166900024982,2.1218612213134764,-9.582193594360351,-2.117671368408203
3.9710582999978215,2.1966800231933594,-9.613318215942382,-2.1499930908203124
3.9855565000034403,2.1356278808593747,-9.587580548095703,-2.128445275878906
4.000396800023736,2.1835119140624997,-9.643245736694336,-2.133233679199219
4.016458400001284,2.204461178588867,-9.63307037963867,-2.0931308013916015
4.0305134000082035,2.1829133636474607,-9.627084875488281,-2.1110873138427735
4.041814800002612,2.157175695800781,-9.574412438964844,-2.148197439575195
4.052279199997429,2.152387292480469,-9.589376199340819,-2.1164742675781247
4.064045900013298,2.1703438049316404,-9.677363110351562,-2.1254525238037107
4.0704077999980655,2.1440075866699217,-9.655815295410155,-2.1074960113525387
4.077365400007693,2.148197439575195,-9.615712417602538,-2.1110873138427735
4.083464299998013,2.1835119140624997,-9.589376199340819,-2.1326351287841794
4.091451000014786,2.1739351074218747,-9.580397943115234,-2.1344307800292968
4.098748999997042,2.1829133636474607,-9.590573300170897,-2.1206641204833985
4.106275300000561,2.1344307800292968,-9.571419686889648,-2.1320365783691404
4.114742700010538,2.1829133636474607,-9.630676177978515,-2.120065570068359
4.12376280000899,2.203862628173828,-9.618705169677733,-2.1505916412353514
4.132101499999408,2.1607669982910154,-9.649231240844726,-2.114678616333008
4.141004000004614,2.1499930908203124,-9.579200842285156,-2.127248175048828
4.148281300003873,2.1547814941406247,-9.638457333374022,-2.129043826293945
4.157479400018929,2.1344307800292968,-9.635464581298828,-2.117671368408203
4.1650519000249915,2.1452046874999997,-9.643245736694336,-2.0919337005615235
4.173184200015385,2.1440075866699217,-9.575609539794922,-2.1314380279541014
4.180701700010104,2.1966800231933594,-9.676764559936522,-2.127846725463867
4.188197300012689,2.186504666137695,-9.602544308471678,-2.142810485839844
4.195269200019538,2.193687271118164,-9.627683425903319,-2.100911956787109
4.20412639999995,2.1888988677978514,-9.562441430664062,-2.1434090362548828
4.211603900010232,2.212242333984375,-9.610924014282226,-2.1021090576171875
4.2189628000196535,2.1775264099121094,-9.59536170349121,-2.105101809692383
4.22669940002379,2.1607669982910154,-9.603741409301758,-2.137423532104492
4.2343652000126895,2.127846725463867,-9.599551556396484,-2.114678616333008
4.242019299999811,2.117072817993164,-9.622296472167967,-2.117671368408203
4.249581000010949,2.204461178588867,-9.580397943115234,-2.127248175048828
4.257140500005335,2.1434090362548828,-9.604339959716796,-2.129642376708984
4.264648100011982,2.1601684478759764,-9.588179098510741,-2.133233679199219
4.2718508999969345,2.1996727752685548,-9.622296472167967,-2.1230583221435544
4.279143000021577,2.1883003173828124,-9.59536170349121,-2.13862063293457
4.286785900010727,2.175730758666992,-9.630077627563477,-2.109890213012695
4.293929700012086,2.1535843933105467,-9.539097964477538,-2.1583727966308595
4.301138100010576,2.176329309082031,-9.62109937133789,-2.1248539733886718
4.307842400012305,2.152387292480469,-9.606135610961914,-2.1320365783691404
4.314671000000089,2.1715409057617188,-9.638457333374022,-2.0745757385253905
4.321936699998332,2.167351052856445,-9.61451531677246,-2.1068974609374997
4.328728000022238,2.1793220611572264,-9.595960253906249,-2.176329309082031
4.335639199998695,2.2062568298339844,-9.616909518432617,-2.1505916412353514
4.347428000008222,2.165555401611328,-9.597755905151367,-2.1410148345947264
4.364439700002549,2.136226431274414,-9.572018237304688,-2.136226431274414
4.3836873000254855,2.1799206115722654,-9.615712417602538,-2.1326351287841794
4.401470600016182,2.1805191619873048,-9.598354455566406,-2.1110873138427735
4.417575100000249,2.1625626495361328,-9.586981997680663,-2.1260510742187497
4.434424000006402,2.1625626495361328,-9.597157354736327,-2.1128829650878904
4.448967200005427,2.1697452545166014,-9.598354455566406,-2.110488763427734
4.464603800006444,2.164956851196289,-9.56363853149414,-2.145803237915039
4.479655700008152,2.1631611999511717,-9.583989245605467,-2.133832229614258
4.493207000021357,2.1535843933105467,-9.649231240844726,-2.1302409271240235
4.504541000002064,2.1721394561767577,-9.613318215942382,-2.1619640991210938
4.515841400017962,2.1601684478759764,-9.594164602661133,-2.138022082519531
4.527060000022175,2.1883003173828124,-9.588777648925781,-2.0919337005615235
4.538021500018658,2.1888988677978514,-9.600150106811522,-2.0943279022216794
4.550108199997339,2.15777424621582,-9.595960253906249,-2.1416133850097654
4.563443200022448,2.1799206115722654,-9.618705169677733,-2.123656872558594
4.576178900024388,2.1721394561767577,-9.605537060546874,-2.1248539733886718
4.586745900014648,2.11946701965332,-9.598354455566406,-2.1607669982910154
4.599642600020161,2.164956851196289,-9.610924014282226,-2.108693112182617
4.615822799998568,2.1733365570068357,-9.613916766357422,-2.109890213012695
4.628532900009304,2.2080524810791013,-9.579799392700195,-2.095525003051758
4.641833600006066,2.1350293304443357,-9.606135610961914,-2.1302409271240235
4.649875500006601,2.184110464477539,-9.609128363037108,-2.114080065917969
4.661003700020956,2.1918916198730467,-9.594164602661133,-2.1039047088623044
4.6674685000034515,2.15777424621582,-9.634866030883789,-2.114080065917969
4.67837259999942,2.1883003173828124,-9.631274728393555,-2.0979192047119137
4.688919300009729,2.1404162841796874,-9.643844287109374,-2.1116858642578125
4.697398200019961,2.155380044555664,-9.58339069519043,-2.1033061584472654
4.707601400004933,2.1877017669677734,-9.57620809020996,-2.1164742675781247
4.714146300015273,2.175730758666992,-9.606135610961914,-2.127846725463867
4.721851800015429,2.1888988677978514,-9.622895022583007,-2.1110873138427735
4.729594400007045,2.2086510314941403,-9.613318215942382,-2.104503259277344
4.738433500024257,2.1434090362548828,-9.618106619262695,-2.099714855957031
4.746825500013074,2.1595698974609374,-9.573813888549804,-2.079364141845703
4.760224700003164,2.148197439575195,-9.64025298461914,-2.155978594970703
4.775376600009622,2.176329309082031,-9.617508068847656,-2.1499930908203124
4.790824800002156,2.1320365783691404,-9.642647186279296,-2.1158757171630858
4.806905300007202,2.1888988677978514,-9.618106619262695,-2.129642376708984
4.827220400009537,2.203264077758789,-9.589974749755859,-2.0931308013916015
4.8495841000112705,2.15777424621582,-9.60194575805664,-2.1158757171630858
4.8732391000085045,2.164956851196289,-9.552864624023437,-2.0781670410156248
4.896030900010373,2.2008698760986327,-9.618705169677733,-2.1589713470458984
4.912101599999005,2.184110464477539,-9.617508068847656,-2.1164742675781247
4.9279914000071585,2.1398177337646485,-9.628880526733397,-2.123656872558594
4.945642900012899,2.1739351074218747,-9.631274728393555,-2.1230583221435544
4.963729000010062,2.1607669982910154,-9.589974749755859,-2.0931308013916015
4.9794947000045795,2.1697452545166014,-9.598354455566406,-2.0937293518066404
4.997545899997931,2.1643583007812497,-9.602544308471678,-2.1027076080322264
5.013883300009184,2.1589713470458984,-9.572616787719726,-2.1619640991210938
5.027884100010851,2.1835119140624997,-9.604339959716796,-2.1122844146728514
5.0415229000209365,2.1835119140624997,-9.59536170349121,-2.0883423980712887
5.058142699999735,2.1715409057617188,-9.632471829223633,-2.126649624633789
5.073594400018919,2.1505916412353514,-9.592967501831055,-2.1487959899902345
5.088260700023966,2.1625626495361328,-9.604938510131836,-2.0883423980712887
5.100368700019317,2.1452046874999997,-9.639055883789062,-2.1039047088623044
5.1162387000222225,2.156577145385742,-9.6151138671875,-2.1212626708984375
5.133973000018159,2.2110452331542967,-9.619303720092773,-2.080561242675781
5.15097750001587,2.1631611999511717,-9.603142858886718,-2.146401788330078
5.168289300025208,2.128445275878906,-9.61451531677246,-2.1074960113525387
5.182377899996936,2.1613655487060544,-9.604339959716796,-2.129043826293945
5.194157899997663,2.1607669982910154,-9.594164602661133,-2.123656872558594
5.212304700020468,2.133832229614258,-9.624690673828125,-2.1218612213134764
5.2234214000054635,2.148197439575195,-9.598354455566406,-2.1224597717285154
5.236614399997052,2.1613655487060544,-9.6013472076416,-2.1487959899902345
5.24985540000489,2.156577145385742,-9.581595043945311,-2.1218612213134764
5.264274000015575,2.133832229614258,-9.604339959716796,-2.1134815155029294
5.279297800007043,2.185906115722656,-9.584587796020507,-2.1535843933105467
5.2952591000066604,2.120065570068359,-9.598354455566406,-2.1206641204833985
5.313952500000596,2.147598889160156,-9.594164602661133,-2.124255422973633
5.3304646000033244,2.1499930908203124,-9.591171850585937,-2.133832229614258
5.345947200024966,2.15777424621582,-9.550470422363281,-2.1015105072021485
5.368279300018912,2.166153952026367,-9.550470422363281,-2.1452046874999997
5.3889483000093605,2.194285821533203,-9.606135610961914,-2.114678616333008
5.411226000025636,2.1547814941406247,-9.599551556396484,-2.117072817993164
5.430752100015525,2.193687271118164,-9.630077627563477,-2.0733786376953125
5.451419200020609,2.2272060943603513,-9.610325463867188,-2.104503259277344
5.4715577000170015,2.1972785736083984,-9.586981997680663,-2.1302409271240235
5.491638500010595,2.2014684265136717,-9.59476315307617,-2.099116305541992
5.5094747000257485,2.1302409271240235,-9.597755905151367,-2.1158757171630858
5.526550700014923,2.166752502441406,-9.612719665527344,-2.136824981689453
5.54188360000262,2.133233679199219,-9.619902270507811,-2.114080065917969
5.562066400016192,2.184110464477539,-9.631873278808593,-2.120065570068359
5.5821820000128355,2.1547814941406247,-9.600748657226562,-2.108693112182617
5.60146689999965,2.1697452545166014,-9.619902270507811,-2.1350293304443357
5.617870400019456,2.156577145385742,-9.625887774658203,-2.1308394775390624
5.627065200009383,2.214636535644531,-9.605537060546874,-2.099116305541992
5.635046600014903,2.213439434814453,-9.558850128173827,-2.1218612213134764
5.643198100005975,2.147000338745117,-9.619902270507811,-2.1607669982910154
5.6510516999987885,2.185906115722656,-9.592967501831055,-2.13862063293457
5.660966700001154,2.1619640991210938,-9.606135610961914,-2.108094561767578
5.669154100003652,2.1517887420654294,-9.615712417602538,-2.118868469238281
5.677545100013958,2.1589713470458984,-9.60852981262207,-2.120065570068359
5.685915700014448,2.1643583007812497,-9.62109937133789,-2.109291662597656
5.699209900019923,2.1888988677978514,-9.573813888549804,-2.155978594970703
5.720035500009544,2.2008698760986327,-9.648034140014648,-2.118269918823242
5.737581800000044,2.166153952026367,-9.615712417602538,-2.1398177337646485
5.751082900009351,2.1517887420654294,-9.603741409301758,-2.164956851196289
5.757951300009154,2.2026655273437497,-9.589974749755859,-2.1487959899902345
5.764882000017678,2.1260510742187497,-9.578602291870117,-2.104503259277344
5.7728576000081375,2.157175695800781,-9.60793126220703,-2.155978594970703
5.780714900000021,2.1733365570068357,-9.631873278808593,-2.1206641204833985
5.788838600012241,2.1320365783691404,-9.613916766357422,-2.118868469238281
5.79691490001278,2.1589713470458984,-9.560645779418945,-2.1416133850097654
5.805386599997291,2.136226431274414,-9.610325463867188,-2.105700360107422
5.813763900019694,2.128445275878906,-9.605537060546874,-2.105101809692383
5.821840999997221,2.1505916412353514,-9.654618194580078,-2.146401788330078
5.830732900009025,2.1625626495361328,-9.626486325073241,-2.1613655487060544
5.839639000012539,2.1595698974609374,-9.606135610961914,-2.128445275878906
5.8493439000158105,2.1739351074218747,-9.60852981262207,-2.105700360107422
5.862928300019121,2.145803237915039,-9.59476315307617,-2.114678616333008
5.87477840000065,2.1350293304443357,-9.60194575805664,-2.156577145385742
5.886242200009292,2.1912930694580077,-9.626486325073241,-2.1643583007812497
5.8976121000014246,2.1314380279541014,-9.625289224243163,-2.139219183349609
5.908206300024176,2.147598889160156,-9.575010989379882,-2.127846725463867
5.917266900010873,2.1422119354248044,-9.572018237304688,-2.1074960113525387
5.926561800006311,2.174533657836914,-9.549871871948241,-2.1787235107421874
5.9355833000154234,2.1733365570068357,-9.578003741455078,-2.117072817993164
5.9500313000171445,2.123656872558594,-9.64683703918457,-2.1224597717285154
5.962021400016965,2.2116437835693357,-9.548076220703125,-2.1715409057617188
5.974447300017346,2.157175695800781,-9.602544308471678,-2.1416133850097654
5.988671300001442,2.1356278808593747,-9.63307037963867,-2.1206641204833985
6.003813200019067,2.1631611999511717,-9.627084875488281,-2.1326351287841794
6.016748100024415,2.1398177337646485,-9.581595043945311,-2.114080065917969
6.0300742000108585,2.1721394561767577,-9.595960253906249,-2.123656872558594
6.042442800011486,2.133233679199219,-9.6013472076416,-2.1487959899902345
6.0542147000087425,2.1805191619873048,-9.624092123413085,-2.0823568939208985
6.065416500001447,2.1709423553466793,-9.616909518432617,-2.1224597717285154
6.07609830002184,2.1517887420654294,-9.574412438964844,-2.1218612213134764
6.083414000022458,2.1733365570068357,-9.613318215942382,-2.1434090362548828
6.091182500007562,2.166153952026367,-9.60793126220703,-2.1308394775390624
6.099302200018428,2.1817162628173827,-9.658808047485351,-2.0967221038818358
6.106788400007645,2.1823148132324217,-9.622296472167967,-2.128445275878906
6.113474300014786,2.1547814941406247,-9.609128363037108,-2.127846725463867
6.121171600010712,2.164956851196289,-9.6013472076416,-2.136824981689453
6.129764500015881,2.129043826293945,-9.56962403564453,-2.1410148345947264
6.135680100007448,2.176329309082031,-9.591770401000977,-2.126649624633789
6.142261800006963,2.142810485839844,-9.586383447265625,-2.114678616333008
6.150604900001781,2.175132208251953,-9.583989245605467,-2.109890213012695
6.1566783000016585,2.1990742248535153,-9.55705447692871,-2.146401788330078
6.163457300019218,2.1984756744384764,-9.589974749755859,-2.1164742675781247
6.169880800007377,2.1703438049316404,-9.604938510131836,-2.128445275878906
6.176684900012333,2.157175695800781,-9.600150106811522,-2.126649624633789
6.183837000018684,2.1811177124023438,-9.600748657226562,-2.1212626708984375
6.190517000010004,2.193687271118164,-9.629479077148437,-2.110488763427734
6.196709900017595,2.166752502441406,-9.578003741455078,-2.1206641204833985
6.203025900002103,2.1637597503662107,-9.592967501831055,-2.1062989105224608
6.2106007000256795,2.1344307800292968,-9.60793126220703,-2.1158757171630858
6.2185108000121545,2.1619640991210938,-9.620500820922851,-2.129043826293945
6.226961800013669,2.166752502441406,-9.595960253906249,-2.133832229614258
6.233076500007883,2.1499930908203124,-9.619303720092773,-2.090736599731445
6.241166500025429,2.1446061370849607,-9.588179098510741,-2.108693112182617
6.254538600012893,2.2086510314941403,-9.600150106811522,-2.114678616333008
6.269569000025513,2.164956851196289,-9.59536170349121,-2.114080065917969
6.288975900009973,2.1739351074218747,-9.64623848876953,-2.145803237915039
6.3095901000197046,2.15777424621582,-9.615712417602538,-2.1493945404052734
6.328494300018065,2.155978594970703,-9.60852981262207,-2.11946701965332
6.344798200007062,2.152387292480469,-9.597755905151367,-2.1218612213134764
6.362626700021792,2.1906945190429687,-9.551667523193359,-2.110488763427734
6.382484000001568,2.1817162628173827,-9.643245736694336,-2.139219183349609
6.401750999997603,2.1517887420654294,-9.625887774658203,-2.133233679199219
6.424532700009877,2.1715409057617188,-9.60194575805664,-2.126649624633789
6.448654300009366,2.166153952026367,-9.613916766357422,-2.11946701965332
6.468454600020777,2.175132208251953,-9.625289224243163,-2.1487959899902345
6.488080700015416,2.1493945404052734,-9.599551556396484,-2.1446061370849607
6.508814300002996,2.1434090362548828,-9.586981997680663,-2.136824981689453
6.5301714000233915,2.185307565307617,-9.619303720092773,-2.157175695800781
6.545274700009031,2.148197439575195,-9.59536170349121,-2.133233679199219
6.559597400017083,2.1517887420654294,-9.609726913452148,-2.1152771667480468
6.574268700001994,2.176329309082031,-9.573813888549804,-2.136226431274414
6.588685299997451,2.1883003173828124,-9.596558804321289,-2.108693112182617
6.604969200008782,2.1027076080322264,-9.623493572998047,-2.1511901916503904
6.6192792000074405,2.120065570068359,-9.610924014282226,-2.1212626708984375
6.6342386000033,2.175730758666992,-9.624092123413085,-2.1452046874999997
6.650965600012569,2.1493945404052734,-9.631274728393555,-2.127846725463867
6.669997700024396,2.156577145385742,-9.6151138671875,-2.138022082519531
6.688332400022773,2.1894974182128903,-9.573215338134766,-2.1356278808593747
6.707493100024294,2.1021090576171875,-9.598354455566406,-2.1158757171630858
6.72358710001572,2.1224597717285154,-9.635464581298828,-2.1254525238037107
6.742237500002375,2.1541829437255857,-9.580397943115234,-2.1206641204833985
6.761328200023854,2.1877017669677734,-9.654019644165038,-2.105101809692383
6.784177399997134,2.17692785949707,-9.626486325073241,-2.133832229614258
6.808991700003389,2.133832229614258,-9.585784896850585,-2.110488763427734
6.828128599998308,2.157175695800781,-9.607332711791992,-2.118868469238281
6.845825199998217,2.146401788330078,-9.649231240844726,-2.1446061370849607
6.865091500018025,2.1679496032714844,-9.625289224243163,-2.123656872558594
6.885140700003831,2.1398177337646485,-9.61451531677246,-2.117072817993164
6.9032464000047185,2.1619640991210938,-9.612121115112304,-2.1021090576171875
6.923374500009231,2.137423532104492,-9.611522564697266,-2.1547814941406247
6.942125800007489,2.1493945404052734,-9.612121115112304,-2.136824981689453
6.958520400017733,2.1511901916503904,-9.582193594360351,-2.100911956787109
6.976088600000367,2.1493945404052734,-9.6013472076416,-2.136226431274414
6.99790810002014,2.1487959899902345,-9.624092123413085,-2.1128829650878904
7.014790400018683,2.0835539947509765,-9.60793126220703,-2.147598889160156
7.029683300002944,2.1631611999511717,-9.59476315307617,-2.1206641204833985
7.043654200009769,2.1918916198730467,-9.615712417602538,-2.100911956787109
7.059079800004838,2.1703438049316404,-9.609128363037108,-2.1015105072021485
7.0758124999993015,2.133233679199219,-9.66000514831543,-2.126649624633789
7.094063399999868,2.174533657836914,-9.59536170349121,-2.109890213012695
7.107820700010052,2.1511901916503904,-9.642048635864258,-2.136226431274414
7.12681870002416,2.1487959899902345,-9.59476315307617,-2.1122844146728514
7.1412283000245225,2.1781249603271484,-9.583989245605467,-2.110488763427734
7.157113200024469,2.1487959899902345,-9.591770401000977,-2.1499930908203124
7.173085300019011,2.1344307800292968,-9.622895022583007,-2.1122844146728514
7.186081000021659,2.176329309082031,-9.623493572998047,-2.1493945404052734
7.199099100020248,2.175730758666992,-9.6013472076416,-2.110488763427734
7.216621700004907,2.1607669982910154,-9.551667523193359,-2.1164742675781247
7.233979500015266,2.1787235107421874,-9.635464581298828,-2.1062989105224608
7.251771100010956,2.1404162841796874,-9.637260232543944,-2.167351052856445
7.268936300009955,2.152387292480469,-9.607332711791992,-2.133832229614258
7.290476699999999,2.1799206115722654,-9.58279214477539,-2.100911956787109
7.306499400001485,2.212840884399414,-9.576806640625,-2.114678616333008
7.316766700008884,2.1589713470458984,-9.623493572998047,-2.1260510742187497
7.325986600015312,2.185307565307617,-9.58279214477539,-2.124255422973633
7.336995300021954,2.15777424621582,-9.616909518432617,-2.1110873138427735
7.353832699998748,2.1619640991210938,-9.6013472076416,-2.1021090576171875
7.369366200000513,2.1499930908203124,-9.636063131713867,-2.1607669982910154
7.383756199997151,2.1404162841796874,-9.592368951416015,-2.1404162841796874
7.398807600024156,2.1410148345947264,-9.627683425903319,-2.0973206542968748
7.4147826000116765,2.1505916412353514,-9.622296472167967,-2.1446061370849607
7.430509300000267,2.2098481323242187,-9.59476315307617,-2.1206641204833985
7.444881600007648,2.186504666137695,-9.591770401000977,-2.147598889160156
7.459989399998449,2.1625626495361328,-9.622895022583007,-2.1344307800292968
7.474814000015613,2.1691467041015624,-9.632471829223633,-2.127248175048828
7.489778200018918,2.1416133850097654,-9.619902270507811,-2.147598889160156
7.506501800002297,2.1212626708984375,-9.60793126220703,-2.127248175048828
7.521767600002931,2.1452046874999997,-9.603142858886718,-2.1350293304443357
7.537435200007167,2.184110464477539,-9.637858782958984,-2.1027076080322264
7.5538868000148796,2.1823148132324217,-9.67856021118164,-2.136226431274414
7.567785500024911,2.1015105072021485,-9.645639938354492,-2.1302409271240235
7.580013400001917,2.1505916412353514,-9.603741409301758,-2.105700360107422
7.589491999999154,2.175132208251953,-9.600748657226562,-2.1320365783691404
7.595775300025707,2.1505916412353514,-9.62169792175293,-2.126649624633789
7.603366100025596,2.147598889160156,-9.593566052246093,-2.127846725463867
7.610589300020365,2.155380044555664,-9.618705169677733,-2.1128829650878904
7.617379600007553,2.166153952026367,-9.60194575805664,-2.1128829650878904
7.624666300020181,2.1877017669677734,-9.591770401000977,-2.1116858642578125
7.63291830001981,2.1978771240234374,-9.597755905151367,-2.1505916412353514
7.645777400000952,2.136824981689453,-9.63366893005371,-2.0644003814697265
7.659845600021072,2.1493945404052734,-9.643245736694336,-2.1350293304443357
7.673072300007334,2.19608147277832,-9.60852981262207,-2.1027076080322264
7.690197500021895,2.1440075866699217,-9.627683425903319,-2.114080065917969
7.7048846000107005,2.1230583221435544,-9.6396544342041,-2.1440075866699217
7.723675800021738,2.142810485839844,-9.586383447265625,-2.127248175048828
7.742026899999473,2.166752502441406,-9.635464581298828,-2.139219183349609
7.7598329000175,2.142810485839844,-9.619303720092773,-2.1517887420654294
7.778575500007719,2.1625626495361328,-9.55705447692871,-2.114080065917969
7.796507200022461,2.1116858642578125,-9.604339959716796,-2.1410148345947264
7.814262500003679,2.1817162628173827,-9.612121115112304,-2.100911956787109
7.834003099997062,2.1643583007812497,-9.623493572998047,-2.118269918823242
7.853835900023114,2.1619640991210938,-9.611522564697266,-2.1224597717285154
7.871342300000833,2.1703438049316404,-9.62169792175293,-2.1487959899902345
7.8944451000133995,2.108094561767578,-9.53790086364746,-2.1452046874999997
7.912977900006808,2.1787235107421874,-9.625289224243163,-2.1068974609374997
7.930183800024679,2.17692785949707,-9.648034140014648,-2.0883423980712887
7.946943100017961,2.148197439575195,-9.642048635864258,-2.1074960113525387
7.968980700010434,2.174533657836914,-9.591770401000977,-2.147598889160156
7.98416150000412,2.108094561767578,-9.632471829223633,-2.139219183349609
7.999793700000737,2.1613655487060544,-9.600748657226562,-2.137423532104492
8.012855800014222,2.1787235107421874,-9.60852981262207,-2.1308394775390624
8.028224300011061,2.136226431274414,-9.630077627563477,-2.133233679199219
8.04626190001727,2.136226431274414,-9.645041387939452,-2.136226431274414
8.063479700009339,2.174533657836914,-9.595960253906249,-2.1152771667480468
8.080569700017804,2.166752502441406,-9.595960253906249,-2.1320365783691404
8.094611600012286,2.175132208251953,-9.619902270507811,-2.1398177337646485
8.11206569999922,2.2014684265136717,-9.589974749755859,-2.0931308013916015
8.126628700003494,2.1811177124023438,-9.575010989379882,-2.105101809692383
8.143263800011482,2.167351052856445,-9.59476315307617,-2.117072817993164
8.154584700008854,2.118269918823242,-9.626486325073241,-2.136824981689453
8.167592300014803,2.156577145385742,-9.593566052246093,-2.104503259277344
8.182570600009058,2.195482922363281,-9.580397943115234,-2.1110873138427735
8.199938700010534,2.148197439575195,-9.616310968017578,-2.146401788330078
8.217634900007397,2.1517887420654294,-9.624092123413085,-2.129642376708984
8.236209100025008,2.1625626495361328,-9.613318215942382,-2.147000338745117
8.251830000022892,2.166752502441406,-9.599551556396484,-2.0823568939208985
8.261996700020973,2.185906115722656,-9.61451531677246,-2.118868469238281
8.267313999996986,2.1703438049316404,-9.612719665527344,-2.15777424621582
8.27814410001156,2.1900959686279298,-9.619902270507811,-2.1398177337646485
8.288525100011611,2.147598889160156,-9.567828384399414,-2.1134815155029294
8.300655700004427,2.185906115722656,-9.600150106811522,-2.142810485839844
8.310655800014501,2.147000338745117,-9.637858782958984,-2.1416133850097654
8.322303699998884,2.19608147277832,-9.624092123413085,-2.1212626708984375
8.335980700008804,2.1721394561767577,-9.60194575805664,-2.1308394775390624
8.348111600003904,2.126649624633789,-9.602544308471678,-2.1308394775390624
8.356998000002932,2.1511901916503904,-9.61451531677246,-2.1398177337646485
8.364675999997417,2.1900959686279298,-9.578602291870117,-2.0931308013916015
8.374006400001235,2.1595698974609374,-9.610325463867188,-2.0967221038818358
8.385346199997002,2.1511901916503904,-9.638457333374022,-2.1697452545166014
8.393514600000344,2.1733365570068357,-9.6151138671875,-2.1529858428955078
8.400505400000839,2.1601684478759764,-9.59536170349121,-2.109890213012695
8.411032500007423,2.2014684265136717,-9.588777648925781,-2.117072817993164
8.422314100025687,2.1487959899902345,-9.632471829223633,-2.1493945404052734
8.441175000014482,2.155380044555664,-9.572616787719726,-2.152387292480469
8.464039200014668,2.1547814941406247,-9.593566052246093,-2.1062989105224608
8.487279499997385,2.1877017669677734,-9.586981997680663,-2.109291662597656
8.507664500008104,2.1835119140624997,-9.631873278808593,-2.1248539733886718
8.53163250000216,2.136226431274414,-9.635464581298828,-2.1410148345947264
8.5510762000049,2.1721394561767577,-9.582193594360351,-2.1230583221435544
8.567516300012358,2.1613655487060544,-9.600748657226562,-2.129642376708984
8.583670400024857,2.1619640991210938,-9.604938510131836,-2.1302409271240235
8.606142800010275,2.1583727966308595,-9.64623848876953,-2.0967221038818358
8.623124700010521,2.1625626495361328,-9.606135610961914,-2.1619640991210938
8.641839500021888,2.17692785949707,-9.60852981262207,-2.133233679199219
8.663197200017748,2.1344307800292968,-9.58339069519043,-2.137423532104492
8.687093300017295,2.157175695800781,-9.612121115112304,-2.1134815155029294
8.70957940001972,2.1685481536865234,-9.619303720092773,-2.152387292480469
8.736130700010108,2.1517887420654294,-9.606734161376952,-2.1134815155029294
8.762961500004167,2.1404162841796874,-9.622895022583007,-2.110488763427734
8.781540000025416,2.1691467041015624,-9.579200842285156,-2.1607669982910154
8.795646200014744,2.1595698974609374,-9.582193594360351,-2.099116305541992
8.81150370000978,2.1739351074218747,-9.585784896850585,-2.1679496032714844
8.826187900005607,2.1685481536865234,-9.586981997680663,-2.167351052856445
8.840158900013193,2.142810485839844,-9.627683425903319,-2.11946701965332
8.852974700013874,2.1344307800292968,-9.649231240844726,-2.117072817993164
8.86144070001319,2.1619640991210938,-9.619303720092773,-2.1230583221435544
8.868443400016986,2.1440075866699217,-9.630077627563477,-2.1493945404052734
8.87575140001718,2.1308394775390624,-9.613916766357422,-2.1314380279541014
8.883955099998275,2.146401788330078,-9.625887774658203,-2.136824981689453
8.892058900004486,2.1589713470458984,-9.605537060546874,-2.108094561767578
8.899724300019443,2.148197439575195,-9.580996493530273,-2.124255422973633
8.907261500018649,2.213439434814453,-9.62169792175293,-2.1128829650878904
8.914936300017871,2.155978594970703,-9.59476315307617,-2.1062989105224608
8.922751200007042,2.1883003173828124,-9.57022258605957,-2.1398177337646485
8.930351600021822,2.126649624633789,-9.64623848876953,-2.1224597717285154
8.936487800005125,2.1535843933105467,-9.628281976318359,-2.15777424621582
8.94286180002382,2.1691467041015624,-9.58339069519043,-2.1715409057617188
8.949372600007337,2.1248539733886718,-9.613916766357422,-2.1212626708984375
8.957540900009917,2.1637597503662107,-9.598953005981445,-2.108693112182617
8.965001400007168,2.1446061370849607,-9.600150106811522,-2.105700360107422
8.972618200001307,2.1703438049316404,-9.599551556396484,-2.1493945404052734
8.97994540000218,2.138022082519531,-9.59476315307617,-2.117671368408203
8.986716900020838,2.1966800231933594,-9.597755905151367,-2.1308394775390624
8.996575099998154,2.146401788330078,-9.597755905151367,-2.1062989105224608
9.006561700021848,2.1733365570068357,-9.612121115112304,-2.1314380279541014
9.014747000008356,2.1021090576171875,-9.667187753295899,-2.129642376708984
9.023642800020752,2.1817162628173827,-9.619902270507811,-2.1128829650878904
9.034616700024344,2.1625626495361328,-9.643844287109374,-2.1607669982910154
9.050705400004517,2.1446061370849607,-9.60194575805664,-2.118868469238281
9.067877499997849,2.194884371948242,-9.575010989379882,-2.1308394775390624
9.08324249999714,2.1739351074218747,-9.599551556396484,-2.1218612213134764
9.10039050001069,2.166752502441406,-9.655216744995117,-2.1356278808593747
9.12098230002448,2.203264077758789,-9.560645779418945,-2.1499930908203124
9.138071900000796,2.1888988677978514,-9.598354455566406,-2.1224597717285154
9.152071300020907,2.1344307800292968,-9.595960253906249,-2.147598889160156
9.166857500007609,2.1440075866699217,-9.625289224243163,-2.123656872558594
9.182213500025682,2.1691467041015624,-9.586981997680663,-2.1039047088623044
9.195609400019748,2.2104466827392577,-9.583989245605467,-2.13862063293457
9.215217600023607,2.1511901916503904,-9.581595043945311,-2.133832229614258
9.231038900004933,2.1613655487060544,-9.585784896850585,-2.098517755126953
9.244888900022488,2.1691467041015624,-9.630077627563477,-2.1452046874999997
9.258006900025066,2.1691467041015624,-9.605537060546874,-2.1302409271240235
9.274007200001506,2.1535843933105467,-9.627683425903319,-2.117671368408203
9.289364600001136,2.1320365783691404,-9.59476315307617,-2.1326351287841794
9.304431600001408,2.1966800231933594,-9.604339959716796,-2.136824981689453
9.31970100000035,2.1434090362548828,-9.613916766357422,-2.0931308013916015
9.33243430001312,2.1799206115722654,-9.625887774658203,-2.126649624633789
9.342427299998235,2.1781249603271484,-9.623493572998047,-2.100911956787109
9.351148100016871,2.1404162841796874,-9.591770401000977,-2.1224597717285154
9.366073500015773,2.175132208251953,-9.594164602661133,-2.1218612213134764
9.379968799999915,2.174533657836914,-9.586981997680663,-2.1517887420654294
9.387649800017243,2.1535843933105467,-9.60194575805664,-2.108094561767578
9.396093600022141,2.1529858428955078,-9.603741409301758,-2.10031340637207
9.40571020002244,2.1446061370849607,-9.654019644165038,-2.1697452545166014
9.412490600021556,2.1685481536865234,-9.606135610961914,-2.120065570068359
9.420578700024635,2.1122844146728514,-9.584587796020507,-2.108094561767578
9.427533100009896,2.166153952026367,-9.612719665527344,-2.0937293518066404
9.440722600003937,2.136226431274414,-9.561244329833984,-2.127846725463867
9.447737100010272,2.155380044555664,-9.576806640625,-2.1493945404052734
9.4552537999989,2.1583727966308595,-9.565434182739256,-2.1248539733886718
9.46432850000565,2.184110464477539,-9.6396544342041,-2.139219183349609
9.471421599999303,2.155380044555664,-9.63366893005371,-2.138022082519531
9.481589800008805,2.1805191619873048,-9.627084875488281,-2.137423532104492
9.489870800025528,2.166153952026367,-9.605537060546874,-2.127248175048828
9.499764300009701,2.1583727966308595,-9.591171850585937,-2.129043826293945
9.508988100016722,2.1601684478759764,-9.586981997680663,-2.129642376708984
9.516458600002807,2.1685481536865234,-9.606135610961914,-2.090138049316406
9.523140100005548,2.1493945404052734,-9.61451531677246,-2.1230583221435544
9.529593400016893,2.1697452545166014,-9.624690673828125,-2.1314380279541014
9.535544000013033,2.1679496032714844,-9.6396544342041,-2.1039047088623044
9.5421962000255,2.1625626495361328,-9.609128363037108,-2.105101809692383
9.548489400011022,2.2098481323242187,-9.604938510131836,-2.099714855957031
9.555781200004276,2.1499930908203124,-9.609726913452148,-2.1434090362548828
9.562529600021662,2.2092495819091797,-9.619902270507811,-2.1248539733886718
9.570441700023366,2.1517887420654294,-9.609128363037108,-2.1074960113525387
9.58478620002279,2.1811177124023438,-9.627084875488281,-2.1434090362548828
9.598215900012292,2.1685481536865234,-9.591171850585937,-2.1218612213134764
9.608560699998634,2.2080524810791013,-9.634866030883789,-2.120065570068359
9.620353100006469,2.185906115722656,-9.588179098510741,-2.104503259277344
9.632647799997358,2.1871032165527344,-9.592368951416015,-2.133233679199219
9.643089200020768,2.1709423553466793,-9.591171850585937,-2.1128829650878904
9.65238130002399,2.2110452331542967,-9.61451531677246,-2.1344307800292968
9.661599700018996,2.1499930908203124,-9.60793126220703,-2.1230583221435544
9.66759510000702,2.1619640991210938,-9.578602291870117,-2.1033061584472654
9.674260400002822,2.175132208251953,-9.616310968017578,-2.1493945404052734
9.681480800005374,2.193687271118164,-9.599551556396484,-2.094926452636719
9.688078900013352,2.1440075866699217,-9.60194575805664,-2.1308394775390624
9.693249900010414,2.1835119140624997,-9.616310968017578,-2.157175695800781
9.698785400018096,2.195482922363281,-9.610325463867188,-2.1260510742187497
9.70484000002034,2.1805191619873048,-9.607332711791992,-2.166153952026367
9.712146800011396,2.1811177124023438,-9.616310968017578,-2.1260510742187497
9.718811200000346,2.164956851196289,-9.625289224243163,-2.1218612213134764
9.725251099996967,2.1799206115722654,-9.598354455566406,-2.1314380279541014
9.732233800023096,2.136226431274414,-9.580397943115234,-2.120065570068359
9.738144700007979,2.1487959899902345,-9.59476315307617,-2.1452046874999997
9.74611440001172,2.1643583007812497,-9.625887774658203,-2.1039047088623044
9.75333230002434,2.1978771240234374,-9.604339959716796,-2.1404162841796874
9.760592400009045,2.1739351074218747,-9.618705169677733,-2.1350293304443357
9.768451500014635,2.1404162841796874,-9.630676177978515,-2.081758343505859
9.776754799997434,2.1535843933105467,-9.591171850585937,-2.1625626495361328
9.78773480001837,2.17692785949707,-9.638457333374022,-2.095525003051758
9.800459200021578,2.152387292480469,-9.607332711791992,-2.1308394775390624
9.813540500006638,2.136824981689453,-9.596558804321289,-2.1493945404052734
9.825730900018243,2.1356278808593747,-9.586383447265625,-2.118868469238281
9.834510800021235,2.1679496032714844,-9.626486325073241,-2.094926452636719
9.840574300003937,2.147598889160156,-9.586383447265625,-2.110488763427734
9.84624030001578,2.1697452545166014,-9.578003741455078,-2.1398177337646485
9.851308700017398,2.212242333984375,-9.626486325073241,-2.127846725463867
9.860075100004906,2.2116437835693357,-9.617508068847656,-2.117072817993164
9.869462100003147,2.1595698974609374,-9.599551556396484,-2.1505916412353514
9.880751800024882,2.1823148132324217,-9.642048635864258,-2.099116305541992
9.893518900003983,2.147598889160156,-9.599551556396484,-2.0883423980712887
9.90714460000163,2.1775264099121094,-9.600748657226562,-2.1033061584472654
9.919653600023594,2.1625626495361328,-9.627683425903319,-2.133832229614258
9.93339510000078,2.137423532104492,-9.581595043945311,-2.1206641204833985
9.945987500017509,2.185307565307617,-9.562441430664062,-2.1607669982910154
9.958993500011275,2.1781249603271484,-9.591770401000977,-2.1260510742187497
9.971337100025266,2.214037985229492,-9.627084875488281,-2.1134815155029294
9.97838500002399,2.1493945404052734,-9.595960253906249,-2.109890213012695
9.984064700023737,2.1416133850097654,-9.628281976318359,-2.1062989105224608
9.989843400020618,2.152387292480469,-9.622296472167967,-2.1110873138427735
9.995333099999698,2.156577145385742,-9.630676177978515,-2.120065570068359
10.0007886000094,2.1595698974609374,-9.59476315307617,-2.094926452636719
10.00622999999905,2.1511901916503904,-9.631274728393555,-2.1206641204833985
10.011428099998739,2.1685481536865234,-9.620500820922851,-2.117671368408203
10.016590500017628,2.1835119140624997,-9.593566052246093,-2.1128829650878904
10.021681200014427,2.1446061370849607,-9.62169792175293,-2.148197439575195
10.030940500000725,2.2026655273437497,-9.624092123413085,-2.1230583221435544
10.037357499997597,2.175730758666992,-9.616310968017578,-2.1452046874999997
10.042265000025509,2.1709423553466793,-9.594164602661133,-2.1487959899902345
10.051931800000602,2.1583727966308595,-9.622296472167967,-2.1152771667480468
10.063102800020715,2.1398177337646485,-9.598354455566406,-2.1206641204833985
10.077342800010229,2.166153952026367,-9.625289224243163,-2.109291662597656
10.09054480001214,2.136824981689453,-9.625289224243163,-2.1709423553466793
10.10565160002443,2.1835119140624997,-9.600748657226562,-2.1033061584472654
10.120610000012675,2.142810485839844,-9.603741409301758,-2.127248175048828
10.130101200018544,2.1607669982910154,-9.631274728393555,-2.1302409271240235
10.141971100005321,2.1996727752685548,-9.62109937133789,-2.1218612213134764
10.154400200000964,2.2110452331542967,-9.609726913452148,-2.109890213012695
10.166096900007688,2.13862063293457,-9.60793126220703,-2.137423532104492
10.177729100018041,2.1703438049316404,-9.60793126220703,-2.1248539733886718
10.183881700009806,2.2020669769287107,-9.583989245605467,-2.13862063293457
10.192869100021198,2.1739351074218747,-9.640851535034178,-2.105101809692383
10.20164549999754,2.1817162628173827,-9.637260232543944,-2.148197439575195
10.21065200000885,2.19608147277832,-9.637260232543944,-2.1230583221435544
10.220521800016286,2.123656872558594,-9.6151138671875,-2.0967221038818358
10.231356800009962,2.146401788330078,-9.607332711791992,-2.1152771667480468
10.24482240001089,2.1739351074218747,-9.600150106811522,-2.123656872558594
10.257502499996917,2.156577145385742,-9.604938510131836,-2.1775264099121094
10.268486800021492,2.17692785949707,-9.589376199340819,-2.1326351287841794
10.28136630001245,2.1637597503662107,-9.618705169677733,-2.118269918823242
10.293171299999813,2.1727380065917967,-9.632471829223633,-2.1308394775390624
10.303269900003215,2.1715409057617188,-9.626486325073241,-2.117671368408203
10.310751200013328,2.1446061370849607,-9.594164602661133,-2.133233679199219
10.317240400006995,2.1511901916503904,-9.637260232543944,-2.148197439575195
10.324960199999623,2.1356278808593747,-9.610924014282226,-2.117072817993164
10.332704600004945,2.1739351074218747,-9.611522564697266,-2.1074960113525387
10.342361300019547,2.147000338745117,-9.65342109375,-2.11946701965332
10.348999600013485,2.1679496032714844,-9.630676177978515,-2.1350293304443357
10.360954800009495,2.142810485839844,-9.602544308471678,-2.087145297241211
10.372269000014057,2.1607669982910154,-9.617508068847656,-2.155380044555664
10.383155600022292,2.1924901702880857,-9.606135610961914,-2.129043826293945
10.393328300007852,2.128445275878906,-9.625289224243163,-2.1158757171630858
10.40144810001948,2.1511901916503904,-9.64025298461914,-2.1021090576171875
10.408980200008955,2.1709423553466793,-9.622296472167967,-2.117671368408203
10.415577300009318,2.1416133850097654,-9.604938510131836,-2.1398177337646485
10.423738700017566,2.167351052856445,-9.58279214477539,-2.1110873138427735
10.43086970000877,2.1679496032714844,-9.58279214477539,-2.095525003051758
10.439258700003847,2.1404162841796874,-9.631274728393555,-2.1015105072021485
10.449964700004784,2.1517887420654294,-9.572018237304688,-2.0931308013916015
10.458480400004191,2.1529858428955078,-9.617508068847656,-2.128445275878906
10.469378700014204,2.1793220611572264,-9.651026892089844,-2.1446061370849607
10.478724700020393,2.1529858428955078,-9.604339959716796,-2.124255422973633
10.490360499999952,2.1487959899902345,-9.589974749755859,-2.1230583221435544
10.498969800013583,2.175132208251953,-9.591171850585937,-2.118868469238281
10.507880999997724,2.1434090362548828,-9.580996493530273,-2.117072817993164
10.516393300000345,2.1835119140624997,-9.611522564697266,-2.114678616333008
10.524359100003494,2.1990742248535153,-9.615712417602538,-2.10031340637207
10.531950500007952,2.155978594970703,-9.603142858886718,-2.147000338745117
10.538660300022457,2.1679496032714844,-9.615712417602538,-2.1344307800292968
10.544067000009818,2.1775264099121094,-9.631274728393555,-2.081758343505859
10.551680700009456,2.1422119354248044,-9.566631283569336,-2.1356278808593747
10.5580732000235,2.142810485839844,-9.594164602661133,-2.126649624633789
10.56395180002437,2.17692785949707,-9.578602291870117,-2.124255422973633
10.569933999999193,2.1888988677978514,-9.588777648925781,-2.1224597717285154
10.578409000008833,2.155380044555664,-9.65342109375,-2.129043826293945
10.587216600019019,2.176329309082031,-9.602544308471678,-2.133233679199219
10.594792800024152,2.1218612213134764,-9.569025485229492,-2.1344307800292968
10.603817199997138,2.1883003173828124,-9.593566052246093,-2.1212626708984375
10.611123700015014,2.155978594970703,-9.586383447265625,-2.1230583221435544
10.618996400007745,2.194884371948242,-9.616310968017578,-2.1230583221435544
10.626644300005864,2.1727380065917967,-9.619902270507811,-2.129642376708984
10.633247300022049,2.1691467041015624,-9.623493572998047,-2.100911956787109
10.645425100025022,2.1326351287841794,-9.576806640625,-2.127248175048828
10.65964110000641,2.1416133850097654,-9.591171850585937,-2.0925322509765625
10.67606570001226,2.152387292480469,-9.604938510131836,-2.105700360107422
10.689422199997352,2.2014684265136717,-9.607332711791992,-2.136226431274414
10.701791600004071,2.1589713470458984,-9.619303720092773,-2.128445275878906
10.717271700006677,2.1817162628173827,-9.604339959716796,-2.117671368408203
10.729170900012832,2.133233679199219,-9.605537060546874,-2.090138049316406
10.738534200005233,2.1900959686279298,-9.58279214477539,-2.133832229614258
10.746716499998001,2.19608147277832,-9.598953005981445,-2.1320365783691404
10.75667970001814,2.1535843933105467,-9.6151138671875,-2.1308394775390624
10.7640936000098,2.1697452545166014,-9.622296472167967,-2.1302409271240235
10.773099000012735,2.175132208251953,-9.58279214477539,-2.1308394775390624
10.780663100013044,2.1434090362548828,-9.56962403564453,-2.109291662597656
10.788752899999963,2.1631611999511717,-9.619902270507811,-2.1260510742187497
10.796839500020724,2.1996727752685548,-9.616310968017578,-2.094926452636719
10.80567339999834,2.1344307800292968,-9.63307037963867,-2.072181536865234
10.813080799998716,2.1158757171630858,-9.585186346435547,-2.1434090362548828
10.822916000004625,2.145803237915039,-9.650428341674804,-2.1254525238037107
10.831193899997743,2.152387292480469,-9.579200842285156,-2.1446061370849607
10.839680100005353,2.1422119354248044,-9.602544308471678,-2.1021090576171875
10.847234600019874,2.175132208251953,-9.591171850585937,-2.080561242675781
10.855345100018894,2.1697452545166014,-9.580397943115234,-2.100911956787109
10.863700900023105,2.164956851196289,-9.580397943115234,-2.117072817993164
10.873144300014246,2.193687271118164,-9.566631283569336,-2.070984436035156
10.880713899998227,2.1589713470458984,-9.62109937133789,-2.0877438476562498
10.891269300016575,2.155978594970703,-9.62169792175293,-2.127846725463867
10.899699600005988,2.1823148132324217,-9.592368951416015,-2.094926452636719
10.909179400012363,2.1924901702880857,-9.603741409301758,-2.1535843933105467
10.91748760000337,2.1793220611572264,-9.592967501831055,-2.0847510955810544
10.926141300005838,2.139219183349609,-9.595960253906249,-2.108094561767578
10.935617700015428,2.1679496032714844,-9.640851535034178,-2.120065570068359
10.943485600000713,2.1601684478759764,-9.623493572998047,-2.1224597717285154
10.950774800003273,2.175132208251953,-9.619303720092773,-2.1164742675781247
10.959380200016312,2.1805191619873048,-9.603741409301758,-2.114678616333008
10.967220799997449,2.1452046874999997,-9.603741409301758,-2.137423532104492
10.974906900024507,2.2014684265136717,-9.573813888549804,-2.108693112182617
10.982474400021601,2.15777424621582,-9.635464581298828,-2.146401788330078
10.98969020001823,2.1643583007812497,-9.599551556396484,-2.114678616333008
10.99825289999717,2.1446061370849607,-9.586981997680663,-2.095525003051758
11.007296000025235,2.1583727966308595,-9.618705169677733,-2.1248539733886718
11.01545669999905,2.1811177124023438,-9.612121115112304,-2.1021090576171875
11.02435280001373,2.1918916198730467,-9.634866030883789,-2.117671368408203
11.032196600019233,2.2014684265136717,-9.624092123413085,-2.1260510742187497
11.040022000001045,2.1452046874999997,-9.623493572998047,-2.089539498901367
11.047552800009726,2.1679496032714844,-9.575609539794922,-2.1422119354248044
11.055251200014027,2.1625626495361328,-9.603741409301758,-2.094926452636719
11.063253900007112,2.1613655487060544,-9.579200842285156,-2.1110873138427735
11.071321800001897,2.1829133636474607,-9.618705169677733,-2.128445275878906
11.084931800025515,2.166752502441406,-9.64683703918457,-2.117671368408203
11.096962700015865,2.155978594970703,-9.615712417602538,-2.145803237915039
11.11143390001962,2.2080524810791013,-9.588179098510741,-2.089539498901367
11.124093600024935,2.1511901916503904,-9.616310968017578,-2.1434090362548828
11.13287980001769,2.184709014892578,-9.596558804321289,-2.1356278808593747
11.141885000019101,2.1260510742187497,-9.610924014282226,-2.1039047088623044
11.149760200001765,2.155978594970703,-9.574412438964844,-2.1164742675781247
11.158576800022274,2.175730758666992,-9.629479077148437,-2.0925322509765625
11.166367500001797,2.1535843933105467,-9.557653027343749,-2.136824981689453
11.1751880000229,2.186504666137695,-9.62169792175293,-2.099714855957031
11.182521700015059,2.184110464477539,-9.591171850585937,-2.146401788330078
11.189623900019797,2.1487959899902345,-9.616310968017578,-2.123656872558594
11.197028599999612,2.2074539306640624,-9.622296472167967,-2.126649624633789
11.205067300004885,2.1679496032714844,-9.606734161376952,-2.1248539733886718
11.21351970001706,2.1493945404052734,-9.554660275268555,-2.1033061584472654
11.220893899997463,2.1883003173828124,-9.60793126220703,-2.155380044555664
11.22827240001061,2.1703438049316404,-9.56363853149414,-2.110488763427734
11.236883300007321,2.2014684265136717,-9.613318215942382,-2.1122844146728514
11.24421460001031,2.1613655487060544,-9.591770401000977,-2.1410148345947264
11.251429500000086,2.1511901916503904,-9.619902270507811,-2.1033061584472654
11.259398900001543,2.1685481536865234,-9.612719665527344,-2.1493945404052734
11.26745490002213,2.1517887420654294,-9.60194575805664,-2.1152771667480468
11.276891900022747,2.1709423553466793,-9.610325463867188,-2.1122844146728514
11.283870300016133,2.1871032165527344,-9.638457333374022,-2.1356278808593747
11.291763100016396,2.1607669982910154,-9.600150106811522,-2.129043826293945
11.299592700001085,2.2002713256835937,-9.561842880249023,-2.1493945404052734
11.308858800010057,2.1685481536865234,-9.638457333374022,-2.1493945404052734
11.31882400001632,2.1631611999511717,-9.591171850585937,-2.124255422973633
11.327955900022062,2.147000338745117,-9.624690673828125,-2.120065570068359
11.333823699998902,2.1517887420654294,-9.61451531677246,-2.129043826293945
11.340962900023442,2.1775264099121094,-9.587580548095703,-2.076969940185547
11.348253900010604,2.1410148345947264,-9.628880526733397,-2.1314380279541014
11.361073200008832,2.205658279418945,-9.602544308471678,-2.1326351287841794
11.368763500009663,2.185906115722656,-9.612121115112304,-2.0877438476562498
11.374692700017476,2.1691467041015624,-9.590573300170897,-2.120065570068359
11.381127800006652,2.2116437835693357,-9.598354455566406,-2.1254525238037107
11.390016500023194,2.1643583007812497,-9.625289224243163,-2.108094561767578
11.398052800010191,2.185307565307617,-9.612719665527344,-2.128445275878906
11.405430300015723,2.1679496032714844,-9.61451531677246,-2.1116858642578125
11.413646000000881,2.184110464477539,-9.613318215942382,-2.1260510742187497
11.421111800009385,2.1739351074218747,-9.589376199340819,-2.117671368408203
11.430160700023407,2.1499930908203124,-9.604938510131836,-2.1529858428955078
11.439248600014253,2.1685481536865234,-9.600748657226562,-2.120065570068359
11.447258900007,2.152387292480469,-9.581595043945311,-2.146401788330078
11.454997900000308,2.155978594970703,-9.610325463867188,-2.1535843933105467
11.462113200017484,2.174533657836914,-9.625289224243163,-2.1224597717285154
11.470124900020892,2.1398177337646485,-9.60194575805664,-2.1434090362548828
11.477415100001963,2.1727380065917967,-9.587580548095703,-2.142810485839844
11.485239500005264,2.1541829437255857,-9.56962403564453,-2.109291662597656
11.492962000018451,2.1643583007812497,-9.575010989379882,-2.1541829437255857
11.50085520002176,2.1254525238037107,-9.606734161376952,-2.127248175048828
11.508385400025873,2.175730758666992,-9.59536170349121,-2.0967221038818358
11.515626000007614,2.17692785949707,-9.617508068847656,-2.109890213012695
11.523578200023621,2.224213342285156,-9.560047229003906,-2.136824981689453
11.532426400022814,2.1511901916503904,-9.63366893005371,-2.123656872558594
11.540370800008532,2.147000338745117,-9.638457333374022,-2.128445275878906
11.548622900008922,2.1619640991210938,-9.634267480468749,-2.147598889160156
11.55679840000812,2.1607669982910154,-9.624690673828125,-2.117072817993164
11.564695000008214,2.1607669982910154,-9.624092123413085,-2.109291662597656
11.573714400001336,2.1685481536865234,-9.584587796020507,-2.1027076080322264
11.582209600019269,2.155380044555664,-9.589376199340819,-2.1062989105224608
11.594555300020147,2.1589713470458984,-9.56363853149414,-2.099714855957031
11.607894400018267,2.166153952026367,-9.59476315307617,-2.1308394775390624
11.620607600023504,2.1709423553466793,-9.566631283569336,-2.133233679199219
11.632742300018435,2.1787235107421874,-9.586981997680663,-2.1404162841796874
11.647145900002215,2.1505916412353514,-9.612121115112304,-2.0751742889404294
11.670946800004458,2.1248539733886718,-9.611522564697266,-2.1326351287841794
11.690716500015697,2.1487959899902345,-9.613916766357422,-2.1487959899902345
11.706035300012445,2.1619640991210938,-9.627683425903319,-2.057217776489258
11.721580900019035,2.203264077758789,-9.64623848876953,-2.1505916412353514
11.737692499998957,2.1775264099121094,-9.57022258605957,-2.1398177337646485
11.752451900014421,2.1164742675781247,-9.627683425903319,-2.1511901916503904
11.762378200015519,2.1871032165527344,-9.636063131713867,-2.136824981689453
11.770513900002697,2.1583727966308595,-9.585186346435547,-2.0973206542968748
11.779961000022013,2.1541829437255857,-9.604938510131836,-2.139219183349609
11.788120200013509,2.1583727966308595,-9.613318215942382,-2.0877438476562498
11.79560599999968,2.147000338745117,-9.615712417602538,-2.1422119354248044
11.803696700022556,2.1625626495361328,-9.571419686889648,-2.1410148345947264
11.81153710000217,2.1511901916503904,-9.576806640625,-2.1218612213134764
11.818936299998313,2.1541829437255857,-9.604339959716796,-2.108094561767578
11.827153400023235,2.1727380065917967,-9.588777648925781,-2.1134815155029294
11.834632700018119,2.1835119140624997,-9.584587796020507,-2.129043826293945
11.84370310002123,2.17692785949707,-9.612121115112304,-2.1446061370849607
11.851126000023214,2.157175695800781,-9.584587796020507,-2.133832229614258
11.858412600005977,2.1888988677978514,-9.597157354736327,-2.1619640991210938
11.865078900009394,2.1535843933105467,-9.625289224243163,-2.13862063293457
11.872451500006719,2.1440075866699217,-9.588179098510741,-2.1230583221435544
11.879709900007583,2.1739351074218747,-9.602544308471678,-2.128445275878906
11.886328599997796,2.139219183349609,-9.609726913452148,-2.104503259277344
11.893211100017652,2.2092495819091797,-9.63366893005371,-2.1320365783691404
11.898838100023568,2.1715409057617188,-9.616909518432617,-2.1541829437255857
11.904499399999622,2.1452046874999997,-9.616909518432617,-2.1422119354248044
11.910698300023796,2.1691467041015624,-9.6396544342041,-2.1158757171630858
11.916998800006695,2.1643583007812497,-9.59536170349121,-2.1254525238037107
11.924103400000604,2.2074539306640624,-9.576806640625,-2.1511901916503904
11.93173160002334,2.152387292480469,-9.622296472167967,-2.0937293518066404
11.938760400022147,2.1918916198730467,-9.589974749755859,-2.070984436035156
11.945377399999416,2.17692785949707,-9.6396544342041,-2.1122844146728514
11.953774000023259,2.1912930694580077,-9.575010989379882,-2.104503259277344
11.960618100012653,2.1715409057617188,-9.59476315307617,-2.10031340637207
11.96860910000396,2.1326351287841794,-9.591770401000977,-2.1152771667480468
11.976626000017859,2.123656872558594,-9.627084875488281,-2.117072817993164
11.98299020002014,2.1601684478759764,-9.600150106811522,-2.1326351287841794
11.990064000012353,2.2080524810791013,-9.62109937133789,-2.118868469238281
11.999217400007183,2.146401788330078,-9.597157354736327,-2.146401788330078
12.008140000019921,2.185307565307617,-9.62109937133789,-2.1404162841796874
12.020031400024891,2.1697452545166014,-9.651625442504882,-2.1547814941406247
12.032682899996871,2.1248539733886718,-9.634866030883789,-2.1248539733886718
12.045232000004034,2.147000338745117,-9.636661682128906,-2.1074960113525387
12.055516799999168,2.166153952026367,-9.630077627563477,-2.1314380279541014
12.066069499996956,2.1601684478759764,-9.64025298461914,-2.120065570068359
12.076992400019662,2.1434090362548828,-9.625887774658203,-2.0967221038818358
12.08839310001349,2.1589713470458984,-9.59476315307617,-2.1110873138427735
12.098285200016107,2.1811177124023438,-9.609128363037108,-2.098517755126953
12.1074493000051,2.13862063293457,-9.597157354736327,-2.1589713470458984
12.114385000022594,2.1733365570068357,-9.594164602661133,-2.1320365783691404
12.122351500001969,2.176329309082031,-9.625289224243163,-2.0979192047119137
12.130229600006714,2.147598889160156,-9.630676177978515,-2.167351052856445
12.142346600012388,2.138022082519531,-9.592368951416015,-2.148197439575195
12.149136400024872,2.1805191619873048,-9.618106619262695,-2.105700360107422
12.157726800011005,2.166752502441406,-9.582193594360351,-2.1308394775390624
12.164406000025338,2.129043826293945,-9.597755905151367,-2.1487959899902345
12.173497500014491,2.1350293304443357,-9.596558804321289,-2.085948196411133
12.181934300024295,2.138022082519531,-9.636661682128906,-2.118868469238281
12.189254299999448,2.2008698760986327,-9.618705169677733,-2.1487959899902345
12.199225600023055,2.164956851196289,-9.588777648925781,-2.0943279022216794
12.212811100005638,2.184110464477539,-9.60194575805664,-2.109890213012695
12.228540400014026,2.1733365570068357,-9.625887774658203,-2.157175695800781
12.246820700005628,2.1811177124023438,-9.594164602661133,-2.090138049316406
12.260020000016084,2.137423532104492,-9.574412438964844,-2.155978594970703
12.272917299997061,2.1535843933105467,-9.600150106811522,-2.123656872558594
12.296200700016925,2.1996727752685548,-9.612121115112304,-2.11946701965332
12.31871520000277,2.167351052856445,-9.60793126220703,-2.1410148345947264
12.341767100006109,2.2008698760986327,-9.624092123413085,-2.110488763427734
12.364881100016646,2.1727380065917967,-9.638457333374022,-2.136824981689453
12.388753500010353,2.174533657836914,-9.591770401000977,-2.139219183349609
12.411455900000874,2.1685481536865234,-9.570821136474608,-2.145803237915039
12.435342700016918,2.174533657836914,-9.597157354736327,-2.1218612213134764
12.45716740001808,2.1894974182128903,-9.625887774658203,-2.1128829650878904
12.474036900006467,2.1685481536865234,-9.606135610961914,-2.133233679199219
12.493980900006136,2.1601684478759764,-9.606734161376952,-2.1224597717285154
12.512536000023829,2.167351052856445,-9.640851535034178,-2.127248175048828
12.52808129999903,2.1781249603271484,-9.636661682128906,-2.1027076080322264
12.541732600016985,2.165555401611328,-9.645041387939452,-2.1068974609374997
12.556767200003378,2.1547814941406247,-9.620500820922851,-2.1116858642578125
12.570500600006199,2.19608147277832,-9.627683425903319,-2.133832229614258
12.585403300006874,2.1547814941406247,-9.637260232543944,-2.1062989105224608
12.599779400014086,2.15777424621582,-9.577405191040038,-2.1206641204833985
12.613414999999804,2.147598889160156,-9.619303720092773,-2.105700360107422
12.62861410001642,2.1739351074218747,-9.649829791259766,-2.117671368408203
12.647646500001429,2.137423532104492,-9.579200842285156,-2.1410148345947264
12.663738400005968,2.164956851196289,-9.555258825683593,-2.1015105072021485
12.674006900022505,2.167351052856445,-9.64025298461914,-2.129043826293945
12.686521299998276,2.155978594970703,-9.607332711791992,-2.145803237915039
12.700099600013345,2.186504666137695,-9.62169792175293,-2.0781670410156248
12.714115900016623,2.1643583007812497,-9.576806640625,-2.1212626708984375
12.730118500010576,2.15777424621582,-9.59536170349121,-2.1452046874999997
12.747267400001874,2.145803237915039,-9.591770401000977,-2.127248175048828
12.765314600022975,2.136226431274414,-9.598354455566406,-2.136226431274414
12.785158900020178,2.174533657836914,-9.59476315307617,-2.1499930908203124
12.809033500001533,2.1595698974609374,-9.625289224243163,-2.1218612213134764
12.831590500019956,2.138022082519531,-9.574412438964844,-2.1158757171630858
12.853424500004621,2.147598889160156,-9.620500820922851,-2.136824981689453
12.870588300022064,2.1152771667480468,-9.600150106811522,-2.1440075866699217
12.894214600004489,2.1990742248535153,-9.634267480468749,-2.1164742675781247
12.91620680000051,2.127248175048828,-9.616310968017578,-2.13862063293457
12.931763700005831,2.105101809692383,-9.586383447265625,-2.123656872558594
12.946317100024316,2.1601684478759764,-9.62169792175293,-2.0877438476562498
12.960661100019934,2.2026655273437497,-9.636063131713867,-2.123656872558594
12.975589600013336,2.1607669982910154,-9.610924014282226,-2.087145297241211
12.990208700008225,2.1487959899902345,-9.59536170349121,-2.1122844146728514
13.00391510000918,2.167351052856445,-9.62109937133789,-2.133832229614258
13.020148900017375,2.1398177337646485,-9.617508068847656,-2.1230583221435544
13.034718000009889,2.1607669982910154,-9.569025485229492,-2.11946701965332
13.048677300015697,2.118868469238281,-9.6151138671875,-2.1308394775390624
13.06728970000404,2.152387292480469,-9.610924014282226,-2.147598889160156
13.082702200015774,2.184110464477539,-9.606135610961914,-2.098517755126953
13.097009300021455,2.1775264099121094,-9.606135610961914,-2.13862063293457
13.111071000021184,2.1583727966308595,-9.613916766357422,-2.108693112182617
13.125676900002873,2.1505916412353514,-9.604938510131836,-2.117671368408203
13.143714900012128,2.1517887420654294,-9.618106619262695,-2.1350293304443357
13.162694800004829,2.124255422973633,-9.610325463867188,-2.147000338745117
13.179904800024815,2.15777424621582,-9.620500820922851,-2.1410148345947264
13.199190000013914,2.1595698974609374,-9.613916766357422,-2.1158757171630858
13.217358399997465,2.185307565307617,-9.60194575805664,-2.1068974609374997
13.23646730001201,2.127846725463867,-9.654618194580078,-2.13862063293457
13.256347800022922,2.1607669982910154,-9.612719665527344,-2.139219183349609
13.272948199999519,2.105101809692383,-9.594164602661133,-2.105101809692383
13.289288200001465,2.184110464477539,-9.622895022583007,-2.1344307800292968
13.306819000019459,2.1811177124023438,-9.59476315307617,-2.0925322509765625
13.32644890001393,2.136824981689453,-9.573813888549804,-2.1015105072021485
13.343386499996996,2.136824981689453,-9.58279214477539,-2.118269918823242
13.3579621000099,2.1871032165527344,-9.598354455566406,-2.0967221038818358
13.373432599997614,2.1595698974609374,-9.609726913452148,-2.1206641204833985
13.388076400005957,2.184709014892578,-9.654618194580078,-2.139219183349609
13.401886000006925,2.1733365570068357,-9.627084875488281,-2.1248539733886718
13.416013500012923,2.1625626495361328,-9.6013472076416,-2.114678616333008
13.42893439999898,2.13862063293457,-9.604339959716796,-2.0925322509765625
13.444275900023058,2.184110464477539,-9.6013472076416,-2.095525003051758
13.459132500021951,2.142810485839844,-9.639055883789062,-2.1206641204833985
13.473732700018445,2.1607669982910154,-9.627084875488281,-2.1033061584472654
13.492618500022218,2.1906945190429687,-9.641450085449218,-2.105101809692383
13.512274300010176,2.186504666137695,-9.637260232543944,-2.1398177337646485
13.52870530000655,2.1158757171630858,-9.594164602661133,-2.0937293518066404
13.545911300025182,2.1350293304443357,-9.624092123413085,-2.1541829437255857
13.56119320000289,2.185906115722656,-9.603142858886718,-2.1212626708984375
13.576818800007459,2.1212626708984375,-9.603741409301758,-2.114080065917969
13.592428800009657,2.1416133850097654,-9.593566052246093,-2.11946701965332
13.608275200007483,2.205059729003906,-9.631274728393555,-2.120065570068359
13.625860100000864,2.2176292877197263,-9.65282254333496,-2.129043826293945
13.644361600017874,2.185906115722656,-9.577405191040038,-2.100911956787109
13.661787700024433,2.1709423553466793,-9.587580548095703,-2.129642376708984
13.679294300003676,2.1835119140624997,-9.591171850585937,-2.155978594970703
13.694369100005133,2.2158336364746094,-9.573215338134766,-2.1326351287841794
13.708550300012575,2.19608147277832,-9.578003741455078,-2.118269918823242
13.727809300005902,2.1499930908203124,-9.599551556396484,-2.1775264099121094
13.74617379999836,2.1434090362548828,-9.603142858886718,-2.11946701965332
13.766542299999855,2.1775264099121094,-9.5630399810791,-2.1212626708984375
13.785729700000957,2.114678616333008,-9.60852981262207,-2.1164742675781247
13.80402400001185,2.204461178588867,-9.597755905151367,-2.1033061584472654
13.825817100005224,2.155380044555664,-9.561244329833984,-2.1487959899902345
13.848568600020371,2.1601684478759764,-9.613318215942382,-2.128445275878906
13.873029300011694,2.13862063293457,-9.618106619262695,-2.1302409271240235
13.8965739000123,2.1535843933105467,-9.627683425903319,-2.118868469238281
13.91330200000084,2.203862628173828,-9.619303720092773,-2.1302409271240235
13.928530200006207,2.1356278808593747,-9.594164602661133,-2.1326351287841794
13.946656500018435,2.1350293304443357,-9.591171850585937,-2.117072817993164
13.961661800014554,2.1900959686279298,-9.571419686889648,-2.096123553466797
13.980183100007707,2.129043826293945,-9.604339959716796,-2.1164742675781247
13.995597700006329,2.1918916198730467,-9.643844287109374,-2.138022082519531
14.010717700002715,2.1697452545166014,-9.64025298461914,-2.136226431274414
14.024757100007264,2.1691467041015624,-9.64025298461914,-2.1302409271240235
14.040496200002963,2.1134815155029294,-9.632471829223633,-2.1356278808593747
14.063963300024625,2.1823148132324217,-9.64623848876953,-2.1715409057617188
14.07369750001817,2.1505916412353514,-9.6396544342041,-2.127846725463867
14.085950800013961,2.147598889160156,-9.604938510131836,-2.10031340637207
14.09924900002079,2.155380044555664,-9.61451531677246,-2.120065570068359
14.114029500022298,2.1505916412353514,-9.615712417602538,-2.1511901916503904
14.130493400007254,2.155978594970703,-9.602544308471678,-2.1452046874999997
14.147431500023231,2.166153952026367,-9.593566052246093,-2.1308394775390624
14.164227300003404,2.1697452545166014,-9.590573300170897,-2.1152771667480468
14.182537700020475,2.1452046874999997,-9.605537060546874,-2.109291662597656
14.201287700008834,2.2014684265136717,-9.603142858886718,-2.0883423980712887
14.219513700023526,2.2062568298339844,-9.602544308471678,-2.124255422973633
14.236023200006457,2.17692785949707,-9.635464581298828,-2.1218612213134764
14.25214880000567,2.105101809692383,-9.591171850585937,-2.11946701965332
14.26726160000544,2.1422119354248044,-9.579200842285156,-2.1404162841796874
14.28303760002018,2.1918916198730467,-9.603142858886718,-2.127846725463867
14.298927600000752,2.1823148132324217,-9.59536170349121,-2.1434090362548828
14.31665090000024,2.1823148132324217,-9.612719665527344,-2.124255422973633
14.333434500003932,2.166153952026367,-9.61451531677246,-2.129642376708984
14.351094300014665,2.1619640991210938,-9.6396544342041,-2.1110873138427735
14.36900720000267,2.175132208251953,-9.58339069519043,-2.100911956787109
14.386897400021553,2.1541829437255857,-9.629479077148437,-2.1505916412353514
14.402978099999018,2.1062989105224608,-9.603142858886718,-2.118868469238281
14.417527700017672,2.1446061370849607,-9.57620809020996,-2.120065570068359
14.43487960001221,2.1643583007812497,-9.619902270507811,-2.118269918823242
14.453805199998897,2.174533657836914,-9.598354455566406,-2.138022082519531
14.47186370001873,2.1739351074218747,-9.636661682128906,-2.1248539733886718
14.48748500001966,2.1410148345947264,-9.61451531677246,-2.137423532104492
14.503817999997409,2.155978594970703,-9.641450085449218,-2.1152771667480468
14.52067330002319,2.142810485839844,-9.611522564697266,-2.129043826293945
14.535301000025356,2.1320365783691404,-9.592368951416015,-2.1068974609374997
14.549399900017306,2.166752502441406,-9.628880526733397,-2.117072817993164
14.564540600025794,2.1601684478759764,-9.61451531677246,-2.138022082519531
14.57643270000699,2.186504666137695,-9.622895022583007,-2.117072817993164
14.58641119999811,2.15777424621582,-9.604339959716796,-2.1110873138427735
14.593367200024659,2.1320365783691404,-9.596558804321289,-2.1212626708984375
14.603608100005658,2.1493945404052734,-9.676166009521484,-2.138022082519531
14.610247500007972,2.185307565307617,-9.631873278808593,-2.1122844146728514
14.621364899998298,2.1721394561767577,-9.60852981262207,-2.1440075866699217
14.628498700010823,2.184110464477539,-9.645639938354492,-2.1068974609374997
14.63892360002501,2.1966800231933594,-9.585186346435547,-2.1260510742187497
14.647611699998379,2.1487959899902345,-9.569025485229492,-2.1152771667480468
14.656530700012809,2.10031340637207,-9.603142858886718,-2.098517755126953
14.665871800010791,2.174533657836914,-9.630077627563477,-2.13862063293457
14.682046900008572,2.1709423553466793,-9.607332711791992,-2.099714855957031
14.69658280001022,2.139219183349609,-9.590573300170897,-2.1493945404052734
14.709471400012262,2.1924901702880857,-9.603741409301758,-2.1152771667480468
14.721695000014734,2.1643583007812497,-9.64683703918457,-2.11946701965332
14.728531400003703,2.184709014892578,-9.603741409301758,-2.120065570068359
14.741374000004726,2.1535843933105467,-9.589376199340819,-2.1074960113525387
14.750991500011878,2.166752502441406,-9.567828384399414,-2.1314380279541014
14.75849130001734,2.152387292480469,-9.580996493530273,-2.137423532104492
14.768769900023472,2.1529858428955078,-9.625887774658203,-2.1110873138427735
14.776475200022105,2.1541829437255857,-9.647435589599608,-2.128445275878906
14.78639039999689,2.1314380279541014,-9.612719665527344,-2.128445275878906
14.7934681000188,2.174533657836914,-9.586383447265625,-2.129043826293945
14.803491500002565,2.175730758666992,-9.578003741455078,-2.123656872558594
14.811412800016114,2.1715409057617188,-9.597157354736327,-2.1302409271240235
14.821122300025309,2.157175695800781,-9.635464581298828,-2.129043826293945
14.828171400004067,2.174533657836914,-9.617508068847656,-2.1164742675781247
14.836553900007857,2.1924901702880857,-9.589376199340819,-2.1224597717285154
14.843706600018777,2.1781249603271484,-9.638457333374022,-2.129642376708984
14.852595100004692,2.137423532104492,-9.60793126220703,-2.155380044555664
14.860237800021423,2.185307565307617,-9.588777648925781,-2.129043826293945
14.871250099997269,2.1966800231933594,-9.632471829223633,-2.1224597717285154
14.87834580001072,2.1619640991210938,-9.600150106811522,-2.142810485839844
14.889371500001289,2.1619640991210938,-9.613916766357422,-2.1452046874999997
14.900457400013693,2.156577145385742,-9.612719665527344,-2.139219183349609
14.910762600018643,2.1547814941406247,-9.625289224243163,-2.124255422973633
14.924940299999435,2.1583727966308595,-9.578602291870117,-2.15777424621582
14.937915300019085,2.2020669769287107,-9.616310968017578,-2.105101809692383
14.947417500021402,2.1535843933105467,-9.577405191040038,-2.136226431274414
14.957156400021631,2.1691467041015624,-9.640851535034178,-2.1039047088623044
14.966059200000018,2.1511901916503904,-9.60852981262207,-2.1308394775390624
14.974144100007834,2.1487959899902345,-9.577405191040038,-2.1015105072021485
14.982761699997354,2.1972785736083984,-9.58339069519043,-2.127846725463867
14.990104900003644,2.175132208251953,-9.589974749755859,-2.109291662597656
14.99915780001902,2.136824981689453,-9.620500820922851,-2.139219183349609
15.006579600012628,2.1835119140624997,-9.606734161376952,-2.129642376708984
15.01476050002384,2.1739351074218747,-9.618106619262695,-2.1416133850097654
15.02388449999853,2.1631611999511717,-9.627084875488281,-2.126649624633789
15.036596600024495,2.1314380279541014,-9.592967501831055,-2.1164742675781247
15.049534400022822,2.1829133636474607,-9.615712417602538,-2.1416133850097654
15.058501999999862,2.155978594970703,-9.625289224243163,-2.1452046874999997
15.068794100021478,2.1493945404052734,-9.6013472076416,-2.1350293304443357
15.076441800018074,2.2092495819091797,-9.587580548095703,-2.142810485839844
15.086199400015175,2.156577145385742,-9.600150106811522,-2.1350293304443357
15.093318500003079,2.214636535644531,-9.566631283569336,-2.1128829650878904
15.101978999999119,2.203862628173828,-9.603741409301758,-2.1224597717285154
15.109127500007162,2.1877017669677734,-9.636063131713867,-2.1218612213134764
15.118394300021464,2.165555401611328,-9.595960253906249,-2.128445275878906
15.126687400013907,2.166153952026367,-9.610325463867188,-2.176329309082031
15.13724209999782,2.147598889160156,-9.579799392700195,-2.124255422973633
15.144677500007674,2.1535843933105467,-9.594164602661133,-2.15777424621582
15.153924900019774,2.1727380065917967,-9.602544308471678,-2.1068974609374997
15.165981199999806,2.1308394775390624,-9.620500820922851,-2.1440075866699217
15.173494500020752,2.166153952026367,-9.628281976318359,-2.1625626495361328
15.181870300002629,2.1805191619873048,-9.623493572998047,-2.124255422973633
15.188855200016405,2.133233679199219,-9.612121115112304,-2.1230583221435544
15.197611900017364,2.1164742675781247,-9.60852981262207,-2.1356278808593747
15.205859000008786,2.185307565307617,-9.60793126220703,-2.1487959899902345
15.215023900003871,2.1505916412353514,-9.597157354736327,-2.1260510742187497
15.222649400006048,2.1631611999511717,-9.603741409301758,-2.1529858428955078
15.231182700023055,2.1888988677978514,-9.625887774658203,-2.098517755126953
15.238787200010847,2.1793220611572264,-9.586981997680663,-2.11946701965332
15.24783710000338,2.17692785949707,-9.589974749755859,-2.089539498901367
15.255892300017877,2.155978594970703,-9.575010989379882,-2.139219183349609
15.264968600007705,2.155380044555664,-9.597157354736327,-2.0979192047119137
15.272225699998671,2.1930887207031247,-9.645639938354492,-2.1212626708984375
15.280354100017576,2.1883003173828124,-9.663596450805663,-2.1452046874999997
15.287766599998577,2.1900959686279298,-9.602544308471678,-2.1314380279541014
15.294724500010489,2.1601684478759764,-9.6013472076416,-2.099714855957031
15.303088000015123,2.2026655273437497,-9.565434182739256,-2.1595698974609374
15.309970400005113,2.174533657836914,-9.60194575805664,-2.1320365783691404
15.318220300017856,2.1589713470458984,-9.596558804321289,-2.1134815155029294
15.325559999997495,2.1691467041015624,-9.593566052246093,-2.108693112182617
15.334108900016872,2.1924901702880857,-9.630077627563477,-2.146401788330078
15.343646399996942,2.1996727752685548,-9.627683425903319,-2.0925322509765625
15.358277400024235,2.099116305541992,-9.613916766357422,-2.128445275878906
15.37577880002209,2.1697452545166014,-9.610924014282226,-2.110488763427734
15.389645400020527,2.1535843933105467,-9.637858782958984,-2.1015105072021485
15.400093400006881,2.2367829010009763,-9.612719665527344,-2.1164742675781247
15.408531100023538,2.1817162628173827,-9.585784896850585,-2.1212626708984375
15.418348300008802,2.147598889160156,-9.600748657226562,-2.1254525238037107
15.427805000013905,2.1517887420654294,-9.606135610961914,-2.1122844146728514
15.438901800021995,2.164956851196289,-9.6013472076416,-2.1224597717285154
15.450425200018799,2.118868469238281,-9.62109937133789,-2.176329309082031
15.463436999998521,2.1499930908203124,-9.626486325073241,-2.136226431274414
15.480983600020409,2.1446061370849607,-9.617508068847656,-2.1350293304443357
15.49640420000651,2.1326351287841794,-9.629479077148437,-2.1631611999511717
15.509053700021468,2.1218612213134764,-9.619902270507811,-2.174533657836914
15.521860300010303,2.1643583007812497,-9.59476315307617,-2.1446061370849607
15.533666400006041,2.165555401611328,-9.59536170349121,-2.114080065917969
15.545876600022893,2.1709423553466793,-9.597755905151367,-2.1356278808593747
15.557666300010169,2.118269918823242,-9.613318215942382,-2.1134815155029294
15.565590800018981,2.1793220611572264,-9.595960253906249,-2.1529858428955078
15.57565500002238,2.175132208251953,-9.619303720092773,-2.129642376708984
15.583676300011575,2.1613655487060544,-9.578003741455078,-2.1206641204833985
15.589725099998759,2.1446061370849607,-9.592368951416015,-2.1356278808593747
15.59959960001288,2.167351052856445,-9.593566052246093,-2.1062989105224608
15.607025000004796,2.165555401611328,-9.579799392700195,-2.1015105072021485
15.618385100009618,2.142810485839844,-9.661202249145507,-2.0973206542968748
15.628356500004884,2.166752502441406,-9.60194575805664,-2.1493945404052734
15.638812100020004,2.1990742248535153,-9.603142858886718,-2.147598889160156
15.650208800012479,2.1703438049316404,-9.6151138671875,-2.1230583221435544
15.658780900004786,2.1589713470458984,-9.612719665527344,-2.166752502441406
15.665348100010306,2.155978594970703,-9.597157354736327,-2.127846725463867
15.671698799997102,2.165555401611328,-9.595960253906249,-2.1224597717285154
15.681807700020727,2.1583727966308595,-9.597157354736327,-2.1027076080322264
15.688505700003589,2.184110464477539,-9.62109937133789,-2.1068974609374997
15.693599500023993,2.185906115722656,-9.631274728393555,-2.13862063293457
15.69991470000241,2.1781249603271484,-9.617508068847656,-2.147000338745117
15.705174100003205,2.17692785949707,-9.643245736694336,-2.1434090362548828
15.712292800017167,2.1517887420654294,-9.598953005981445,-2.120065570068359
15.719002300000284,2.1817162628173827,-9.609128363037108,-2.110488763427734
15.725271600007545,2.1912930694580077,-9.634267480468749,-2.1039047088623044
15.73425270000007,2.1134815155029294,-9.604938510131836,-2.1505916412353514
15.741594799997984,2.1583727966308595,-9.626486325073241,-2.1128829650878904
15.750402000005124,2.133233679199219,-9.636063131713867,-2.091335150146484
15.757964600023115,2.174533657836914,-9.620500820922851,-2.128445275878906
15.768903400021372,2.1637597503662107,-9.632471829223633,-2.110488763427734
15.783388000010746,2.142810485839844,-9.610325463867188,-2.1128829650878904
15.794373000011547,2.1781249603271484,-9.618106619262695,-2.0787655914306638
15.807157000002917,2.1607669982910154,-9.609128363037108,-2.1254525238037107
15.816068700019969,2.1817162628173827,-9.599551556396484,-2.139219183349609
15.826950400019996,2.1787235107421874,-9.642647186279296,-2.147000338745117
15.834385299996939,2.1733365570068357,-9.654618194580078,-2.094926452636719
15.84139580000192,2.2278046447753903,-9.631274728393555,-2.1452046874999997
15.852865000022575,2.1793220611572264,-9.616909518432617,-2.0967221038818358
15.866826200013747,2.166752502441406,-9.583989245605467,-2.1416133850097654
15.873548800009303,2.2194249389648437,-9.635464581298828,-2.1158757171630858
15.880549000023166,2.1613655487060544,-9.63366893005371,-2.120065570068359
15.89008610000019,2.195482922363281,-9.600748657226562,-2.1254525238037107
15.89831660001073,2.17692785949707,-9.636063131713867,-2.1015105072021485
15.906965100002708,2.147598889160156,-9.62169792175293,-2.104503259277344
15.917317600018578,2.139219183349609,-9.577405191040038,-2.1344307800292968
15.93276640001568,2.139219183349609,-9.60793126220703,-2.114080065917969
15.945337100012694,2.1619640991210938,-9.604938510131836,-2.1679496032714844
15.957781400007661,2.142810485839844,-9.558850128173827,-2.10031340637207
15.972112900024513,2.164956851196289,-9.576806640625,-2.1404162841796874
15.987264199997298,2.1643583007812497,-9.57620809020996,-2.109890213012695
16.001023900025757,2.174533657836914,-9.618106619262695,-2.138022082519531
16.01108340002247,2.1517887420654294,-9.59536170349121,-2.1158757171630858
16.0208743000112,2.1350293304443357,-9.579200842285156,-2.1410148345947264
16.030435799999395,2.1529858428955078,-9.618705169677733,-2.089539498901367
16.040487100020982,2.1787235107421874,-9.573813888549804,-2.1062989105224608
16.049500699999044,2.156577145385742,-9.592967501831055,-2.105700360107422
16.057605700014392,2.1721394561767577,-9.64025298461914,-2.1212626708984375
16.066839500010246,2.1517887420654294,-9.631274728393555,-2.1134815155029294
16.074338300008094,2.184709014892578,-9.625887774658203,-2.1326351287841794
16.08276889999979,2.174533657836914,-9.631873278808593,-2.1326351287841794
16.08914029999869,2.1894974182128903,-9.622296472167967,-2.126649624633789
16.096332400018582,2.10031340637207,-9.628281976318359,-2.1320365783691404
16.102701399999205,2.1613655487060544,-9.594164602661133,-2.120065570068359
16.108739900024375,2.1320365783691404,-9.649829791259766,-2.1529858428955078
16.116379100014456,2.1709423553466793,-9.629479077148437,-2.129642376708984
16.124542300007306,2.1440075866699217,-9.575010989379882,-2.127248175048828
16.131794100016123,2.1493945404052734,-9.625887774658203,-2.1164742675781247
16.140960900025675,2.1505916412353514,-9.604339959716796,-2.087145297241211
16.146817300003022,2.1739351074218747,-9.574412438964844,-2.08115979309082
16.152835900022183,2.155978594970703,-9.657610946655273,-2.105101809692383
16.160604400007287,2.1775264099121094,-9.584587796020507,-2.127248175048828
16.168608000007225,2.166153952026367,-9.616310968017578,-2.1823148132324217
16.176709799998207,2.1589713470458984,-9.622895022583007,-2.114678616333008
16.186573800019687,2.152387292480469,-9.606135610961914,-2.1452046874999997
16.193213400023524,2.1894974182128903,-9.616310968017578,-2.1703438049316404
16.200264200015226,2.1877017669677734,-9.620500820922851,-2.1248539733886718
16.205451800022274,2.1302409271240235,-9.552266073608397,-2.1356278808593747
16.212300700019114,2.1781249603271484,-9.628880526733397,-2.1164742675781247
16.22031470001093,2.147598889160156,-9.600748657226562,-2.10031340637207
16.225707200006582,2.147000338745117,-9.607332711791992,-2.127248175048828
16.232312400010414,2.148197439575195,-9.625289224243163,-2.1128829650878904
16.23800840001786,2.194285821533203,-9.591171850585937,-2.089539498901367
16.246351900015725,2.138022082519531,-9.626486325073241,-2.117671368408203
16.253369900019607,2.15777424621582,-9.559448678588867,-2.1440075866699217
16.26032660002238,2.1721394561767577,-9.587580548095703,-2.1493945404052734
16.267507900018245,2.1404162841796874,-9.594164602661133,-2.1260510742187497
16.27528590001748,2.1505916412353514,-9.591770401000977,-2.1344307800292968
16.28292210001382,2.1972785736083984,-9.632471829223633,-2.13862063293457
16.290335400000913,2.1487959899902345,-9.602544308471678,-2.0841525451660154
16.298044499999378,2.1871032165527344,-9.573215338134766,-2.1446061370849607
16.310509400005685,2.1799206115722654,-9.625289224243163,-2.1356278808593747
16.321022200019797,2.175132208251953,-9.596558804321289,-2.0781670410156248
16.327845899999375,2.15777424621582,-9.59476315307617,-2.109890213012695
16.337459500005934,2.133832229614258,-9.600748657226562,-2.1302409271240235
16.34667120000813,2.1613655487060544,-9.62109937133789,-2.1110873138427735
16.3567391000106,2.1404162841796874,-9.623493572998047,-2.085349645996094
16.365692799998214,2.1733365570068357,-9.619902270507811,-2.1224597717285154
16.373092499998165,2.1984756744384764,-9.603741409301758,-2.0979192047119137
16.38099490001332,2.138022082519531,-9.620500820922851,-2.136226431274414
16.38866009999765,2.118868469238281,-9.604938510131836,-2.1434090362548828
16.398599400010426,2.1984756744384764,-9.600748657226562,-2.0979192047119137
16.409567499998957,2.1966800231933594,-9.6013472076416,-2.1541829437255857
16.418066600017482,2.1434090362548828,-9.592967501831055,-2.0877438476562498
16.42509610002162,2.1679496032714844,-9.622895022583007,-2.127846725463867
16.43285990000004,2.1601684478759764,-9.585186346435547,-2.1440075866699217
16.440351199998986,2.2086510314941403,-9.619303720092773,-2.108094561767578
16.448186399997212,2.241571304321289,-9.635464581298828,-2.1535843933105467
16.45559090000461,2.195482922363281,-9.631274728393555,-2.1218612213134764
16.46385920001194,2.174533657836914,-9.629479077148437,-2.1015105072021485
16.4717339000199,2.1643583007812497,-9.604339959716796,-2.0973206542968748
16.479639800003497,2.184709014892578,-9.586981997680663,-2.1260510742187497
16.487904300010996,2.1781249603271484,-9.635464581298828,-2.1314380279541014
16.498759500012966,2.1835119140624997,-9.574412438964844,-2.1434090362548828
16.51304760001949,2.1595698974609374,-9.582193594360351,-2.1517887420654294
16.52753940000548,2.1607669982910154,-9.604938510131836,-2.118269918823242
16.542092600022443,2.1679496032714844,-9.636063131713867,-2.1068974609374997
16.55537820002064,2.1326351287841794,-9.634866030883789,-2.104503259277344
16.567420400009723,2.1793220611572264,-9.613916766357422,-2.1110873138427735
16.576309299998684,2.1446061370849607,-9.56962403564453,-2.1260510742187497
16.58411180000985,2.1888988677978514,-9.609128363037108,-2.1218612213134764
16.591443700017408,2.166752502441406,-9.611522564697266,-2.126649624633789
16.599285600008443,2.1248539733886718,-9.630676177978515,-2.11946701965332
16.606431500025792,2.1691467041015624,-9.636063131713867,-2.133832229614258
16.615299400000367,2.1691467041015624,-9.65342109375,-2.104503259277344
16.622571100015193,2.1703438049316404,-9.586981997680663,-2.0829554443359375
16.62808780002524,2.1912930694580077,-9.6013472076416,-2.123656872558594
16.636601900012465,2.1883003173828124,-9.591770401000977,-2.1505916412353514
16.64397880001343,2.1918916198730467,-9.567229833984374,-2.129642376708984
16.651648600003682,2.1601684478759764,-9.619303720092773,-2.1122844146728514
16.6581118000031,2.1625626495361328,-9.600748657226562,-2.1206641204833985
16.666264900006354,2.1835119140624997,-9.641450085449218,-2.1158757171630858
16.673551100015175,2.1978771240234374,-9.631274728393555,-2.1446061370849607
16.679370700003346,2.1601684478759764,-9.651625442504882,-2.1206641204833985
16.687551500013797,2.1697452545166014,-9.592368951416015,-2.1116858642578125
16.69508190001943,2.1733365570068357,-9.605537060546874,-2.1027076080322264
16.70704810001189,2.1799206115722654,-9.598354455566406,-2.105700360107422
16.71971050000866,2.1452046874999997,-9.588777648925781,-2.0835539947509765
16.730830100015737,2.1685481536865234,-9.599551556396484,-2.127248175048828
16.739084300003015,2.139219183349609,-9.569025485229492,-2.1230583221435544
16.745552100008354,2.1631611999511717,-9.605537060546874,-2.0925322509765625
16.75215890002437,2.1487959899902345,-9.598354455566406,-2.1164742675781247
16.75902009999845,2.1799206115722654,-9.588777648925781,-2.128445275878906
16.766205500025535,2.1691467041015624,-9.594164602661133,-2.147598889160156
16.774580700002844,2.174533657836914,-9.579799392700195,-2.0757728393554684
16.783215300005395,2.164956851196289,-9.630676177978515,-2.127248175048828
16.79040930001065,2.127248175048828,-9.618106619262695,-2.1074960113525387
16.798849100014195,2.1883003173828124,-9.589974749755859,-2.129642376708984
16.80447480001021,2.1631611999511717,-9.57620809020996,-2.1230583221435544
16.81339600001229,2.1631611999511717,-9.582193594360351,-2.118269918823242
16.82098450002377,2.1811177124023438,-9.591770401000977,-2.126649624633789
16.82658370002173,2.174533657836914,-9.605537060546874,-2.1260510742187497
16.832967299997108,2.136226431274414,-9.637260232543944,-2.1601684478759764
16.840057300025364,2.1547814941406247,-9.609726913452148,-2.1224597717285154
16.847819000016898,2.1697452545166014,-9.623493572998047,-2.1499930908203124
16.85505959999864,2.1691467041015624,-9.62109937133789,-2.094926452636719
16.861692400008906,2.104503259277344,-9.592967501831055,-2.1350293304443357
16.869694799999706,2.142810485839844,-9.566032733154296,-2.1260510742187497
16.879125800012844,2.155380044555664,-9.630676177978515,-2.1164742675781247
16.886566500004847,2.15777424621582,-9.64025298461914,-2.147598889160156
16.894177300011506,2.185307565307617,-9.598354455566406,-2.120065570068359
16.90484699999797,2.1589713470458984,-9.57620809020996,-2.1128829650878904
16.914516200020444,2.2062568298339844,-9.575609539794922,-2.095525003051758
16.922677000024123,2.136226431274414,-9.6151138671875,-2.128445275878906
16.930326900008367,2.1631611999511717,-9.603142858886718,-2.1033061584472654
16.93756790002226,2.1685481536865234,-9.629479077148437,-2.124255422973633
16.945100700017065,2.167351052856445,-9.575609539794922,-2.088940948486328
16.953797200025292,2.193687271118164,-9.558850128173827,-2.110488763427734
16.96097060001921,2.1871032165527344,-9.610924014282226,-2.1134815155029294
16.96904060000088,2.1703438049316404,-9.578602291870117,-2.1499930908203124
16.977135400025873,2.205658279418945,-9.590573300170897,-2.1212626708984375
16.985663800005568,2.155380044555664,-9.6396544342041,-2.099116305541992
16.992995200009318,2.1589713470458984,-9.599551556396484,-2.156577145385742
16.999971900018863,2.167351052856445,-9.636063131713867,-2.1302409271240235
17.005322100012563,2.1799206115722654,-9.588179098510741,-2.1116858642578125
17.01083670000662,2.1733365570068357,-9.562441430664062,-2.147000338745117
17.024147600022843,2.1900959686279298,-9.604339959716796,-2.100911956787109
17.038432800007286,2.174533657836914,-9.618705169677733,-2.089539498901367
17.05345770000713,2.164956851196289,-9.60852981262207,-2.1260510742187497
17.062945800018497,2.1583727966308595,-9.590573300170897,-2.1344307800292968
17.071369100012816,2.129642376708984,-9.616310968017578,-2.1422119354248044
17.07791140000336,2.136824981689453,-9.625289224243163,-2.1015105072021485
17.087585600005696,2.1535843933105467,-9.615712417602538,-2.1212626708984375
17.09612410000409,2.1775264099121094,-9.60194575805664,-2.127846725463867
17.1034198999987,2.1410148345947264,-9.611522564697266,-2.1134815155029294
17.111685800016858,2.1583727966308595,-9.624092123413085,-2.1739351074218747
17.11841130000539,2.1487959899902345,-9.5630399810791,-2.090736599731445
17.126203000021633,2.1829133636474607,-9.618705169677733,-2.118868469238281
17.133001800015336,2.128445275878906,-9.609726913452148,-2.1039047088623044
17.142030000017257,2.1607669982910154,-9.609128363037108,-2.145803237915039
17.149185400019633,2.1595698974609374,-9.612719665527344,-2.1248539733886718
17.15816230000928,2.174533657836914,-9.6151138671875,-2.1326351287841794
17.165665300010005,2.1793220611572264,-9.610924014282226,-2.114678616333008
17.171645399997942,2.1883003173828124,-9.581595043945311,-2.1230583221435544
17.182260400004452,2.1793220611572264,-9.63366893005371,-2.1260510742187497
17.19609430001583,2.1685481536865234,-9.603142858886718,-2.1499930908203124
17.203521500021452,2.1643583007812497,-9.625887774658203,-2.1410148345947264
17.21146050002426,2.166752502441406,-9.642048635864258,-2.155380044555664
17.220431000023382,2.1212626708984375,-9.618705169677733,-2.1685481536865234
17.2272264000203,2.147598889160156,-9.63307037963867,-2.1206641204833985
17.233482100011315,2.1487959899902345,-9.585186346435547,-2.109291662597656
17.2398732000147,2.1595698974609374,-9.571419686889648,-2.100911956787109
17.246962900011567,2.1583727966308595,-9.600150106811522,-2.1314380279541014
17.2532923000108,2.1434090362548828,-9.642048635864258,-2.1218612213134764
17.25924590000068,2.1781249603271484,-9.623493572998047,-2.124255422973633
17.265973000001395,2.1883003173828124,-9.630676177978515,-2.1416133850097654
17.27380940000876,2.1996727752685548,-9.627683425903319,-2.120065570068359
17.281235700007528,2.1619640991210938,-9.591171850585937,-2.1326351287841794
17.288077800010797,2.1434090362548828,-9.567828384399414,-2.1416133850097654
17.297440100024687,2.133233679199219,-9.600748657226562,-2.1601684478759764
17.30485710001085,2.1344307800292968,-9.628880526733397,-2.105700360107422
17.311562400020193,2.1721394561767577,-9.586981997680663,-2.1326351287841794
17.32061400002567,2.142810485839844,-9.604938510131836,-2.1422119354248044
17.326529900019523,2.15777424621582,-9.589376199340819,-2.1511901916503904
17.33215060000657,2.1709423553466793,-9.624092123413085,-2.1039047088623044
17.339703100005863,2.2086510314941403,-9.566631283569336,-2.099116305541992
17.34732620001887,2.138022082519531,-9.585784896850585,-2.1134815155029294
17.35333520002314,2.1404162841796874,-9.615712417602538,-2.1446061370849607
17.361673100007465,2.174533657836914,-9.58279214477539,-2.0925322509765625
17.37000750002335,2.1583727966308595,-9.63366893005371,-2.085948196411133
17.376771700015524,2.0943279022216794,-9.610325463867188,-2.1607669982910154
17.384497300023213,2.175730758666992,-9.61451531677246,-2.155978594970703
17.39018820002093,2.127248175048828,-9.583989245605467,-2.1230583221435544
17.395908000005875,2.096123553466797,-9.629479077148437,-2.129642376708984
17.40297210001154,2.1703438049316404,-9.609726913452148,-2.1039047088623044
17.40998330002185,2.1440075866699217,-9.618705169677733,-2.11946701965332
17.416682300012326,2.1613655487060544,-9.594164602661133,-2.13862063293457
17.42289090002305,2.166752502441406,-9.661202249145507,-2.127248175048828
17.429171199997654,2.1715409057617188,-9.630077627563477,-2.1164742675781247
17.435641100018984,2.1906945190429687,-9.579200842285156,-2.100911956787109
17.44298069999786,2.1452046874999997,-9.629479077148437,-2.118868469238281
17.45025860000169,2.1631611999511717,-9.635464581298828,-2.123656872558594
17.45775170001434,2.133233679199219,-9.60194575805664,-2.126649624633789
17.4651506000082,2.13862063293457,-9.606135610961914,-2.1110873138427735
17.47233670001151,2.184709014892578,-9.59476315307617,-2.1164742675781247
17.47975800000131,2.164956851196289,-9.612719665527344,-2.0943279022216794
17.48732290000771,2.1709423553466793,-9.598354455566406,-2.108094561767578
17.496754200023133,2.1595698974609374,-9.585784896850585,-2.1230583221435544
17.5043285000138,2.1823148132324217,-9.612719665527344,-2.1320365783691404
17.51185870001791,2.1906945190429687,-9.622296472167967,-2.118269918823242
17.519647100009024,2.1446061370849607,-9.585186346435547,-2.0883423980712887
17.52779780002311,2.145803237915039,-9.616310968017578,-2.120065570068359
17.535554700007197,2.1817162628173827,-9.566631283569336,-2.1260510742187497
17.543358800001442,2.1601684478759764,-9.620500820922851,-2.1505916412353514
17.551325000007637,2.1613655487060544,-9.64623848876953,-2.145803237915039
17.558740600012243,2.109890213012695,-9.598953005981445,-2.1733365570068357
17.56728680001106,2.1697452545166014,-9.606135610961914,-2.152387292480469
17.57416610000655,2.136824981689453,-9.599551556396484,-2.137423532104492
17.580906200018944,2.1972785736083984,-9.618705169677733,-2.167351052856445
17.587833800003864,2.1906945190429687,-9.637260232543944,-2.096123553466797
17.596557900018524,2.1583727966308595,-9.591171850585937,-2.137423532104492
17.60393350000959,2.1493945404052734,-9.62169792175293,-2.1074960113525387
17.61173720000079,2.1631611999511717,-9.575609539794922,-2.1039047088623044
17.619017500022892,2.1787235107421874,-9.568426934814452,-2.1068974609374997
17.625623500003712,2.1685481536865234,-9.6013472076416,-2.1350293304443357
17.633242800016887,2.1906945190429687,-9.586981997680663,-2.090138049316406
17.64028250001138,2.184110464477539,-9.622895022583007,-2.1254525238037107
17.64741390000563,2.1817162628173827,-9.597157354736327,-2.1224597717285154
17.654626500006998,2.186504666137695,-9.594164602661133,-2.1230583221435544
17.66137890002574,2.1924901702880857,-9.62109937133789,-2.1775264099121094
17.666926700010663,2.1499930908203124,-9.609726913452148,-2.139219183349609
17.672225800022716,2.1320365783691404,-9.613318215942382,-2.133832229614258
17.677727200003574,2.184110464477539,-9.593566052246093,-2.1302409271240235
17.68630810000468,2.1817162628173827,-9.586981997680663,-2.117072817993164
17.69285240001045,2.1595698974609374,-9.60852981262207,-2.117671368408203
17.69855390000157,2.1344307800292968,-9.625887774658203,-2.1254525238037107
17.704454000020633,2.1218612213134764,-9.630077627563477,-2.127846725463867
17.710444299998926,2.1811177124023438,-9.649829791259766,-2.1452046874999997
17.717641600000206,2.174533657836914,-9.587580548095703,-2.117072817993164
17.723581500002183,2.1499930908203124,-9.6151138671875,-2.091335150146484
17.729326800006675,2.1739351074218747,-9.624092123413085,-2.117072817993164
17.734779100021115,2.148197439575195,-9.589974749755859,-2.0943279022216794
17.742559700011043,2.155978594970703,-9.618705169677733,-2.1529858428955078
17.748563300003298,2.1452046874999997,-9.557653027343749,-2.109291662597656
17.75537460000487,2.1703438049316404,-9.620500820922851,-2.157175695800781
17.761398100003134,2.1637597503662107,-9.611522564697266,-2.1529858428955078
17.767169900005683,2.152387292480469,-9.617508068847656,-2.137423532104492
17.772606100013945,2.1410148345947264,-9.60793126220703,-2.1326351287841794
17.779024200019194,2.1440075866699217,-9.62169792175293,-2.13862063293457
17.784946100000525,2.127846725463867,-9.60852981262207,-2.1206641204833985
17.79084060000605,2.1793220611572264,-9.630676177978515,-2.1224597717285154
17.7956665000238,2.1619640991210938,-9.597755905151367,-2.124255422973633
17.801340200006962,2.1679496032714844,-9.618106619262695,-2.1230583221435544
17.80660340000759,2.147000338745117,-9.651026892089844,-2.128445275878906
17.81277630000841,2.155978594970703,-9.611522564697266,-2.127846725463867
17.81932950002374,2.1505916412353514,-9.60852981262207,-2.1398177337646485
17.824246500007575,2.1350293304443357,-9.638457333374022,-2.1164742675781247
17.83084010001039,2.147000338745117,-9.57022258605957,-2.0823568939208985
17.83826869999757,2.1254525238037107,-9.644442837524414,-2.1356278808593747
17.84405520002474,2.1691467041015624,-9.6151138671875,-2.1308394775390624
17.85123420000309,2.1493945404052734,-9.57022258605957,-2.127846725463867
17.85796819999814,2.117072817993164,-9.641450085449218,-2.1015105072021485
17.864942500018515,2.1493945404052734,-9.620500820922851,-2.0847510955810544
17.87243000001763,2.1691467041015624,-9.588777648925781,-2.096123553466797
17.879318699997384,2.1715409057617188,-9.616909518432617,-2.152387292480469
17.88704329999746,2.184709014892578,-9.630676177978515,-2.08115979309082
17.893022900010692,2.1643583007812497,-9.60793126220703,-2.1434090362548828
17.898316100006923,2.1787235107421874,-9.593566052246093,-2.109291662597656
17.904388900002232,2.152387292480469,-9.631873278808593,-2.1224597717285154
17.912992700003088,2.1625626495361328,-9.613318215942382,-2.10031340637207
17.91857500001788,2.1709423553466793,-9.604339959716796,-2.1248539733886718
17.92436230002204,2.1541829437255857,-9.610924014282226,-2.136226431274414
17.929901299998164,2.133832229614258,-9.630676177978515,-2.11946701965332
17.9358364000218,2.1631611999511717,-9.58339069519043,-2.1326351287841794
17.941960399999516,2.1739351074218747,-9.597157354736327,-2.0847510955810544
17.94873910001479,2.1529858428955078,-9.576806640625,-2.108693112182617
17.955661700019846,2.1583727966308595,-9.588179098510741,-2.123656872558594
17.96106490000966,2.1356278808593747,-9.573813888549804,-2.1595698974609374
17.96677840000484,2.1787235107421874,-9.622895022583007,-2.114678616333008
17.97444610000821,2.1116858642578125,-9.615712417602538,-2.1206641204833985
17.98037090001162,2.1883003173828124,-9.589376199340819,-2.145803237915039
17.986404199997196,2.157175695800781,-9.637260232543944,-2.1499930908203124
17.992050200002268,2.1709423553466793,-9.636661682128906,-2.1039047088623044
17.998598600010155,2.1930887207031247,-9.569025485229492,-2.128445275878906
18.00414710000041,2.175730758666992,-9.592967501831055,-2.109291662597656
18.01040820000344,2.17692785949707,-9.603142858886718,-2.136226431274414
18.017865100002382,2.1871032165527344,-9.589974749755859,-2.1505916412353514
18.023695500014583,2.126649624633789,-9.591171850585937,-2.0757728393554684
18.029096800019033,2.184110464477539,-9.612719665527344,-2.1326351287841794
18.034499300003517,2.1643583007812497,-9.580397943115234,-2.1434090362548828
18.040196600020863,2.109890213012695,-9.596558804321289,-2.146401788330078
18.047020800004248,2.1625626495361328,-9.647435589599608,-2.1039047088623044
18.0526565000182,2.1888988677978514,-9.624690673828125,-2.129043826293945
18.05817780000507,2.15777424621582,-9.612719665527344,-2.087145297241211
18.06353010001476,2.1547814941406247,-9.6151138671875,-2.1398177337646485
18.069099100015592,2.1918916198730467,-9.61451531677246,-2.117072817993164
18.07460620001075,2.1613655487060544,-9.590573300170897,-2.124255422973633
18.080555799999274,2.184110464477539,-9.618705169677733,-2.079962692260742
18.086398200015537,2.2397756530761717,-9.6151138671875,-2.1248539733886718
18.091909700015094,2.1493945404052734,-9.586981997680663,-2.1224597717285154
18.09744350000983,2.1589713470458984,-9.630077627563477,-2.147000338745117
18.103304500022205,2.166752502441406,-9.573813888549804,-2.147000338745117
18.108833600010257,2.1906945190429687,-9.60793126220703,-2.128445275878906
18.114167200023076,2.1541829437255857,-9.575609539794922,-2.1039047088623044
18.11953640001593,2.164956851196289,-9.60194575805664,-2.1302409271240235
18.125378199998522,2.1715409057617188,-9.597755905151367,-2.099714855957031
18.13189030002104,2.185906115722656,-9.627084875488281,-2.1068974609374997
18.137712900002953,2.1930887207031247,-9.60852981262207,-2.1452046874999997
18.14386340000783,2.167351052856445,-9.637260232543944,-2.1152771667480468
18.149414600018645,2.1984756744384764,-9.642647186279296,-2.126649624633789
18.156460900005186,2.1493945404052734,-9.594164602661133,-2.1033061584472654
18.16189650000888,2.1589713470458984,-9.658209497070311,-2.145803237915039
18.168893399997614,2.1122844146728514,-9.578003741455078,-2.1356278808593747
18.176536000013584,2.138022082519531,-9.606135610961914,-2.1320365783691404
18.183664900017902,2.1440075866699217,-9.617508068847656,-2.11946701965332
18.188835300010396,2.1691467041015624,-9.579200842285156,-2.133832229614258
18.194691400014563,2.1900959686279298,-9.618106619262695,-2.1350293304443357
18.2011949000007,2.1727380065917967,-9.607332711791992,-2.105700360107422
18.207018800021615,2.1625626495361328,-9.61451531677246,-2.1505916412353514
18.212501600006362,2.155380044555664,-9.627084875488281,-2.1440075866699217
18.218703799997456,2.1583727966308595,-9.572616787719726,-2.118269918823242
18.225907400017604,2.1487959899902345,-9.604339959716796,-2.109890213012695
18.233042500010924,2.1511901916503904,-9.609726913452148,-2.1410148345947264
18.238993000006303,2.1404162841796874,-9.575609539794922,-2.1027076080322264
18.244755300023826,2.174533657836914,-9.628880526733397,-2.1039047088623044
18.25229410000611,2.1739351074218747,-9.592368951416015,-2.1230583221435544
18.25925560001633,2.155978594970703,-9.578602291870117,-2.1128829650878904
18.267096600000514,2.1434090362548828,-9.616310968017578,-2.100911956787109
18.273346700007096,2.1877017669677734,-9.560645779418945,-2.1218612213134764
18.279388100025244,2.1805191619873048,-9.584587796020507,-2.0919337005615235
18.284932500013383,2.1601684478759764,-9.592967501831055,-2.114080065917969
18.291742400004296,2.1625626495361328,-9.566631283569336,-2.147000338745117
18.29832920001354,2.1505916412353514,-9.583989245605467,-2.1404162841796874
18.306136200000765,2.1547814941406247,-9.584587796020507,-2.142810485839844
18.313470200024312,2.1805191619873048,-9.639055883789062,-2.1511901916503904
18.32062000001315,2.175132208251953,-9.600150106811522,-2.109291662597656
18.327517700003227,2.1871032165527344,-9.597157354736327,-2.1625626495361328
18.333862600004068,2.1619640991210938,-9.612121115112304,-2.1206641204833985
18.34000820000074,2.1505916412353514,-9.582193594360351,-2.114678616333008
18.347352600016166,2.1799206115722654,-9.624690673828125,-2.136824981689453
18.355441699997755,2.1541829437255857,-9.588179098510741,-2.1547814941406247
18.361938300018664,2.1966800231933594,-9.578602291870117,-2.133832229614258
18.368035400024382,2.175132208251953,-9.617508068847656,-2.110488763427734
18.375130100001115,2.185307565307617,-9.622296472167967,-2.1302409271240235
18.38236020001932,2.1829133636474607,-9.645041387939452,-2.1212626708984375
18.38828470002045,2.1613655487060544,-9.600150106811522,-2.1583727966308595
18.394091200025287,2.1583727966308595,-9.59536170349121,-2.114678616333008
18.400707400025567,2.2080524810791013,-9.600150106811522,-2.108693112182617
18.4064544000139,2.1517887420654294,-9.626486325073241,-2.099714855957031
18.413500299997395,2.1805191619873048,-9.636661682128906,-2.114678616333008
18.42055970002548,2.1499930908203124,-9.60793126220703,-2.108693112182617
18.42787490002229,2.146401788330078,-9.603142858886718,-2.127248175048828
18.43481640002574,2.1625626495361328,-9.604938510131836,-2.110488763427734
18.44125550001627,2.166153952026367,-9.611522564697266,-2.1158757171630858
18.44747010001447,2.1900959686279298,-9.586981997680663,-2.090138049316406
18.454037000017706,2.167351052856445,-9.616909518432617,-2.1308394775390624
18.459521100012353,2.1446061370849607,-9.613318215942382,-2.1966800231933594
18.46794930001488,2.139219183349609,-9.57620809020996,-2.133832229614258
18.477763700007927,2.212840884399414,-9.600150106811522,-2.128445275878906
18.484821200021543,2.175730758666992,-9.627683425903319,-2.1422119354248044
18.495359400025336,2.1128829650878904,-9.585186346435547,-2.11946701965332
18.502768800011836,2.1547814941406247,-9.583989245605467,-2.1302409271240235
18.508552400016924,2.1709423553466793,-9.602544308471678,-2.1422119354248044
18.514419100014493,2.1589713470458984,-9.580397943115234,-2.11946701965332
18.521605600020848,2.1595698974609374,-9.568426934814452,-2.1410148345947264
18.527507100021467,2.1607669982910154,-9.597157354736327,-2.1398177337646485
18.536828800017247,2.2008698760986327,-9.628880526733397,-2.157175695800781
18.547143100004178,2.17692785949707,-9.598953005981445,-2.1302409271240235
18.55537810001988,2.1505916412353514,-9.637260232543944,-2.070984436035156
18.5625132000132,2.120065570068359,-9.573813888549804,-2.1062989105224608
18.571624600008363,2.1691467041015624,-9.567828384399414,-2.1487959899902345
18.57840810000198,2.1775264099121094,-9.579799392700195,-2.15777424621582
18.586967200011713,2.13862063293457,-9.637260232543944,-2.1416133850097654
18.596719900000608,2.1511901916503904,-9.620500820922851,-2.1122844146728514
18.603815900016343,2.155978594970703,-9.597755905151367,-2.1308394775390624
18.611361600022065,2.1062989105224608,-9.599551556396484,-2.118868469238281
18.618366500013508,2.223614791870117,-9.585784896850585,-2.105700360107422
18.627213800005848,2.156577145385742,-9.612121115112304,-2.1212626708984375
18.635534600005485,2.174533657836914,-9.610924014282226,-2.1607669982910154
18.64420430001337,2.145803237915039,-9.602544308471678,-2.166153952026367
18.654814600013196,2.1164742675781247,-9.62169792175293,-2.1116858642578125
18.662929400015855,2.1691467041015624,-9.609128363037108,-2.1039047088623044
18.672902300022542,2.1733365570068357,-9.600748657226562,-2.126649624633789
18.68048340000678,2.164956851196289,-9.634866030883789,-2.1134815155029294
18.68878440000117,2.1631611999511717,-9.617508068847656,-2.147000338745117
18.699110100016696,2.1906945190429687,-9.60793126220703,-2.099714855957031
18.710768999997526,2.1511901916503904,-9.592368951416015,-2.1152771667480468
18.717684400005965,2.167351052856445,-9.613916766357422,-2.139219183349609
18.72519700002158,2.1529858428955078,-9.572616787719726,-2.164956851196289
18.73198950002552,2.166752502441406,-9.585186346435547,-2.1260510742187497
18.738569200009806,2.1691467041015624,-9.611522564697266,-2.1517887420654294
18.74497150001116,2.1739351074218747,-9.56962403564453,-2.138022082519531
18.752155000023777,2.147598889160156,-9.598953005981445,-2.146401788330078
18.758070600015344,2.1128829650878904,-9.627084875488281,-2.120065570068359
18.76687160000438,2.224811892700195,-9.597755905151367,-2.1248539733886718
18.774984100018628,2.1452046874999997,-9.60793126220703,-2.129642376708984
18.782527400006074,2.2182278381347653,-9.568426934814452,-2.1074960113525387
18.78997559999698,2.1685481536865234,-9.6013472076416,-2.1541829437255857
18.79783390002558,2.1589713470458984,-9.617508068847656,-2.133233679199219
18.805005600006552,2.1703438049316404,-9.627084875488281,-2.123656872558594
18.81353980000131,2.156577145385742,-9.623493572998047,-2.1206641204833985
18.821932999999262,2.1535843933105467,-9.598354455566406,-2.129642376708984
18.830162199999904,2.1583727966308595,-9.591171850585937,-2.1404162841796874
18.837928599998122,2.13862063293457,-9.602544308471678,-2.1033061584472654
18.845544000010705,2.1912930694580077,-9.623493572998047,-2.128445275878906
18.852583400002914,2.155380044555664,-9.606135610961914,-2.1158757171630858
18.858076500007883,2.155380044555664,-9.592368951416015,-2.1218612213134764
18.86663669999689,2.1541829437255857,-9.623493572998047,-2.136824981689453
18.874032899999293,2.166752502441406,-9.654618194580078,-2.133233679199219
18.882194000005256,2.147598889160156,-9.6396544342041,-2.1350293304443357
18.889709600014612,2.155380044555664,-9.60793126220703,-2.1254525238037107
18.897363199997926,2.1416133850097654,-9.620500820922851,-2.1607669982910154
18.904720200021984,2.166752502441406,-9.599551556396484,-2.1027076080322264
18.911979099997552,2.156577145385742,-9.59476315307617,-2.138022082519531
18.919204800011357,2.1493945404052734,-9.603741409301758,-2.123656872558594
18.92607380001573,2.184110464477539,-9.622895022583007,-2.147598889160156
18.932898099999875,2.146401788330078,-9.624690673828125,-2.1416133850097654
18.94052050000755,2.1505916412353514,-9.60852981262207,-2.100911956787109
18.94646630002535,2.1314380279541014,-9.613916766357422,-2.148197439575195
18.951951900002314,2.1990742248535153,-9.589974749755859,-2.1727380065917967
18.95809260001988,2.1883003173828124,-9.615712417602538,-2.1344307800292968
18.96487190001062,2.1487959899902345,-9.60194575805664,-2.13862063293457
18.970831400016323,2.1583727966308595,-9.606135610961914,-2.0931308013916015
18.97653800001717,2.1535843933105467,-9.616909518432617,-2.0979192047119137
18.98222030000761,2.166153952026367,-9.6013472076416,-2.100911956787109
18.987977000011597,2.1972785736083984,-9.602544308471678,-2.133233679199219
18.99305620000814,2.2284031951904297,-9.616310968017578,-2.0967221038818358
18.998511900019366,2.1709423553466793,-9.655216744995117,-2.1589713470458984
19.00659220002126,2.1972785736083984,-9.581595043945311,-2.1535843933105467
19.01388500002213,2.1733365570068357,-9.562441430664062,-2.127248175048828
19.021502900024643,2.1541829437255857,-9.636063131713867,-2.129043826293945
19.027639800013276,2.1326351287841794,-9.598354455566406,-2.1015105072021485
19.034857799997553,2.1679496032714844,-9.622895022583007,-2.109890213012695
19.0409494000196,2.15777424621582,-9.588777648925781,-2.128445275878906
19.047689400002128,2.174533657836914,-9.58339069519043,-2.139219183349609
19.05486689999816,2.129043826293945,-9.60852981262207,-2.1302409271240235
19.06215990000055,2.1344307800292968,-9.572018237304688,-2.1164742675781247
19.069628099998226,2.17692785949707,-9.579799392700195,-2.1027076080322264
19.077026600018144,2.1799206115722654,-9.61451531677246,-2.137423532104492
19.083132100000512,2.1996727752685548,-9.625887774658203,-2.114080065917969
19.09106880001491,2.1930887207031247,-9.625887774658203,-2.1499930908203124
19.102038500015624,2.1164742675781247,-9.588179098510741,-2.118868469238281
19.11268160000327,2.194285821533203,-9.628281976318359,-2.1206641204833985
19.124239800003124,2.1541829437255857,-9.586981997680663,-2.129642376708984
19.13846790001844,2.1619640991210938,-9.62169792175293,-2.1134815155029294
19.148438600008376,2.1398177337646485,-9.59476315307617,-2.1248539733886718
19.157734800013714,2.1805191619873048,-9.618705169677733,-2.1260510742187497
19.167203100019833,2.1452046874999997,-9.57022258605957,-2.1398177337646485
19.175818500021705,2.142810485839844,-9.58339069519043,-2.1529858428955078
19.185387200006517,2.2074539306640624,-9.589974749755859,-2.1308394775390624
19.194934200000716,2.166153952026367,-9.588777648925781,-2.139219183349609
19.205837900022743,2.157175695800781,-9.591770401000977,-2.129043826293945
19.219640399998752,2.1583727966308595,-9.624690673828125,-2.1152771667480468
19.23681740000029,2.1487959899902345,-9.627084875488281,-2.1152771667480468
19.25556640001014,2.1775264099121094,-9.63366893005371,-2.13862063293457
19.274563600018155,2.148197439575195,-9.599551556396484,-2.127248175048828
19.292309900018154,2.136824981689453,-9.567828384399414,-2.110488763427734
19.310758600011468,2.185307565307617,-9.63366893005371,-2.127846725463867
19.32814640001743,2.166752502441406,-9.59536170349121,-2.1302409271240235
19.34612920001382,2.1739351074218747,-9.604938510131836,-2.1248539733886718
19.36249300002237,2.164956851196289,-9.575010989379882,-2.1212626708984375
19.37895350001054,2.1254525238037107,-9.573215338134766,-2.128445275878906
19.395756000012625,2.17692785949707,-9.606135610961914,-2.1308394775390624
19.412151399999857,2.1529858428955078,-9.619902270507811,-2.110488763427734
19.429853200010257,2.1775264099121094,-9.591770401000977,-2.1440075866699217
19.448006400023587,2.1739351074218747,-9.583989245605467,-2.1260510742187497
19.464369900000747,2.186504666137695,-9.612121115112304,-2.147598889160156
19.47974150002119,2.1715409057617188,-9.625887774658203,-2.124255422973633
19.486963500006823,2.1697452545166014,-9.62109937133789,-2.1493945404052734
19.494616600015434,2.145803237915039,-9.618106619262695,-2.127248175048828
19.500022799998987,2.1775264099121094,-9.579200842285156,-2.1739351074218747
19.506621800013818,2.1691467041015624,-9.60793126220703,-2.1416133850097654
19.512827900005504,2.1775264099121094,-9.567229833984374,-2.1308394775390624
19.517796300002374,2.1589713470458984,-9.58339069519043,-2.138022082519531
19.523330199997872,2.2158336364746094,-9.610924014282226,-2.1452046874999997
19.530323100014357,2.165555401611328,-9.632471829223633,-2.1356278808593747
19.536782000010135,2.1422119354248044,-9.593566052246093,-2.133832229614258
19.543574400013313,2.1511901916503904,-9.642048635864258,-2.118269918823242
19.550139700004365,2.1793220611572264,-9.572018237304688,-2.13862063293457
19.556395599996904,2.1643583007812497,-9.600150106811522,-2.1068974609374997
19.563437200005865,2.1254525238037107,-9.590573300170897,-2.0919337005615235
19.570807100011734,2.1823148132324217,-9.594164602661133,-2.1422119354248044
19.57768909999868,2.148197439575195,-9.61451531677246,-2.1643583007812497
19.58331580000231,2.2008698760986327,-9.637260232543944,-2.148197439575195
19.589394800015725,2.090736599731445,-9.642647186279296,-2.1212626708984375
19.595572700025514,2.1302409271240235,-9.618705169677733,-2.127248175048828
19.60189660001197,2.1679496032714844,-9.62109937133789,-2.1158757171630858
19.60878790001152,2.13862063293457,-9.643245736694336,-2.1254525238037107
19.614007299998775,2.1811177124023438,-9.609128363037108,-2.1308394775390624
19.620704000000842,2.175132208251953,-9.610924014282226,-2.1499930908203124
19.628215600008843,2.166752502441406,-9.595960253906249,-2.127846725463867
19.634913400019286,2.1835119140624997,-9.62169792175293,-2.108693112182617
19.641472500021337,2.186504666137695,-9.595960253906249,-2.1015105072021485
19.648039100022288,2.1691467041015624,-9.6013472076416,-2.100911956787109
19.654609000019263,2.157175695800781,-9.577405191040038,-2.1416133850097654
19.66163710001274,2.1212626708984375,-9.627683425903319,-2.123656872558594
19.66768179999781,2.155978594970703,-9.583989245605467,-2.118269918823242
19.674404000019422,2.1212626708984375,-9.612121115112304,-2.1619640991210938
19.681069900019793,2.1619640991210938,-9.598953005981445,-2.1122844146728514
19.68740960001014,2.1799206115722654,-9.606734161376952,-2.1260510742187497
19.694214400020428,2.157175695800781,-9.619902270507811,-2.1164742675781247
19.70196050000959,2.194884371948242,-9.62169792175293,-2.085948196411133
19.70809040000313,2.195482922363281,-9.637260232543944,-2.123656872558594
19.715861200005747,2.136226431274414,-9.598953005981445,-2.145803237915039
19.722589700017124,2.164956851196289,-9.598354455566406,-2.1206641204833985
19.730094600003213,2.147598889160156,-9.606135610961914,-2.094926452636719
19.73773630001233,2.1703438049316404,-9.58339069519043,-2.1326351287841794
19.74600549999741,2.1404162841796874,-9.58339069519043,-2.1248539733886718
19.754593300021952,2.1984756744384764,-9.642048635864258,-2.129043826293945
19.764098500018008,2.1613655487060544,-9.623493572998047,-2.1517887420654294
19.77355010001338,2.1589713470458984,-9.623493572998047,-2.1344307800292968
19.780959000025177,2.184110464477539,-9.57022258605957,-2.1158757171630858
19.789372800005367,2.1619640991210938,-9.606135610961914,-2.126649624633789
19.798139600025024,2.1517887420654294,-9.619303720092773,-2.1398177337646485
19.807132200017804,2.15777424621582,-9.60194575805664,-2.124255422973633
19.8149592000118,2.1517887420654294,-9.579799392700195,-2.1440075866699217
19.823033900000155,2.1613655487060544,-9.604339959716796,-2.118269918823242
19.830326600000262,2.1829133636474607,-9.619303720092773,-2.114678616333008
19.837484400020912,2.166752502441406,-9.610325463867188,-2.13862063293457
19.84431890002452,2.1452046874999997,-9.624092123413085,-2.1254525238037107
19.851985400018748,2.175132208251953,-9.642647186279296,-2.142810485839844
19.859377400018275,2.13862063293457,-9.654019644165038,-2.1128829650878904
19.866399100021226,2.1601684478759764,-9.626486325073241,-2.118269918823242
19.87270050001098,2.1625626495361328,-9.598354455566406,-2.137423532104492
19.881948499998543,2.1715409057617188,-9.645639938354492,-2.1248539733886718
19.88865390000865,2.1326351287841794,-9.600748657226562,-2.137423532104492
19.8950945000106,2.136226431274414,-9.59476315307617,-2.1260510742187497
19.901955500012264,2.1835119140624997,-9.598953005981445,-2.1350293304443357
19.90872910001781,2.167351052856445,-9.612121115112304,-2.1206641204833985
19.915941600018414,2.129043826293945,-9.603741409301758,-2.138022082519531
19.922820300009334,2.15777424621582,-9.630676177978515,-2.11946701965332
19.929146500013303,2.157175695800781,-9.60194575805664,-2.1230583221435544
19.935721300018486,2.1679496032714844,-9.592967501831055,-2.1631611999511717
19.94247730000643,2.1835119140624997,-9.636063131713867,-2.120065570068359
19.949715900002047,2.15777424621582,-9.567828384399414,-2.1446061370849607
19.95702460000757,2.155978594970703,-9.600748657226562,-2.114678616333008
19.964232400001492,2.152387292480469,-9.603142858886718,-2.136226431274414
19.971722000016598,2.1637597503662107,-9.64025298461914,-2.1398177337646485
19.97814630001085,2.1589713470458984,-9.585186346435547,-2.1440075866699217
19.984516700002132,2.1685481536865234,-9.581595043945311,-2.1446061370849607
19.99144540002453,2.1775264099121094,-9.583989245605467,-2.104503259277344
19.998024300002726,2.184110464477539,-9.580996493530273,-2.096123553466797
20.00417290002224,2.1793220611572264,-9.620500820922851,-2.1254525238037107
20.011772300000302,2.185906115722656,-9.561244329833984,-2.0883423980712887
20.019329100003233,2.194285821533203,-9.619902270507811,-2.1625626495361328
20.025715600000694,2.195482922363281,-9.629479077148437,-2.1158757171630858
20.03323480000836,2.1350293304443357,-9.585784896850585,-2.128445275878906
20.0410133000114,2.1823148132324217,-9.607332711791992,-2.1230583221435544
20.047526800015476,2.184709014892578,-9.603741409301758,-2.123656872558594
20.05494680002448,2.136824981689453,-9.580996493530273,-2.129642376708984
20.061446300009266,2.1607669982910154,-9.58279214477539,-2.1416133850097654
20.069492300011916,2.1739351074218747,-9.597755905151367,-2.099714855957031
20.076648600021144,2.1906945190429687,-9.604938510131836,-2.114678616333008
20.084780900011538,2.185906115722656,-9.622895022583007,-2.1434090362548828
20.09198280001874,2.1499930908203124,-9.610924014282226,-2.1254525238037107
20.098746200004825,2.1781249603271484,-9.623493572998047,-2.148197439575195
20.10689110000385,2.1416133850097654,-9.624690673828125,-2.1487959899902345
20.116027700016275,2.1930887207031247,-9.578602291870117,-2.128445275878906
20.124560199998086,2.1260510742187497,-9.58339069519043,-2.1308394775390624
20.132935800007544,2.203264077758789,-9.635464581298828,-2.1314380279541014
20.141601600014837,2.1679496032714844,-9.609726913452148,-2.128445275878906
20.149857800017344,2.1817162628173827,-9.600150106811522,-2.1248539733886718
20.158887099998537,2.1625626495361328,-9.577405191040038,-2.108693112182617
20.16676860000007,2.184709014892578,-9.594164602661133,-2.1248539733886718
20.17401850002352,2.1248539733886718,-9.607332711791992,-2.1302409271240235
20.18166420000489,2.1733365570068357,-9.6151138671875,-2.1446061370849607
20.188955100020394,2.1595698974609374,-9.609128363037108,-2.10031340637207
20.196616600005655,2.133233679199219,-9.610924014282226,-2.1589713470458984
20.20368830001098,2.205658279418945,-9.640851535034178,-2.1122844146728514
20.210427300015,2.1326351287841794,-9.628281976318359,-2.0937293518066404
20.216434100002516,2.1793220611572264,-9.566032733154296,-2.105700360107422
20.222741200006567,2.1978771240234374,-9.566032733154296,-2.1248539733886718
20.22935999999754,2.1781249603271484,-9.592967501831055,-2.1062989105224608
20.23554670001613,2.1679496032714844,-9.603741409301758,-2.133233679199219
20.24283880001167,2.1709423553466793,-9.602544308471678,-2.133233679199219
20.251527800020995,2.1619640991210938,-9.636063131713867,-2.1350293304443357
20.25918829999864,2.1906945190429687,-9.589974749755859,-2.156577145385742
20.26644610002404,2.194884371948242,-9.599551556396484,-2.1493945404052734
20.273279100016225,2.194285821533203,-9.618705169677733,-2.147598889160156
20.280998000002,2.124255422973633,-9.609726913452148,-2.1517887420654294
20.288825199997518,2.1547814941406247,-9.60793126220703,-2.138022082519531
20.294587300013518,2.1499930908203124,-9.625887774658203,-2.1344307800292968
20.29994810000062,2.2026655273437497,-9.613916766357422,-2.1062989105224608
20.30562940001255,2.1799206115722654,-9.613916766357422,-2.1230583221435544
20.311424200015608,2.1811177124023438,-9.585784896850585,-2.1404162841796874
20.31721790001029,2.164956851196289,-9.600150106811522,-2.1320365783691404
20.323197000019718,2.1912930694580077,-9.564237081909178,-2.0931308013916015
20.329146200005198,2.15777424621582,-9.597755905151367,-2.080561242675781
20.334608000004664,2.155978594970703,-9.591770401000977,-2.147000338745117
20.340455800003838,2.1691467041015624,-9.615712417602538,-2.146401788330078
20.346345199999632,2.1703438049316404,-9.55645592651367,-2.1254525238037107
20.351821400021436,2.1230583221435544,-9.60194575805664,-2.109890213012695
20.357043000025442,2.1811177124023438,-9.619303720092773,-2.136824981689453
20.365450400015106,2.1835119140624997,-9.582193594360351,-2.1721394561767577
20.371627000014996,2.1595698974609374,-9.616909518432617,-2.147000338745117
20.377158800023608,2.142810485839844,-9.588179098510741,-2.098517755126953
20.382802400010405,2.1613655487060544,-9.599551556396484,-2.104503259277344
20.388345900020795,2.2080524810791013,-9.575010989379882,-2.1356278808593747
20.39415380000719,2.1601684478759764,-9.610325463867188,-2.1134815155029294
20.399577900010627,2.142810485839844,-9.616310968017578,-2.1152771667480468
20.405170100013493,2.1727380065917967,-9.612719665527344,-2.0925322509765625
20.410778100020252,2.148197439575195,-9.63307037963867,-2.1110873138427735
20.41631060000509,2.1697452545166014,-9.599551556396484,-2.1254525238037107
20.42197809999925,2.1799206115722654,-9.624690673828125,-2.129043826293945
20.427843700017547,2.1547814941406247,-9.596558804321289,-2.117072817993164
20.4367246000038,2.1440075866699217,-9.585186346435547,-2.1248539733886718
20.444518100004643,2.155978594970703,-9.56962403564453,-2.0787655914306638
20.45596310001565,2.1888988677978514,-9.619303720092773,-2.118868469238281
20.468072800023947,2.193687271118164,-9.600150106811522,-2.1206641204833985
20.473683200019877,2.1721394561767577,-9.610325463867188,-2.1493945404052734
20.479381500015734,2.17692785949707,-9.622895022583007,-2.108693112182617
20.484636400011368,2.1924901702880857,-9.584587796020507,-2.1434090362548828
20.48969909999869,2.1601684478759764,-9.569025485229492,-2.088940948486328
20.495676700025797,2.1883003173828124,-9.591770401000977,-2.0931308013916015
20.50244520002161,2.1643583007812497,-9.575010989379882,-2.136824981689453
20.507827800000086,2.176329309082031,-9.57620809020996,-2.104503259277344
20.51328910002485,2.1835119140624997,-9.575010989379882,-2.1619640991210938
20.51857730001211,2.137423532104492,-9.628281976318359,-2.13862063293457
20.52354560000822,2.176329309082031,-9.631274728393555,-2.104503259277344
20.528817600017646,2.1715409057617188,-9.579799392700195,-2.1517887420654294
20.534155900008045,2.184110464477539,-9.568426934814452,-2.109890213012695
20.53976860002149,2.21523508605957,-9.606734161376952,-2.124255422973633
20.545079300005455,2.1883003173828124,-9.611522564697266,-2.109890213012695
20.550189400004456,2.1679496032714844,-9.545682019042967,-2.128445275878906
20.557200700015528,2.1356278808593747,-9.580996493530273,-2.091335150146484
20.562698900001124,2.203264077758789,-9.625289224243163,-2.137423532104492
20.568426800018642,2.185307565307617,-9.62169792175293,-2.1308394775390624
20.573649099998875,2.1350293304443357,-9.604938510131836,-2.1074960113525387
20.578996099997312,2.1715409057617188,-9.6396544342041,-2.118868469238281
20.586668600008124,2.1739351074218747,-9.602544308471678,-2.139219183349609
20.593682900012936,2.184709014892578,-9.618106619262695,-2.0739771881103515
20.60142099999939,2.1601684478759764,-9.571419686889648,-2.1248539733886718
20.60910140001215,2.174533657836914,-9.589376199340819,-2.136824981689453
20.616949200019008,2.1589713470458984,-9.61451531677246,-2.108094561767578
20.625127800012706,2.1326351287841794,-9.613318215942382,-2.1499930908203124
20.63257300000987,2.1517887420654294,-9.606734161376952,-2.152387292480469
20.640067900007125,2.1589713470458984,-9.64025298461914,-2.1410148345947264
20.64759390000836,2.1643583007812497,-9.6151138671875,-2.117072817993164
20.65583540001535,2.1547814941406247,-9.628880526733397,-2.124255422973633
20.663296900020214,2.166153952026367,-9.634866030883789,-2.098517755126953
20.670521899999585,2.1505916412353514,-9.584587796020507,-2.127248175048828
20.677255000016885,2.1805191619873048,-9.626486325073241,-2.0829554443359375
20.683567500003846,2.2080524810791013,-9.612121115112304,-2.1326351287841794
20.68945760000497,2.1583727966308595,-9.648632690429688,-2.1254525238037107
20.69507300000987,2.1721394561767577,-9.658808047485351,-2.1440075866699217
20.70223380002426,2.1631611999511717,-9.624092123413085,-2.1434090362548828
20.713086100004148,2.110488763427734,-9.573215338134766,-2.0841525451660154
20.718867500021588,2.1595698974609374,-9.596558804321289,-2.095525003051758
20.7247095000057,2.118868469238281,-9.629479077148437,-2.142810485839844
20.732825100014452,2.1248539733886718,-9.595960253906249,-2.1398177337646485
20.739488200022606,2.1416133850097654,-9.61451531677246,-2.1206641204833985
20.746756700013066,2.156577145385742,-9.658209497070311,-2.091335150146484
20.754444600024726,2.1966800231933594,-9.618106619262695,-2.1206641204833985
20.76094990002457,2.1505916412353514,-9.624092123413085,-2.1410148345947264
20.76839410001412,2.1829133636474607,-9.618705169677733,-2.1302409271240235
20.776836100005312,2.1302409271240235,-9.58339069519043,-2.167351052856445
20.7831162000075,2.204461178588867,-9.676166009521484,-2.123656872558594
20.78956120001385,2.164956851196289,-9.5630399810791,-2.0967221038818358
20.798634000006132,2.1900959686279298,-9.610325463867188,-2.117671368408203
20.805050900002243,2.2026655273437497,-9.615712417602538,-2.1410148345947264
20.811180200020317,2.1787235107421874,-9.645041387939452,-2.076371389770508
20.8188225000049,2.164956851196289,-9.617508068847656,-2.118269918823242
20.8263429000217,2.1637597503662107,-9.591770401000977,-2.129043826293945
20.83421540001291,2.186504666137695,-9.596558804321289,-2.1422119354248044
20.844661300012376,2.166752502441406,-9.582193594360351,-2.133832229614258
20.851569100021152,2.1637597503662107,-9.638457333374022,-2.133832229614258
20.85979970000335,2.1410148345947264,-9.647435589599608,-2.114080065917969
20.867083899996942,2.1709423553466793,-9.597755905151367,-2.0967221038818358
20.875320400024066,2.1583727966308595,-9.574412438964844,-2.1404162841796874
20.88431049999781,2.1679496032714844,-9.589974749755859,-2.1344307800292968
20.891539900010685,2.175132208251953,-9.587580548095703,-2.136824981689453
20.898778800008586,2.1733365570068357,-9.610924014282226,-2.0829554443359375
20.905743300012546,2.1685481536865234,-9.572018237304688,-2.1015105072021485
20.912885099998675,2.2002713256835937,-9.606734161376952,-2.1068974609374997
20.919804400007706,2.1685481536865234,-9.60194575805664,-2.1116858642578125
20.92833010002505,2.1877017669677734,-9.606734161376952,-2.1410148345947264
20.935335600021062,2.1589713470458984,-9.624092123413085,-2.110488763427734
20.943302600004245,2.1583727966308595,-9.594164602661133,-2.142810485839844
20.95353850000538,2.1619640991210938,-9.631873278808593,-2.0829554443359375
20.971151000005193,2.1805191619873048,-9.640851535034178,-2.137423532104492
20.98323939999682,2.19608147277832,-9.611522564697266,-2.1422119354248044
20.992205500020646,2.1972785736083984,-9.56962403564453,-2.129642376708984
21.00011190000805,2.1894974182128903,-9.616909518432617,-2.1410148345947264
21.00865960001829,2.145803237915039,-9.6013472076416,-2.118269918823242
21.017042500025127,2.156577145385742,-9.575609539794922,-2.1404162841796874
21.025228400016204,2.1721394561767577,-9.613318215942382,-2.124255422973633
21.03301640000427,2.1817162628173827,-9.63366893005371,-2.1326351287841794
21.04032410000218,2.1703438049316404,-9.620500820922851,-2.1254525238037107
21.048010099999374,2.1350293304443357,-9.613318215942382,-2.124255422973633
21.055991700006416,2.214037985229492,-9.654019644165038,-2.1027076080322264
21.06827200000407,2.1619640991210938,-9.648034140014648,-2.1224597717285154
21.077363700023852,2.1541829437255857,-9.611522564697266,-2.1422119354248044
21.08528880000813,2.1709423553466793,-9.6013472076416,-2.127846725463867
21.094546400010586,2.1679496032714844,-9.59476315307617,-2.117671368408203
21.109850400011055,2.1422119354248044,-9.602544308471678,-2.1122844146728514
21.12453220001771,2.1871032165527344,-9.624092123413085,-2.1164742675781247
21.138386200007517,2.137423532104492,-9.600748657226562,-2.109890213012695
21.154132700001355,2.1595698974609374,-9.597157354736327,-2.1152771667480468
21.168816100020194,2.1631611999511717,-9.613318215942382,-2.129642376708984
21.182410400011577,2.127846725463867,-9.618705169677733,-2.1505916412353514
21.20039650000399,2.15777424621582,-9.610325463867188,-2.1529858428955078
21.215570600004867,2.155380044555664,-9.624092123413085,-2.1308394775390624
21.23312370001804,2.1499930908203124,-9.645041387939452,-2.1021090576171875
21.249405800015666,2.1883003173828124,-9.593566052246093,-2.117072817993164
21.263772100006463,2.128445275878906,-9.583989245605467,-2.1326351287841794
21.27733840001747,2.129642376708984,-9.617508068847656,-2.1218612213134764
21.291230100003304,2.124255422973633,-9.598953005981445,-2.1248539733886718
21.305952399998205,2.1631611999511717,-9.585186346435547,-2.1619640991210938
21.324883799999952,2.1607669982910154,-9.589376199340819,-2.1122844146728514
21.339501400012523,2.1631611999511717,-9.597157354736327,-2.1134815155029294
21.354201600013766,2.133233679199219,-9.636063131713867,-2.1116858642578125
21.36970820001443,2.164956851196289,-9.615712417602538,-2.1015105072021485
21.387988600006793,2.139219183349609,-9.572616787719726,-2.1206641204833985
21.407030300004408,2.1733365570068357,-9.606135610961914,-2.1583727966308595
21.420754600025248,2.1607669982910154,-9.6396544342041,-2.1164742675781247
21.434903600020334,2.1254525238037107,-9.6151138671875,-2.1487959899902345
21.452770200005034,2.184110464477539,-9.6151138671875,-2.128445275878906
21.472120000020368,2.175730758666992,-9.589376199340819,-2.133832229614258
21.487060700019356,2.1679496032714844,-9.604339959716796,-2.1122844146728514
21.501658100023633,2.186504666137695,-9.619303720092773,-2.1643583007812497
21.518086399999447,2.1691467041015624,-9.602544308471678,-2.109890213012695
21.535874699999113,2.1218612213134764,-9.6396544342041,-2.148197439575195
21.553396700008307,2.1883003173828124,-9.623493572998047,-2.0979192047119137
21.570347000000766,2.1613655487060544,-9.588777648925781,-2.1308394775390624
21.585674100002507,2.1440075866699217,-9.584587796020507,-2.1446061370849607
21.60271810000995,2.1637597503662107,-9.634267480468749,-2.1218612213134764
21.61950830000569,2.1775264099121094,-9.627084875488281,-2.098517755126953
21.634815600002185,2.185307565307617,-9.600748657226562,-2.0973206542968748
21.649680300004547,2.1493945404052734,-9.65282254333496,-2.090138049316406
21.66389789999812,2.1583727966308595,-9.568426934814452,-2.137423532104492
21.682554700004403,2.1440075866699217,-9.622895022583007,-2.1152771667480468
21.696839700016426,2.1697452545166014,-9.642647186279296,-2.133233679199219
21.709181100013666,2.1314380279541014,-9.615712417602538,-2.124255422973633
21.727015400014352,2.17692785949707,-9.581595043945311,-2.124255422973633
21.743343400012236,2.1643583007812497,-9.637260232543944,-2.1134815155029294
21.761259699997026,2.1709423553466793,-9.641450085449218,-2.099116305541992
21.777840499999,2.1625626495361328,-9.642647186279296,-2.088940948486328
21.79707800000324,2.2104466827392577,-9.643245736694336,-2.128445275878906
21.816388900013408,2.1134815155029294,-9.558251577758789,-2.117671368408203
21.833689300023252,2.147598889160156,-9.585784896850585,-2.126649624633789
21.848217500024475,2.1721394561767577,-9.605537060546874,-2.1302409271240235
21.864417900011176,2.127248175048828,-9.610924014282226,-2.120065570068359
21.882320100005018,2.129642376708984,-9.599551556396484,-2.1404162841796874
21.898675500007812,2.1529858428955078,-9.639055883789062,-2.133233679199219
21.91785900000832,2.165555401611328,-9.578602291870117,-2.126649624633789
21.93687740000314,2.1529858428955078,-9.624690673828125,-2.133233679199219
21.954081300005782,2.147598889160156,-9.596558804321289,-2.114678616333008
21.96837090002373,2.1452046874999997,-9.604938510131836,-2.123656872558594
21.985672400012845,2.1547814941406247,-9.599551556396484,-2.1152771667480468
21.99854860000778,2.145803237915039,-9.573215338134766,-2.137423532104492
22.014357900014147,2.1440075866699217,-9.618705169677733,-2.1212626708984375
22.02916110001388,2.1888988677978514,-9.600150106811522,-2.109291662597656
22.048970700008795,2.1918916198730467,-9.572616787719726,-2.124255422973633
22.06783800001722,2.129642376708984,-9.579200842285156,-2.133832229614258
22.08760900000925,2.185906115722656,-9.62109937133789,-2.127846725463867
22.103251200023806,2.1595698974609374,-9.613916766357422,-2.1344307800292968
22.114725300023565,2.0973206542968748,-9.63307037963867,-2.090736599731445
22.129067700007,2.136824981689453,-9.599551556396484,-2.108094561767578
22.140868200018303,2.1511901916503904,-9.630676177978515,-2.127248175048828
22.150861000001896,2.1583727966308595,-9.594164602661133,-2.1607669982910154
22.161218699999154,2.1727380065917967,-9.591770401000977,-2.1493945404052734
22.17182360001607,2.1583727966308595,-9.585186346435547,-2.120065570068359
22.182857100007823,2.1583727966308595,-9.624690673828125,-2.069787335205078
22.19800140001462,2.1607669982910154,-9.589974749755859,-2.1320365783691404
22.215029900020454,2.176329309082031,-9.61451531677246,-2.0943279022216794
22.23445400001947,2.1643583007812497,-9.548076220703125,-2.1715409057617188
22.254296600003727,2.1643583007812497,-9.687538467407226,-2.157175695800781
22.270957600005204,2.1871032165527344,-9.578602291870117,-2.136226431274414
22.285757000005106,2.152387292480469,-9.61451531677246,-2.1212626708984375
22.300638200016692,2.185906115722656,-9.619303720092773,-2.1314380279541014
22.31670640001539,2.184110464477539,-9.645041387939452,-2.136226431274414
22.33185030001914,2.146401788330078,-9.568426934814452,-2.156577145385742
22.34591630002251,2.185307565307617,-9.609128363037108,-2.152387292480469
22.361251900001662,2.136226431274414,-9.567828384399414,-2.136824981689453
22.37705989999813,2.126649624633789,-9.599551556396484,-2.156577145385742
22.391672700003255,2.1248539733886718,-9.583989245605467,-2.1529858428955078
22.40888190001715,2.1535843933105467,-9.615712417602538,-2.133233679199219
22.42396440001903,2.166153952026367,-9.631274728393555,-2.120065570068359
22.435959399997955,2.1613655487060544,-9.616909518432617,-2.1224597717285154
22.451956600008998,2.1254525238037107,-9.606135610961914,-2.133233679199219
22.466189200000372,2.1613655487060544,-9.611522564697266,-2.146401788330078
22.485206800018204,2.1894974182128903,-9.580996493530273,-2.1499930908203124
22.50439090002328,2.147000338745117,-9.644442837524414,-2.1164742675781247
22.51968290001969,2.176329309082031,-9.6151138671875,-2.15777424621582
22.538990000000922,2.1835119140624997,-9.610325463867188,-2.1254525238037107
22.557739500014577,2.1398177337646485,-9.60852981262207,-2.118269918823242
22.572340800019447,2.1493945404052734,-9.604938510131836,-2.133233679199219
22.588603200012585,2.1679496032714844,-9.628281976318359,-2.1039047088623044
22.599483600002714,2.175730758666992,-9.602544308471678,-2.128445275878906
22.615311900008237,2.1302409271240235,-9.60194575805664,-2.114678616333008
22.630523300002096,2.148197439575195,-9.591171850585937,-2.117671368408203
22.644494500011206,2.1691467041015624,-9.606135610961914,-2.079962692260742
22.65281070000492,2.1547814941406247,-9.554660275268555,-2.1733365570068357
22.665974600007758,2.1398177337646485,-9.579799392700195,-2.1404162841796874
22.678555000020424,2.1583727966308595,-9.62169792175293,-2.1404162841796874
22.691688999999315,2.145803237915039,-9.62169792175293,-2.1517887420654294
22.70889220002573,2.1607669982910154,-9.627683425903319,-2.0841525451660154
22.728196900017792,2.1625626495361328,-9.604339959716796,-2.105700360107422
22.74645020000753,2.1912930694580077,-9.602544308471678,-2.139219183349609
22.76610239999718,2.1493945404052734,-9.62169792175293,-2.117671368408203
22.787650600017514,2.1487959899902345,-9.612719665527344,-2.1493945404052734
22.809632500022417,2.157175695800781,-9.610924014282226,-2.110488763427734
22.830096200021217,2.156577145385742,-9.574412438964844,-2.1308394775390624
22.845697500015376,2.176329309082031,-9.594164602661133,-2.117072817993164
22.86123960002442,2.186504666137695,-9.619303720092773,-2.1350293304443357
22.879754599998705,2.1601684478759764,-9.576806640625,-2.108094561767578
22.901562500017462,2.155380044555664,-9.598354455566406,-2.129642376708984
22.92326619999949,2.156577145385742,-9.58339069519043,-2.1206641204833985
22.945016300014686,2.1595698974609374,-9.605537060546874,-2.0967221038818358
22.967309600004228,2.145803237915039,-9.60852981262207,-2.1212626708984375
22.98812610001187,2.117671368408203,-9.591770401000977,-2.129043826293945
23.008469599997625,2.1811177124023438,-9.622895022583007,-2.098517755126953
23.025052100012545,2.146401788330078,-9.578602291870117,-2.136226431274414
23.040468799998052,2.138022082519531,-9.549871871948241,-2.1517887420654294
23.056035100016743,2.142810485839844,-9.628281976318359,-2.11946701965332
23.074269400007324,2.117671368408203,-9.603142858886718,-2.1613655487060544
23.09116969999741,2.086546746826172,-9.570821136474608,-2.10031340637207
23.111051800020505,2.1320365783691404,-9.613318215942382,-2.124255422973633
23.127622600004543,2.138022082519531,-9.604938510131836,-2.1158757171630858
23.145142900000792,2.1511901916503904,-9.610325463867188,-2.110488763427734
23.16130200002226,2.174533657836914,-9.612719665527344,-2.1404162841796874
23.17699450001237,2.165555401611328,-9.567828384399414,-2.127846725463867
23.192654600017704,2.1350293304443357,-9.615712417602538,-2.1601684478759764
23.208303500025067,2.2026655273437497,-9.59536170349121,-2.1302409271240235
23.224039900000207,2.114678616333008,-9.57022258605957,-2.1206641204833985
23.23988570002257,2.1835119140624997,-9.610924014282226,-2.1308394775390624
23.258692500006873,2.156577145385742,-9.55705447692871,-2.1260510742187497
23.273676400014665,2.1637597503662107,-9.616909518432617,-2.114080065917969
23.289171700016595,2.155978594970703,-9.628281976318359,-2.099714855957031
23.3052241000114,2.165555401611328,-9.579799392700195,-2.105700360107422
23.319653000013204,2.142810485839844,-9.616310968017578,-2.129043826293945
23.33748509999714,2.1643583007812497,-9.616909518432617,-2.081758343505859
23.35796290001599,2.1894974182128903,-9.594164602661133,-2.1452046874999997
23.373562100023264,2.1487959899902345,-9.566032733154296,-2.1320365783691404
23.39022600001772,2.1930887207031247,-9.575010989379882,-2.118269918823242
23.411065899999812,2.1888988677978514,-9.59536170349121,-2.108094561767578
23.430540300003486,2.165555401611328,-9.60793126220703,-2.0979192047119137
23.4522386000026,2.147598889160156,-9.620500820922851,-2.1541829437255857
23.4709052000253,2.1691467041015624,-9.584587796020507,-2.1248539733886718
23.491936000005808,2.1601684478759764,-9.575010989379882,-2.1487959899902345
23.51320260000648,2.1894974182128903,-9.597157354736327,-2.1218612213134764
23.532001000014134,2.1493945404052734,-9.6151138671875,-2.1583727966308595
23.54792080001789,2.1224597717285154,-9.587580548095703,-2.1422119354248044
23.562818200007314,2.1320365783691404,-9.603741409301758,-2.127846725463867
23.57743350000237,2.1452046874999997,-9.603741409301758,-2.133233679199219
23.596753000019817,2.1775264099121094,-9.617508068847656,-2.1158757171630858
23.61436770000728,2.1505916412353514,-9.595960253906249,-2.1158757171630858
23.636789900017902,2.1787235107421874,-9.59536170349121,-2.1134815155029294
23.655095100024482,2.2008698760986327,-9.589974749755859,-2.1218612213134764
23.675648100004764,2.1350293304443357,-9.568426934814452,-2.1206641204833985
23.694409900024766,2.1529858428955078,-9.598953005981445,-2.1314380279541014
23.716306300018914,2.1685481536865234,-9.59476315307617,-2.1404162841796874
23.736148000025423,2.194285821533203,-9.611522564697266,-2.1452046874999997
23.757293300004676,2.1823148132324217,-9.61451531677246,-2.1320365783691404
23.775837399996817,2.1493945404052734,-9.619303720092773,-2.098517755126953
23.795402900024783,2.19608147277832,-9.622296472167967,-2.1068974609374997
23.816756800020812,2.1978771240234374,-9.609726913452148,-2.1039047088623044
23.837724100012565,2.1499930908203124,-9.631873278808593,-2.136824981689453
23.85990180002409,2.174533657836914,-9.616310968017578,-2.118269918823242
23.874365199997555,2.1703438049316404,-9.62109937133789,-2.138022082519531
23.886775200022385,2.2026655273437497,-9.60852981262207,-2.1619640991210938
23.90461680002045,2.1918916198730467,-9.630077627563477,-2.147598889160156
23.92011440001079,2.175730758666992,-9.589974749755859,-2.1033061584472654
23.937327500025276,2.1356278808593747,-9.595960253906249,-2.1422119354248044
23.954641500022262,2.1434090362548828,-9.630676177978515,-2.117671368408203
23.972579300025245,2.174533657836914,-9.610325463867188,-2.155978594970703
23.989518400019733,2.1541829437255857,-9.590573300170897,-2.148197439575195
24.010089600022184,2.185906115722656,-9.574412438964844,-2.08115979309082
24.02625630001421,2.1787235107421874,-9.576806640625,-2.1248539733886718
24.04253659999813,2.127846725463867,-9.610325463867188,-2.105700360107422
24.057636400015326,2.1541829437255857,-9.600150106811522,-2.10031340637207
24.074187999998685,2.148197439575195,-9.622895022583007,-2.109291662597656
24.086822900018888,2.1440075866699217,-9.584587796020507,-2.099714855957031
24.09941710002022,2.1625626495361328,-9.640851535034178,-2.155380044555664
24.112451300024986,2.1978771240234374,-9.600150106811522,-2.105101809692383
24.123688100022264,2.175730758666992,-9.636063131713867,-2.1709423553466793
24.1348760999972,2.1116858642578125,-9.638457333374022,-2.1116858642578125
24.148334900004556,2.166752502441406,-9.567828384399414,-2.109291662597656
24.16173570000683,2.1966800231933594,-9.590573300170897,-2.1260510742187497
24.17964350001421,2.146401788330078,-9.565434182739256,-2.1416133850097654
24.196898399997735,2.117072817993164,-9.573215338134766,-2.129642376708984
24.21348279999802,2.1110873138427735,-9.64623848876953,-2.1212626708984375
24.231212500017136,2.1613655487060544,-9.597755905151367,-2.1398177337646485
24.248444700002437,2.1697452545166014,-9.605537060546874,-2.095525003051758
24.27177550000488,2.1793220611572264,-9.612121115112304,-2.1308394775390624
24.292339200008428,2.1643583007812497,-9.63366893005371,-2.117072817993164
24.314519500010647,2.165555401611328,-9.585186346435547,-2.1230583221435544
24.333926500024972,2.194884371948242,-9.64623848876953,-2.0931308013916015
24.346269800007576,2.147598889160156,-9.610325463867188,-2.124255422973633
24.35878100001719,2.1212626708984375,-9.643844287109374,-2.118868469238281
24.36904499999946,2.2008698760986327,-9.631873278808593,-2.1529858428955078
24.37723620000179,2.1679496032714844,-9.616909518432617,-2.139219183349609
24.38515560000087,2.1679496032714844,-9.592967501831055,-2.129642376708984
24.39278630001354,2.17692785949707,-9.600150106811522,-2.1152771667480468
24.402988000016194,2.1302409271240235,-9.616909518432617,-2.1302409271240235
24.41169850001461,2.1835119140624997,-9.609726913452148,-2.1110873138427735
24.420889300003182,2.128445275878906,-9.572616787719726,-2.0919337005615235
24.429208000015933,2.1541829437255857,-9.57022258605957,-2.1356278808593747
24.439586100023007,2.1877017669677734,-9.580397943115234,-2.152387292480469
24.44947829999728,2.1446061370849607,-9.616310968017578,-2.1302409271240235
24.4587730000203,2.1212626708984375,-9.595960253906249,-2.142810485839844
24.468583500012755,2.174533657836914,-9.624092123413085,-2.110488763427734
24.478905800002394,2.1224597717285154,-9.542689266967773,-2.129642376708984
24.48768060002476,2.184709014892578,-9.612719665527344,-2.117671368408203
24.49672070000088,2.136824981689453,-9.615712417602538,-2.0979192047119137
24.504851500008954,2.1871032165527344,-9.610924014282226,-2.1541829437255857
24.513679800002137,2.1787235107421874,-9.561842880249023,-2.110488763427734
24.521804800024256,2.19608147277832,-9.628281976318359,-2.105700360107422
24.531470200017793,2.19608147277832,-9.6151138671875,-2.138022082519531
24.539852700021584,2.1727380065917967,-9.575010989379882,-2.129043826293945
24.549050100002205,2.185307565307617,-9.61451531677246,-2.1416133850097654
24.55705040000612,2.1643583007812497,-9.636063131713867,-2.1302409271240235
24.567894200008595,2.1601684478759764,-9.597755905151367,-2.1422119354248044
24.581612900015898,2.1613655487060544,-9.604938510131836,-2.1314380279541014
24.58914230001392,2.1422119354248044,-9.5630399810791,-2.1302409271240235
24.59720620000735,2.1589713470458984,-9.590573300170897,-2.139219183349609
24.60698080001748,2.120065570068359,-9.605537060546874,-2.108094561767578
24.617067000013776,2.1529858428955078,-9.584587796020507,-2.1398177337646485
24.625159000017447,2.1631611999511717,-9.593566052246093,-2.1033061584472654
24.63281320000533,2.1541829437255857,-9.600748657226562,-2.094926452636719
24.640318100020522,2.1679496032714844,-9.611522564697266,-2.1128829650878904
24.649675900000148,2.1122844146728514,-9.623493572998047,-2.1535843933105467
24.656491300003836,2.156577145385742,-9.615712417602538,-2.1356278808593747
24.663214800006244,2.17692785949707,-9.647435589599608,-2.1517887420654294
24.670156300009694,2.1739351074218747,-9.596558804321289,-2.1152771667480468
24.67698720001499,2.1787235107421874,-9.598953005981445,-2.1015105072021485
24.683918599999743,2.1487959899902345,-9.637260232543944,-2.175132208251953
24.691499100008514,2.1793220611572264,-9.641450085449218,-2.090736599731445
24.70252839999739,2.1356278808593747,-9.591171850585937,-2.105700360107422
24.71436569999787,2.1158757171630858,-9.632471829223633,-2.1350293304443357
24.73008700000355,2.1643583007812497,-9.574412438964844,-2.1691467041015624
24.74506200000178,2.1733365570068357,-9.627683425903319,-2.1434090362548828
24.760233600012725,2.1535843933105467,-9.627084875488281,-2.088940948486328
24.77937390000443,2.1511901916503904,-9.617508068847656,-2.1039047088623044
24.798458600009326,2.1613655487060544,-9.567828384399414,-2.1015105072021485
24.818545600021025,2.1739351074218747,-9.598953005981445,-2.1260510742187497
24.837578800012125,2.1721394561767577,-9.594164602661133,-2.0967221038818358
24.85771530002239,2.176329309082031,-9.609726913452148,-2.1116858642578125
24.87764849999803,2.1452046874999997,-9.600748657226562,-2.123656872558594
24.894103800004814,2.1535843933105467,-9.64683703918457,-2.137423532104492
24.910398000007262,2.1487959899902345,-9.623493572998047,-2.1206641204833985
24.924556300014956,2.2164321868896484,-9.641450085449218,-2.110488763427734
24.940366200025892,2.1326351287841794,-9.610924014282226,-2.1715409057617188
24.95403890000307,2.193687271118164,-9.586383447265625,-2.1404162841796874
24.964816500025336,2.133233679199219,-9.624690673828125,-2.1074960113525387
24.975275300006615,2.2020669769287107,-9.56363853149414,-2.136824981689453
24.984756000019843,2.165555401611328,-9.600748657226562,-2.1440075866699217
24.995979400002398,2.156577145385742,-9.643245736694336,-2.1440075866699217
25.006613300007302,2.1721394561767577,-9.580996493530273,-2.142810485839844
25.01794119999977,2.1547814941406247,-9.624092123413085,-2.1350293304443357
25.027319300017552,2.1589713470458984,-9.606135610961914,-2.126649624633789
25.036890100018354,2.1601684478759764,-9.597755905151367,-2.155978594970703
25.050340500019956,2.1589713470458984,-9.606734161376952,-2.139219183349609
25.06515290000243,2.1727380065917967,-9.651026892089844,-2.1212626708984375
25.080366600013804,2.1799206115722654,-9.558251577758789,-2.1152771667480468
25.09167150000576,2.1230583221435544,-9.591770401000977,-2.1589713470458984
25.103192200011108,2.1805191619873048,-9.609128363037108,-2.1320365783691404
25.1166328000254,2.1817162628173827,-9.628281976318359,-2.195482922363281
25.12853929999983,2.152387292480469,-9.624690673828125,-2.129043826293945
25.141462900006445,2.1535843933105467,-9.585784896850585,-2.120065570068359
25.153688899998087,2.1637597503662107,-9.575609539794922,-2.1062989105224608
25.16609650000464,2.184110464477539,-9.595960253906249,-2.1320365783691404
25.177154900011374,2.174533657836914,-9.588777648925781,-2.114678616333008
25.189116800000193,2.152387292480469,-9.616909518432617,-2.1212626708984375
25.202197100006742,2.1583727966308595,-9.590573300170897,-2.094926452636719
25.213483700004872,2.1811177124023438,-9.605537060546874,-2.136226431274414
25.22473370001535,2.147598889160156,-9.607332711791992,-2.1535843933105467
25.23666150000645,2.1924901702880857,-9.651026892089844,-2.1254525238037107
25.248164700024063,2.1416133850097654,-9.591770401000977,-2.1398177337646485
25.259545000008075,2.136824981689453,-9.632471829223633,-2.1033061584472654
25.268069900019327,2.1691467041015624,-9.567828384399414,-2.1068974609374997
25.276752700010547,2.167351052856445,-9.567828384399414,-2.1350293304443357
25.28544300000067,2.136824981689453,-9.643844287109374,-2.1218612213134764
25.29480020000483,2.1416133850097654,-9.637260232543944,-2.1541829437255857
25.3070269000018,2.167351052856445,-9.59476315307617,-2.124255422973633
25.319724100001622,2.1499930908203124,-9.611522564697266,-2.117671368408203
25.331217600003583,2.108094561767578,-9.580397943115234,-2.1541829437255857
25.34236960002454,2.1739351074218747,-9.602544308471678,-2.136226431274414
25.35382080002455,2.142810485839844,-9.580397943115234,-2.136226431274414
25.36590880001313,2.1595698974609374,-9.619902270507811,-2.1122844146728514
25.374482700019144,2.1487959899902345,-9.613318215942382,-2.1446061370849607
25.38262119999854,2.1918916198730467,-9.636661682128906,-2.1493945404052734
25.389923100010492,2.184110464477539,-9.610924014282226,-2.1164742675781247
25.39940170000773,2.2206220397949217,-9.61451531677246,-2.156577145385742
25.40955040001427,2.1260510742187497,-9.622895022583007,-2.1254525238037107
25.419805200013798,2.1643583007812497,-9.598953005981445,-2.136226431274414
25.429775900003733,2.1805191619873048,-9.596558804321289,-2.1356278808593747
25.444217000011122,2.1631611999511717,-9.590573300170897,-2.1709423553466793
25.452639299997827,2.1613655487060544,-9.613916766357422,-2.1529858428955078
25.459948900010204,2.1487959899902345,-9.629479077148437,-2.1499930908203124
25.467624300013995,2.1344307800292968,-9.59536170349121,-2.1128829650878904
25.474771900015185,2.1487959899902345,-9.606135610961914,-2.127846725463867
25.48242390001542,2.1996727752685548,-9.605537060546874,-2.1260510742187497
25.489493600005517,2.166153952026367,-9.570821136474608,-2.1517887420654294
25.4972544000193,2.136226431274414,-9.674968908691406,-2.1829133636474607
25.504401700018207,2.1871032165527344,-9.588179098510741,-2.1302409271240235
25.511731700011296,2.1224597717285154,-9.625887774658203,-2.129642376708984
25.519009800016647,2.1410148345947264,-9.59536170349121,-2.124255422973633
25.52688940000371,2.128445275878906,-9.60793126220703,-2.108693112182617
25.533580600022106,2.1589713470458984,-9.6151138671875,-2.155978594970703
25.540682300023036,2.1697452545166014,-9.62169792175293,-2.1158757171630858
25.547827200003667,2.1877017669677734,-9.598953005981445,-2.1308394775390624
25.55592130002333,2.1499930908203124,-9.579799392700195,-2.1326351287841794
25.56301060001715,2.15777424621582,-9.597755905151367,-2.127248175048828
25.570272800017847,2.1487959899902345,-9.625887774658203,-2.1416133850097654
25.578600500011817,2.164956851196289,-9.552864624023437,-2.1116858642578125
25.58588700002292,2.1799206115722654,-9.605537060546874,-2.147598889160156
25.59276410000166,2.176329309082031,-9.595960253906249,-2.123656872558594
25.60057050001342,2.124255422973633,-9.60793126220703,-2.1440075866699217
25.607669899996836,2.166752502441406,-9.61451531677246,-2.109890213012695
25.617796300008195,2.1793220611572264,-9.610325463867188,-2.129043826293945
25.63777860000846,2.1709423553466793,-9.567229833984374,-2.1164742675781247
25.654052600002615,2.175730758666992,-9.582193594360351,-2.1452046874999997
25.670227700000396,2.1440075866699217,-9.589974749755859,-2.1685481536865234
25.687415899999905,2.1799206115722654,-9.617508068847656,-2.136226431274414
25.70456290000584,2.1894974182128903,-9.635464581298828,-2.1062989105224608
25.723162800015416,2.1721394561767577,-9.592368951416015,-2.155380044555664
25.742528700007824,2.1721394561767577,-9.591171850585937,-2.1260510742187497
25.76123530001496,2.1350293304443357,-9.592368951416015,-2.15777424621582
25.780149099999107,2.2200234893798827,-9.60852981262207,-2.1248539733886718
25.796031600009883,2.1871032165527344,-9.64025298461914,-2.090138049316406
25.81139460002305,2.1643583007812497,-9.573813888549804,-2.145803237915039
25.83073250000598,2.1493945404052734,-9.59476315307617,-2.147000338745117
25.846727299998747,2.157175695800781,-9.598354455566406,-2.088940948486328
25.862111100024777,2.152387292480469,-9.586383447265625,-2.1326351287841794
25.87717010002234,2.1493945404052734,-9.602544308471678,-2.1224597717285154
25.89455270001781,2.185906115722656,-9.619303720092773,-2.090736599731445
25.909188300021924,2.1314380279541014,-9.593566052246093,-2.126649624633789
25.922462800022913,2.1883003173828124,-9.579799392700195,-2.1110873138427735
25.938246900012018,2.1787235107421874,-9.584587796020507,-2.1709423553466793
25.952335200010566,2.148197439575195,-9.619902270507811,-2.165555401611328
25.966835200000787,2.1900959686279298,-9.57022258605957,-2.1218612213134764
25.981393499998376,2.17692785949707,-9.607332711791992,-2.1074960113525387
25.997741300001508,2.1643583007812497,-9.615712417602538,-2.1446061370849607
26.01326030000928,2.1775264099121094,-9.655216744995117,-2.091335150146484
26.0288172000146,2.1894974182128903,-9.609726913452148,-2.129043826293945
26.043979300011415,2.166752502441406,-9.634267480468749,-2.1320365783691404
26.06057349999901,2.2002713256835937,-9.611522564697266,-2.136824981689453
26.07794710001326,2.1727380065917967,-9.613318215942382,-2.109291662597656
26.09419030000572,2.1906945190429687,-9.61451531677246,-2.1350293304443357
26.109521800011862,2.203862628173828,-9.604339959716796,-2.1493945404052734
26.12327880001976,2.100911956787109,-9.592967501831055,-2.1033061584472654
26.140502000023844,2.1505916412353514,-9.628281976318359,-2.1254525238037107
26.156291699997382,2.175132208251953,-9.613318215942382,-2.1356278808593747
26.173576400004094,2.214636535644531,-9.622895022583007,-2.1637597503662107
26.190811300009955,2.1589713470458984,-9.582193594360351,-2.1128829650878904
26.207067200011807,2.1972785736083984,-9.595960253906249,-2.108693112182617
26.222953000018606,2.1254525238037107,-9.647435589599608,-2.1033061584472654
26.2383951000229,2.1440075866699217,-9.605537060546874,-2.1260510742187497
26.25314040001831,2.157175695800781,-9.561244329833984,-2.1547814941406247
26.267813200014643,2.2200234893798827,-9.591171850585937,-2.1314380279541014
26.28230110000004,2.1715409057617188,-9.631873278808593,-2.1027076080322264
26.29717000000528,2.186504666137695,-9.634267480468749,-2.129642376708984
26.312836800003424,2.1631611999511717,-9.637858782958984,-2.090138049316406
26.3278047000058,2.1260510742187497,-9.637260232543944,-2.1260510742187497
26.34781180002028,2.1691467041015624,-9.609128363037108,-2.137423532104492
26.36452360000112,2.1613655487060544,-9.585784896850585,-2.13862063293457
26.380160000000615,2.2074539306640624,-9.624092123413085,-2.1505916412353514
26.391253000008874,2.148197439575195,-9.604339959716796,-2.138022082519531
26.40709340001922,2.1344307800292968,-9.589376199340819,-2.1206641204833985
26.419880700006615,2.1529858428955078,-9.613916766357422,-2.1697452545166014
26.43501380001544,2.1499930908203124,-9.623493572998047,-2.1350293304443357
26.454056000016863,2.174533657836914,-9.582193594360351,-2.0967221038818358
26.464178599999286,2.1643583007812497,-9.619902270507811,-2.1529858428955078
26.473973800020758,2.1829133636474607,-9.588777648925781,-2.094926452636719
26.48815590000595,2.1517887420654294,-9.610325463867188,-2.0877438476562498
26.500619400001597,2.175132208251953,-9.65282254333496,-2.1015105072021485
26.513125800003763,2.184110464477539,-9.604938510131836,-2.118269918823242
26.524620000011055,2.1906945190429687,-9.575010989379882,-2.1248539733886718
26.52992900001118,2.1823148132324217,-9.645639938354492,-2.145803237915039
26.534925700019812,2.1613655487060544,-9.648034140014648,-2.114080065917969
26.54149750000215,2.1583727966308595,-9.64025298461914,-2.1625626495361328
26.546700500010047,2.1691467041015624,-9.641450085449218,-2.147598889160156
26.55187090000254,2.1434090362548828,-9.642647186279296,-2.128445275878906
26.56283490001806,2.1823148132324217,-9.618705169677733,-2.1152771667480468
26.573911900020903,2.1679496032714844,-9.561842880249023,-2.1158757171630858
26.584971800009953,2.096123553466797,-9.609128363037108,-2.0943279022216794
26.59365140000591,2.167351052856445,-9.567828384399414,-2.127846725463867
26.60105370002566,2.1697452545166014,-9.626486325073241,-2.1404162841796874
26.6143454000121,2.184709014892578,-9.574412438964844,-2.1314380279541014
26.630888600018807,2.1517887420654294,-9.609128363037108,-2.1206641204833985
26.64713009999832,2.164956851196289,-9.631274728393555,-2.1410148345947264
26.662651300022844,2.156577145385742,-9.636661682128906,-2.1326351287841794
26.678010400006315,2.1583727966308595,-9.635464581298828,-2.118868469238281
26.692163600004278,2.1308394775390624,-9.6151138671875,-2.1158757171630858
26.705622500012396,2.1709423553466793,-9.63307037963867,-2.0967221038818358
26.723271599999862,2.1871032165527344,-9.631274728393555,-2.1308394775390624
26.74327920001815,2.1685481536865234,-9.627084875488281,-2.13862063293457
26.761556100012967,2.1505916412353514,-9.60194575805664,-2.138022082519531
26.78099630001816,2.1619640991210938,-9.581595043945311,-2.114080065917969
26.800818000017898,2.2062568298339844,-9.613318215942382,-2.138022082519531
26.814624400023604,2.152387292480469,-9.628880526733397,-2.146401788330078
26.832966100017074,2.164956851196289,-9.638457333374022,-2.0979192047119137
26.850310000008903,2.1691467041015624,-9.635464581298828,-2.1158757171630858
26.870672800025204,2.1589713470458984,-9.616909518432617,-2.1260510742187497
26.889944000024116,2.1685481536865234,-9.625887774658203,-2.147000338745117
26.909154499997385,2.1505916412353514,-9.612719665527344,-2.1511901916503904
26.926438000024064,2.1613655487060544,-9.579200842285156,-2.098517755126953
26.938938300008886,2.1613655487060544,-9.609726913452148,-2.127248175048828
26.94990370000596,2.1416133850097654,-9.616310968017578,-2.117072817993164
26.96011549999821,2.1254525238037107,-9.639055883789062,-2.117072817993164
26.969159600004787,2.1733365570068357,-9.595960253906249,-2.139219183349609
26.975830200011842,2.1912930694580077,-9.593566052246093,-2.096123553466797
26.98264420000487,2.1505916412353514,-9.616310968017578,-2.105700360107422
26.990186500013806,2.1128829650878904,-9.666589202880859,-2.117072817993164
26.998608000023523,2.1805191619873048,-9.634267480468749,-2.1212626708984375
27.00672640002449,2.1446061370849607,-9.592967501831055,-2.0937293518066404
27.01616970001487,2.165555401611328,-9.55705447692871,-2.1613655487060544
27.025196700007655,2.1685481536865234,-9.607332711791992,-2.1122844146728514
27.032879400008824,2.147598889160156,-9.6151138671875,-2.1074960113525387
27.040692100010347,2.1320365783691404,-9.616310968017578,-2.136226431274414
27.04899700000533,2.194285821533203,-9.662997900390625,-2.114678616333008
27.057429000007687,2.1529858428955078,-9.62169792175293,-2.142810485839844
27.064806900016265,2.1877017669677734,-9.589376199340819,-2.0931308013916015
27.074564400012605,2.1799206115722654,-9.611522564697266,-2.1541829437255857
27.081623300007777,2.1894974182128903,-9.560645779418945,-2.1505916412353514
27.089194600004703,2.1811177124023438,-9.630077627563477,-2.137423532104492
27.09653900002013,2.1739351074218747,-9.613916766357422,-2.1487959899902345
27.10347040000488,2.1709423553466793,-9.561244329833984,-2.1254525238037107
27.110986700019566,2.1625626495361328,-9.610325463867188,-2.1619640991210938
27.118169200024568,2.1511901916503904,-9.606135610961914,-2.1422119354248044
27.125703199999407,2.1787235107421874,-9.600748657226562,-2.1398177337646485
27.132780200015986,2.157175695800781,-9.62169792175293,-2.147000338745117
27.14004360002582,2.1152771667480468,-9.586981997680663,-2.1452046874999997
27.14969220000785,2.146401788330078,-9.597157354736327,-2.124255422973633
27.164309000014327,2.1440075866699217,-9.624092123413085,-2.147000338745117
27.1797020000231,2.139219183349609,-9.580996493530273,-2.164956851196289
27.19443910001428,2.136226431274414,-9.602544308471678,-2.127248175048828
27.213544800004456,2.129043826293945,-9.561842880249023,-2.1302409271240235
27.233939400000963,2.164956851196289,-9.588777648925781,-2.108693112182617
27.25254970000242,2.167351052856445,-9.58339069519043,-2.1446061370849607
27.272129600023618,2.17692785949707,-9.589376199340819,-2.1697452545166014
27.279503800004022,2.1793220611572264,-9.542689266967773,-2.148197439575195
27.29042550001759,2.1541829437255857,-9.572616787719726,-2.127846725463867
27.29982350001228,2.117072817993164,-9.592368951416015,-2.1350293304443357
27.307627700007288,2.1529858428955078,-9.598953005981445,-2.0823568939208985
27.315272500010906,2.174533657836914,-9.64025298461914,-2.205059729003906
27.323050300008617,2.1404162841796874,-9.636063131713867,-2.1410148345947264
27.331468600023072,2.1314380279541014,-9.654618194580078,-2.194285821533203
27.338819700002205,2.155380044555664,-9.565434182739256,-2.089539498901367
27.34561470002518,2.1924901702880857,-9.61451531677246,-2.1164742675781247
27.353396899998188,2.148197439575195,-9.573813888549804,-2.110488763427734
27.36104770001839,2.133233679199219,-9.599551556396484,-2.1206641204833985
27.368604900024366,2.1212626708984375,-9.573215338134766,-2.1350293304443357
27.37544830000843,2.1817162628173827,-9.595960253906249,-2.109291662597656
27.382856300013373,2.1697452545166014,-9.6151138671875,-2.1062989105224608
27.389858200011076,2.186504666137695,-9.6013472076416,-2.138022082519531
27.401129900012165,2.117671368408203,-9.575609539794922,-2.1152771667480468
27.407974900008412,2.1871032165527344,-9.578003741455078,-2.1643583007812497
27.41484120002133,2.184709014892578,-9.602544308471678,-2.1260510742187497
27.422238700004527,2.1446061370849607,-9.639055883789062,-2.1218612213134764
27.430054900003597,2.1637597503662107,-9.637858782958984,-2.109291662597656
27.437511500000255,2.1637597503662107,-9.610924014282226,-2.147598889160156
27.444682200002717,2.1787235107421874,-9.619303720092773,-2.1900959686279298
27.452694400009932,2.1517887420654294,-9.579200842285156,-2.1547814941406247
27.45972690000781,2.1691467041015624,-9.604339959716796,-2.1158757171630858
27.467919800023083,2.1631611999511717,-9.565434182739256,-2.1230583221435544
27.475580600003013,2.148197439575195,-9.588777648925781,-2.108094561767578
27.48285460000625,2.1715409057617188,-9.623493572998047,-2.155380044555664
27.49039430002449,2.1679496032714844,-9.576806640625,-2.1206641204833985
27.497578000009526,2.114678616333008,-9.638457333374022,-2.1416133850097654
27.504606800008332,2.1715409057617188,-9.585186346435547,-2.1326351287841794
27.511851500021294,2.205658279418945,-9.648632690429688,-2.1547814941406247
27.519191200000932,2.1493945404052734,-9.591171850585937,-2.1404162841796874
27.526664400007576,2.1452046874999997,-9.57620809020996,-2.114080065917969
27.53386570001021,2.166752502441406,-9.63307037963867,-2.1254525238037107
27.54117840001709,2.1601684478759764,-9.6151138671875,-2.1164742675781247
27.550297600013437,2.1529858428955078,-9.634267480468749,-2.105101809692383
27.557422800018685,2.157175695800781,-9.635464581298828,-2.1356278808593747
27.564720200025477,2.1829133636474607,-9.597755905151367,-2.133233679199219
27.572171100007836,2.128445275878906,-9.606135610961914,-2.155380044555664
27.57972670000163,2.13862063293457,-9.625289224243163,-2.1619640991210938
27.587039900012314,2.204461178588867,-9.625887774658203,-2.1727380065917967
27.59463659999892,2.1918916198730467,-9.598953005981445,-2.118868469238281
27.601280200004112,2.1823148132324217,-9.630676177978515,-2.136824981689453
27.608671000023605,2.166752502441406,-9.59536170349121,-2.146401788330078
27.615918900002725,2.145803237915039,-9.632471829223633,-2.0823568939208985
27.62329210000462,2.1230583221435544,-9.617508068847656,-2.1074960113525387
27.630789000017103,2.1930887207031247,-9.570821136474608,-2.114080065917969
27.63816170001519,2.186504666137695,-9.613318215942382,-2.1314380279541014
27.645838900003582,2.1727380065917967,-9.631873278808593,-2.1254525238037107
27.653431400016416,2.1679496032714844,-9.625887774658203,-2.1398177337646485
27.660472800023854,2.1906945190429687,-9.631873278808593,-2.126649624633789
27.679625600023428,2.1823148132324217,-9.559448678588867,-2.0931308013916015
27.69933270002366,2.1589713470458984,-9.561842880249023,-2.157175695800781
27.71638040000107,2.166153952026367,-9.628281976318359,-2.129642376708984
27.733630500006257,2.1601684478759764,-9.634866030883789,-2.129642376708984
27.751676200015936,2.1422119354248044,-9.589376199340819,-2.1015105072021485
27.771422100020573,2.1799206115722654,-9.624092123413085,-2.133832229614258
27.78803660001722,2.1404162841796874,-9.606135610961914,-2.1517887420654294
27.806567300023744,2.1589713470458984,-9.622895022583007,-2.126649624633789
27.8265178000147,2.147598889160156,-9.589974749755859,-2.142810485839844
27.843742700002622,2.1817162628173827,-9.62169792175293,-2.157175695800781
27.859749499999452,2.1434090362548828,-9.597755905151367,-2.1356278808593747
27.875550500000827,2.13862063293457,-9.6396544342041,-2.129642376708984
27.893117300001904,2.1434090362548828,-9.597755905151367,-2.1416133850097654
27.90959350002231,2.1613655487060544,-9.62169792175293,-2.1110873138427735
27.92418450000696,2.1452046874999997,-9.603741409301758,-2.165555401611328
27.936414399999194,2.1643583007812497,-9.566032733154296,-2.1487959899902345
27.953456300019752,2.109890213012695,-9.584587796020507,-2.1033061584472654
27.969747399998596,2.1787235107421874,-9.618106619262695,-2.1320365783691404
27.986389199999394,2.1697452545166014,-9.612719665527344,-2.1493945404052734
28.000689000007696,2.1517887420654294,-9.635464581298828,-2.108693112182617
28.014944800001103,2.147598889160156,-9.60852981262207,-2.1404162841796874
28.031828600011067,2.1829133636474607,-9.6013472076416,-2.1314380279541014
28.052849400002742,2.1607669982910154,-9.575010989379882,-2.1110873138427735
28.072651100024814,2.1799206115722654,-9.598354455566406,-2.136824981689453
28.09215550002409,2.1721394561767577,-9.576806640625,-2.1499930908203124
28.11002210000879,2.146401788330078,-9.639055883789062,-2.1440075866699217
28.13078580002184,2.1984756744384764,-9.58279214477539,-2.142810485839844
28.156749200017657,2.1871032165527344,-9.612121115112304,-2.1260510742187497
28.18166060000658,2.1446061370849607,-9.607332711791992,-2.1218612213134764
28.207122400024673,2.1906945190429687,-9.578003741455078,-2.1116858642578125
28.22186980000697,2.1978771240234374,-9.63366893005371,-2.108693112182617
28.23814329999732,2.147000338745117,-9.588777648925781,-2.110488763427734
28.255122400005348,2.1511901916503904,-9.599551556396484,-2.1452046874999997
28.27206920000026,2.1823148132324217,-9.638457333374022,-2.1110873138427735
28.28861250000773,2.2068553802490234,-9.619902270507811,-2.1398177337646485
28.30525150001631,2.1583727966308595,-9.588777648925781,-2.109890213012695
28.321411100012483,2.1589713470458984,-9.658209497070311,-2.1164742675781247
28.337358100019628,2.174533657836914,-9.619902270507811,-2.147598889160156
28.353842700016685,2.1320365783691404,-9.578602291870117,-2.120065570068359
28.372057600005064,2.176329309082031,-9.579799392700195,-2.1446061370849607
28.388320800004294,2.1230583221435544,-9.590573300170897,-2.133233679199219
28.404480400000466,2.1823148132324217,-9.55645592651367,-2.104503259277344
28.418820600025356,2.1505916412353514,-9.589974749755859,-2.142810485839844
28.433803699997952,2.1781249603271484,-9.636063131713867,-2.100911956787109
28.449837000021944,2.212840884399414,-9.622895022583007,-2.1356278808593747
28.46416470000986,2.1781249603271484,-9.605537060546874,-2.1326351287841794
28.480016700021224,2.174533657836914,-9.619303720092773,-2.1021090576171875
28.49311890001991,2.1817162628173827,-9.606135610961914,-2.1356278808593747
28.499502600025153,2.1823148132324217,-9.560047229003906,-2.133832229614258
28.504857500025537,2.1733365570068357,-9.58279214477539,-2.152387292480469
28.51110860001063,2.1416133850097654,-9.616909518432617,-2.0937293518066404
28.524714800005313,2.155380044555664,-9.619902270507811,-2.1027076080322264
28.54104940002435,2.157175695800781,-9.62169792175293,-2.129642376708984
28.559871200006455,2.167351052856445,-9.618106619262695,-2.1128829650878904
28.58083859999897,2.1398177337646485,-9.610325463867188,-2.139219183349609
28.59892590000527,2.133832229614258,-9.606734161376952,-2.137423532104492
28.613117800006876,2.1505916412353514,-9.58339069519043,-2.0751742889404294
28.63132830001996,2.1583727966308595,-9.63366893005371,-2.117072817993164
28.64388320001308,2.1793220611572264,-9.625289224243163,-2.1314380279541014
28.65388740002527,2.1691467041015624,-9.604339959716796,-2.118269918823242
28.670962700009113,2.167351052856445,-9.585784896850585,-2.1529858428955078
28.68785580000258,2.1517887420654294,-9.611522564697266,-2.118269918823242
28.70198199999868,2.1320365783691404,-9.584587796020507,-2.129043826293945
28.720859900000505,2.155380044555664,-9.604938510131836,-2.118269918823242
28.737946600012947,2.1781249603271484,-9.598354455566406,-2.117072817993164
28.754197800008114,2.194884371948242,-9.584587796020507,-2.124255422973633
28.76704950002022,2.1625626495361328,-9.598953005981445,-2.1158757171630858
28.776286500011338,2.1709423553466793,-9.598953005981445,-2.1308394775390624
28.783287400001427,2.1601684478759764,-9.593566052246093,-2.1116858642578125
28.79049510002369,2.184110464477539,-9.612121115112304,-2.1027076080322264
28.797427900019102,2.1703438049316404,-9.645041387939452,-2.1344307800292968
28.80660660000285,2.1583727966308595,-9.638457333374022,-2.1493945404052734
28.813607000018237,2.184110464477539,-9.6151138671875,-2.1128829650878904
28.820281699998304,2.1637597503662107,-9.616310968017578,-2.155978594970703
28.826277900021523,2.1607669982910154,-9.58279214477539,-2.1230583221435544
28.83203560000402,2.147000338745117,-9.590573300170897,-2.0937293518066404
28.839915700023994,2.164956851196289,-9.579799392700195,-2.1398177337646485
28.853297100024065,2.176329309082031,-9.560645779418945,-2.124255422973633
28.87173400001484,2.133832229614258,-9.596558804321289,-2.137423532104492
28.89678810001351,2.2026655273437497,-9.62169792175293,-2.1398177337646485
28.91451230001985,2.148197439575195,-9.616310968017578,-2.1134815155029294
28.929506700020283,2.1829133636474607,-9.591770401000977,-2.1625626495361328
28.946456000005128,2.1625626495361328,-9.62109937133789,-2.133233679199219
28.96471670002211,2.1643583007812497,-9.641450085449218,-2.1033061584472654
28.98293300002115,2.1158757171630858,-9.624092123413085,-2.1410148345947264
28.99322580001899,2.137423532104492,-9.643844287109374,-2.1541829437255857
29.008681700011948,2.164956851196289,-9.587580548095703,-2.1404162841796874
29.026057200011564,2.1619640991210938,-9.625289224243163,-2.1529858428955078
29.04287530001602,2.1493945404052734,-9.582193594360351,-2.152387292480469
29.058766100002686,2.1787235107421874,-9.592967501831055,-2.109890213012695
29.076547900011064,2.1529858428955078,-9.553463174438477,-2.1344307800292968
29.093274200015003,2.175730758666992,-9.615712417602538,-2.1152771667480468
29.109700600005453,2.1835119140624997,-9.613916766357422,-2.108693112182617
29.12427560001379,2.2074539306640624,-9.592967501831055,-2.109890213012695
29.139275399997132,2.155978594970703,-9.579200842285156,-2.166752502441406
29.158930000005057,2.1709423553466793,-9.600748657226562,-2.1691467041015624
29.178122200013604,2.2092495819091797,-9.567229833984374,-2.1248539733886718
29.196296500012977,2.176329309082031,-9.597755905151367,-2.1164742675781247
29.214708200015593,2.1835119140624997,-9.607332711791992,-2.127248175048828
29.23440080002183,2.1410148345947264,-9.57620809020996,-2.1027076080322264
29.253059100010432,2.1793220611572264,-9.602544308471678,-2.1404162841796874
29.273351000010734,2.147000338745117,-9.617508068847656,-2.1212626708984375
29.29150330001721,2.1733365570068357,-9.60793126220703,-2.1116858642578125
29.310098500020104,2.1906945190429687,-9.615712417602538,-2.1152771667480468
29.32582640001783,2.117072817993164,-9.606135610961914,-2.1230583221435544
29.339452500018524,2.1422119354248044,-9.609128363037108,-2.105101809692383
29.35694830000284,2.1709423553466793,-9.575010989379882,-2.1152771667480468
29.377393000002485,2.185307565307617,-9.613318215942382,-2.1607669982910154
29.395895599998767,2.1715409057617188,-9.603142858886718,-2.108693112182617
29.415026300004683,2.2104466827392577,-9.61451531677246,-2.1434090362548828
29.43121560002328,2.109890213012695,-9.607332711791992,-2.142810485839844
29.446649100020295,2.1811177124023438,-9.607332711791992,-2.1248539733886718
29.462692300003255,2.1164742675781247,-9.618106619262695,-2.1422119354248044
29.47713690000819,2.1404162841796874,-9.6151138671875,-2.126649624633789
29.49534950000816,2.1511901916503904,-9.578003741455078,-2.157175695800781
29.514091600023676,2.1637597503662107,-9.602544308471678,-2.108693112182617
29.532418300019344,2.213439434814453,-9.607332711791992,-2.147598889160156
29.55115700000897,2.1607669982910154,-9.615712417602538,-2.109291662597656
29.569888700003503,2.1440075866699217,-9.612121115112304,-2.109291662597656
29.58808770001633,2.1224597717285154,-9.606135610961914,-2.1535843933105467
29.60803110001143,2.1248539733886718,-9.571419686889648,-2.1260510742187497
29.625105500017526,2.185906115722656,-9.584587796020507,-2.120065570068359
29.64374040000257,2.15777424621582,-9.62169792175293,-2.133233679199219
29.66066910000518,2.1416133850097654,-9.582193594360351,-2.1302409271240235
29.67546410000068,2.1517887420654294,-9.631873278808593,-2.137423532104492
29.690878100023838,2.1829133636474607,-9.602544308471678,-2.148197439575195
29.70686430000933,2.184709014892578,-9.612719665527344,-2.1230583221435544
29.72530170000391,2.1877017669677734,-9.606734161376952,-2.124255422973633
29.74141790001886,2.2194249389648437,-9.60194575805664,-2.1218612213134764
29.75529810000444,2.186504666137695,-9.634267480468749,-2.1314380279541014
29.767706400016323,2.117671368408203,-9.582193594360351,-2.080561242675781
29.782513800018933,2.1248539733886718,-9.546280569458007,-2.118269918823242
29.79626550001558,2.1685481536865234,-9.6151138671875,-2.128445275878906
29.81147630000487,2.147598889160156,-9.60852981262207,-2.136824981689453
29.826792500010924,2.109890213012695,-9.616310968017578,-2.118868469238281
29.842090899997856,2.1505916412353514,-9.625887774658203,-2.109890213012695
29.860245400021086,2.176329309082031,-9.652223992919922,-2.129642376708984
29.881867400021292,2.166752502441406,-9.611522564697266,-2.118868469238281
29.905100100004347,2.1613655487060544,-9.600748657226562,-2.114678616333008
29.925758400000632,2.2092495819091797,-9.636661682128906,-2.133832229614258
29.943861300009303,2.147598889160156,-9.597157354736327,-2.1356278808593747
29.962521200010087,2.1739351074218747,-9.631873278808593,-2.1134815155029294
29.97713900002418,2.164956851196289,-9.590573300170897,-2.10031340637207
29.993902200018056,2.1601684478759764,-9.637858782958984,-2.1326351287841794
30.00603050002246,2.1823148132324217,-9.610325463867188,-2.1487959899902345
30.02454260000377,2.2104466827392577,-9.578003741455078,-2.1452046874999997
30.0412710000237,2.1709423553466793,-9.616909518432617,-2.15777424621582
30.055645400017966,2.1583727966308595,-9.589974749755859,-2.123656872558594
30.070466300006956,2.1541829437255857,-9.591171850585937,-2.114678616333008
30.089242800022475,2.1835119140624997,-9.627084875488281,-2.123656872558594
30.106110100023216,2.152387292480469,-9.606135610961914,-2.128445275878906
30.122512200003257,2.1601684478759764,-9.585784896850585,-2.1410148345947264
30.13778970000567,2.185307565307617,-9.617508068847656,-2.1128829650878904
30.15299750000122,2.1984756744384764,-9.605537060546874,-2.1248539733886718
30.16933400000562,2.1493945404052734,-9.6013472076416,-2.1212626708984375
30.185400400019716,2.1883003173828124,-9.623493572998047,-2.139219183349609
30.200238100020215,2.1625626495361328,-9.641450085449218,-2.1230583221435544
30.21405660000164,2.174533657836914,-9.606135610961914,-2.1422119354248044
30.227566300018225,2.1326351287841794,-9.630676177978515,-2.090138049316406
30.239549500023713,2.1811177124023438,-9.63366893005371,-2.108693112182617
30.24982630001614,2.1487959899902345,-9.59536170349121,-2.1218612213134764
30.261220800020965,2.1541829437255857,-9.555258825683593,-2.1499930908203124
30.273672200011788,2.1727380065917967,-9.611522564697266,-2.156577145385742
30.281574499997078,2.1422119354248044,-9.6151138671875,-2.1033061584472654
30.291120500012767,2.1912930694580077,-9.603741409301758,-2.1068974609374997
30.297939500014763,2.2290017456054687,-9.60793126220703,-2.100911956787109
30.307343400025275,2.1015105072021485,-9.575609539794922,-2.175730758666992
30.314708999998402,2.223614791870117,-9.627084875488281,-2.081758343505859
30.32142720001866,2.1302409271240235,-9.600150106811522,-2.127248175048828
30.32858280002256,2.175730758666992,-9.662399349975585,-2.1116858642578125
30.342430999997305,2.137423532104492,-9.598953005981445,-2.117671368408203
30.35187300000689,2.136226431274414,-9.546280569458007,-2.090138049316406
30.35959810001077,2.1625626495361328,-9.579799392700195,-2.1631611999511717
30.365646899997955,2.1499930908203124,-9.580996493530273,-2.129043826293945
30.37233800001559,2.148197439575195,-9.559448678588867,-2.1302409271240235
30.378191499999957,2.1703438049316404,-9.560047229003906,-2.070385885620117
30.385652600001777,2.1877017669677734,-9.620500820922851,-2.1601684478759764
30.393492400005925,2.1589713470458984,-9.564237081909178,-2.109291662597656
30.40063050002209,2.166153952026367,-9.57022258605957,-2.087145297241211
30.40802500001155,2.1535843933105467,-9.635464581298828,-2.127248175048828
30.41495920001762,2.156577145385742,-9.592368951416015,-2.1254525238037107
30.42143760001636,2.1589713470458984,-9.59476315307617,-2.1326351287841794
30.42986900001415,2.165555401611328,-9.6151138671875,-2.1068974609374997
30.437617100018542,2.1739351074218747,-9.582193594360351,-2.105700360107422
30.44651619999786,2.1924901702880857,-9.566631283569336,-2.1350293304443357
30.459726000000956,2.139219183349609,-9.628281976318359,-2.0967221038818358
30.470925800007535,2.1793220611572264,-9.650428341674804,-2.1152771667480468
30.4792129000125,2.185307565307617,-9.604339959716796,-2.11946701965332
30.486092800012557,2.128445275878906,-9.620500820922851,-2.1487959899902345
30.493564900010824,2.157175695800781,-9.62169792175293,-2.114678616333008
30.50191910000285,2.1440075866699217,-9.579799392700195,-2.098517755126953
30.510055799997644,2.1775264099121094,-9.598354455566406,-2.142810485839844
30.51970530001563,2.1446061370849607,-9.597755905151367,-2.1158757171630858
30.528023999999277,2.2116437835693357,-9.622296472167967,-2.090736599731445
30.53899570001522,2.1829133636474607,-9.59536170349121,-2.1320365783691404
30.547459300025366,2.1110873138427735,-9.596558804321289,-2.1152771667480468
30.555829900025856,2.1643583007812497,-9.588777648925781,-2.070984436035156
30.568633000017144,2.1691467041015624,-9.622895022583007,-2.127846725463867
30.58335729999817,2.155380044555664,-9.639055883789062,-2.127846725463867
30.5910652000166,2.147598889160156,-9.63366893005371,-2.1164742675781247
30.59995480001089,2.155978594970703,-9.62109937133789,-2.118269918823242
30.60677380001289,2.145803237915039,-9.592967501831055,-2.1404162841796874
30.614293999999063,2.15777424621582,-9.575609539794922,-2.136824981689453
30.621801000001142,2.1212626708984375,-9.634267480468749,-2.114678616333008
30.629248400015058,2.145803237915039,-9.590573300170897,-2.139219183349609
30.636386199999833,2.167351052856445,-9.645041387939452,-2.13862063293457
30.64393459999701,2.203264077758789,-9.581595043945311,-2.0937293518066404
30.65027770001325,2.175132208251953,-9.589376199340819,-2.0835539947509765
30.658287099999143,2.1799206115722654,-9.589974749755859,-2.128445275878906
30.665065100009087,2.164956851196289,-9.619902270507811,-2.08115979309082
30.67216830002144,2.1440075866699217,-9.5630399810791,-2.108693112182617
30.680066700006137,2.1685481536865234,-9.62109937133789,-2.1410148345947264
30.687122100003762,2.155380044555664,-9.612719665527344,-2.139219183349609
30.69559570000274,2.1541829437255857,-9.610924014282226,-2.133832229614258
30.70714450001833,2.194285821533203,-9.619303720092773,-2.1254525238037107
30.719673100014916,2.15777424621582,-9.616310968017578,-2.124255422973633
30.72688310002559,2.1583727966308595,-9.624092123413085,-2.1326351287841794
30.73561719999998,2.212840884399414,-9.65282254333496,-2.1015105072021485
30.74302140000509,2.1727380065917967,-9.630077627563477,-2.1128829650878904
30.75176640000427,2.1697452545166014,-9.655815295410155,-2.1260510742187497
30.759943800017936,2.1631611999511717,-9.591171850585937,-2.11946701965332
30.76715040000272,2.1978771240234374,-9.59536170349121,-2.146401788330078
30.77457440001308,2.1410148345947264,-9.596558804321289,-2.109291662597656
30.78202169999713,2.1906945190429687,-9.578003741455078,-2.1499930908203124
30.789672100014286,2.13862063293457,-9.56962403564453,-2.114678616333008
30.79659179999726,2.1607669982910154,-9.622895022583007,-2.13862063293457
30.80368740000995,2.17692785949707,-9.631873278808593,-2.1493945404052734
30.811467699997593,2.1894974182128903,-9.625887774658203,-2.124255422973633
30.818145700002788,2.1547814941406247,-9.636661682128906,-2.1314380279541014
30.827764200017555,2.1487959899902345,-9.620500820922851,-2.1410148345947264
30.841898400016362,2.147598889160156,-9.612719665527344,-2.1152771667480468
30.853222400008235,2.1966800231933594,-9.616909518432617,-2.156577145385742
30.86767870001495,2.1613655487060544,-9.629479077148437,-2.088940948486328
30.882811000017682,2.165555401611328,-9.60793126220703,-2.129642376708984
30.903496600018116,2.124255422973633,-9.60793126220703,-2.1134815155029294
30.920215600024676,2.1547814941406247,-9.56363853149414,-2.1535843933105467
30.93538950002403,2.1781249603271484,-9.589376199340819,-2.1218612213134764
30.949860000022454,2.1625626495361328,-9.602544308471678,-2.109291662597656
30.957102800020948,2.186504666137695,-9.566631283569336,-2.105101809692383
30.96314240002539,2.1416133850097654,-9.611522564697266,-2.1452046874999997
30.969215899996925,2.1733365570068357,-9.60194575805664,-2.155380044555664
30.97580190000008,2.175132208251953,-9.636063131713867,-2.0925322509765625
30.983152100001462,2.1511901916503904,-9.600748657226562,-2.126649624633789
30.9901194999984,2.2014684265136717,-9.625289224243163,-2.1158757171630858
30.99996960000135,2.1739351074218747,-9.588777648925781,-2.1230583221435544
31.00779240002157,2.1547814941406247,-9.62109937133789,-2.155380044555664
31.0175758000114,2.1685481536865234,-9.60194575805664,-2.13862063293457
31.02401920000557,2.136226431274414,-9.609128363037108,-2.128445275878906
31.032516100007342,2.1685481536865234,-9.628880526733397,-2.118868469238281
31.0396004000213,2.1972785736083984,-9.62109937133789,-2.117072817993164
31.045854099997086,2.1446061370849607,-9.579799392700195,-2.108693112182617
31.05354580000858,2.1517887420654294,-9.564237081909178,-2.133832229614258
31.063819100003457,2.1619640991210938,-9.631873278808593,-2.118868469238281
31.077106800017646,2.128445275878906,-9.623493572998047,-2.139219183349609
31.085890200018184,2.1493945404052734,-9.613916766357422,-2.1062989105224608
31.092226900014794,2.1452046874999997,-9.589974749755859,-2.10031340637207
31.100322600017535,2.212242333984375,-9.577405191040038,-2.1212626708984375
31.107654999999795,2.1344307800292968,-9.572018237304688,-2.139219183349609
31.114616000006208,2.1685481536865234,-9.629479077148437,-2.094926452636719
31.122306600009324,2.1619640991210938,-9.595960253906249,-2.1356278808593747
31.130746700015152,2.1930887207031247,-9.612719665527344,-2.1206641204833985
31.140944600017974,2.139219183349609,-9.623493572998047,-2.1416133850097654
31.149714099999983,2.133233679199219,-9.604339959716796,-2.137423532104492
31.158108500007074,2.1637597503662107,-9.553463174438477,-2.1613655487060544
31.168428700009827,2.1727380065917967,-9.607332711791992,-2.0979192047119137
31.1777719000238,2.1440075866699217,-9.610325463867188,-2.137423532104492
31.18665139999939,2.1691467041015624,-9.609726913452148,-2.1595698974609374
31.199639400001615,2.1685481536865234,-9.604938510131836,-2.1607669982910154
31.210447000019485,2.1685481536865234,-9.624690673828125,-2.118269918823242
31.222559200017713,2.1350293304443357,-9.600150106811522,-2.108094561767578
31.234370999998646,2.166752502441406,-9.610924014282226,-2.1033061584472654
31.242937300004996,2.155978594970703,-9.664793551635741,-2.142810485839844
31.25250080000842,2.1906945190429687,-9.624092123413085,-2.1493945404052734
31.259528900001897,2.142810485839844,-9.589974749755859,-2.094926452636719
31.27064290002454,2.1613655487060544,-9.62169792175293,-2.114080065917969
31.2777602999995,2.1793220611572264,-9.55645592651367,-2.129642376708984
31.287185399996815,2.1607669982910154,-9.645639938354492,-2.1314380279541014
31.295145400014007,2.1775264099121094,-9.58279214477539,-2.146401788330078
31.302654099999927,2.185307565307617,-9.613916766357422,-2.138022082519531
31.31005540001206,2.1541829437255857,-9.611522564697266,-2.1493945404052734
31.31752390001202,2.147598889160156,-9.604938510131836,-2.1254525238037107
31.324774400010938,2.1493945404052734,-9.558251577758789,-2.1835119140624997
31.33157960002427,2.1715409057617188,-9.562441430664062,-2.099714855957031
31.338202800019644,2.1918916198730467,-9.552864624023437,-2.1733365570068357
31.345580599998357,2.1990742248535153,-9.604938510131836,-2.1404162841796874
31.352841500018258,2.1727380065917967,-9.635464581298828,-2.136226431274414
31.362656400015112,2.1888988677978514,-9.639055883789062,-2.1499930908203124
31.36978320000344,2.1212626708984375,-9.572616787719726,-2.1517887420654294
31.376651900005527,2.1350293304443357,-9.606135610961914,-2.1260510742187497
31.384312200010754,2.1302409271240235,-9.60194575805664,-2.1164742675781247
31.390998700022465,2.1685481536865234,-9.564835632324218,-2.1110873138427735
31.397701500012772,2.1733365570068357,-9.560645779418945,-2.117671368408203
31.405090000014752,2.1637597503662107,-9.635464581298828,-2.0943279022216794
31.412269400025252,2.1871032165527344,-9.572616787719726,-2.129642376708984
31.419478399999207,2.1410148345947264,-9.591770401000977,-2.1398177337646485
31.4262555000023,2.1733365570068357,-9.600150106811522,-2.127846725463867
31.433525000000373,2.1326351287841794,-9.605537060546874,-2.1637597503662107
31.441600999998627,2.1721394561767577,-9.66000514831543,-2.1254525238037107
31.449393600021722,2.1356278808593747,-9.636661682128906,-2.1344307800292968
31.4570209000085,2.126649624633789,-9.609726913452148,-2.1410148345947264
31.46659600001294,2.1452046874999997,-9.58279214477539,-2.1110873138427735
31.475928300002124,2.0943279022216794,-9.591171850585937,-2.1021090576171875
31.483346200024243,2.1493945404052734,-9.610325463867188,-2.108094561767578
31.49064500001259,2.1541829437255857,-9.600150106811522,-2.108094561767578
31.498306300025433,2.1607669982910154,-9.611522564697266,-2.1128829650878904
31.506667500012554,2.184709014892578,-9.6151138671875,-2.1356278808593747
31.514409199997317,2.157175695800781,-9.625887774658203,-2.164956851196289
31.52702480001608,2.1398177337646485,-9.59536170349121,-2.1164742675781247
31.5373945000174,2.1697452545166014,-9.605537060546874,-2.129043826293945
31.54370530002052,2.129642376708984,-9.589974749755859,-2.1074960113525387
31.54981090000365,2.145803237915039,-9.586383447265625,-2.155380044555664
31.55584519999684,2.1583727966308595,-9.595960253906249,-2.126649624633789
31.561302900023293,2.1685481536865234,-9.628880526733397,-2.145803237915039
31.56729269999778,2.1440075866699217,-9.59476315307617,-2.114080065917969
31.57297280000057,2.1805191619873048,-9.627683425903319,-2.129043826293945
31.57918420000351,2.148197439575195,-9.630077627563477,-2.146401788330078
31.58669440000085,2.1398177337646485,-9.631274728393555,-2.152387292480469
31.59257560002152,2.1679496032714844,-9.60194575805664,-2.0973206542968748
31.598827800014988,2.1990742248535153,-9.598354455566406,-2.127248175048828
31.605702600005316,2.175132208251953,-9.60852981262207,-2.118269918823242
31.61357539999881,2.155380044555664,-9.588777648925781,-2.139219183349609
31.621303000021726,2.185906115722656,-9.604339959716796,-2.1535843933105467
31.630015600007027,2.1625626495361328,-9.602544308471678,-2.1134815155029294
31.63839249999728,2.1595698974609374,-9.585784896850585,-2.139219183349609
31.647160300024552,2.1906945190429687,-9.643245736694336,-2.085948196411133
31.654708600020967,2.155978594970703,-9.539696514892578,-2.10031340637207
31.662832400004845,2.1900959686279298,-9.62109937133789,-2.118868469238281
31.670912000001408,2.1493945404052734,-9.59536170349121,-2.126649624633789
31.678403199999593,2.185906115722656,-9.598953005981445,-2.10031340637207
31.68737460000557,2.1404162841796874,-9.655815295410155,-2.123656872558594
31.696034699998563,2.1918916198730467,-9.615712417602538,-2.1344307800292968
31.708211899996968,2.1631611999511717,-9.612121115112304,-2.1541829437255857
31.72309420001693,2.126649624633789,-9.571419686889648,-2.13862063293457
31.73808320000535,2.223016241455078,-9.56363853149414,-2.118269918823242
31.75021860000561,2.1787235107421874,-9.636661682128906,-2.1062989105224608
31.75739220000105,2.1835119140624997,-9.590573300170897,-2.1721394561767577
31.765474100015126,2.1978771240234374,-9.631274728393555,-2.1122844146728514
31.77636590000475,2.1990742248535153,-9.613318215942382,-2.1260510742187497
31.78517760001705,2.152387292480469,-9.648034140014648,-2.139219183349609
31.793970400001854,2.1547814941406247,-9.606734161376952,-2.136824981689453
31.802207800006727,2.1452046874999997,-9.613318215942382,-2.136824981689453
31.81168230000185,2.145803237915039,-9.616909518432617,-2.1302409271240235
31.82053850000375,2.1924901702880857,-9.631873278808593,-2.1212626708984375
31.827681299997494,2.1595698974609374,-9.632471829223633,-2.11946701965332
31.836396800004877,2.1440075866699217,-9.618705169677733,-2.133832229614258
31.844327900005737,2.136226431274414,-9.584587796020507,-2.1218612213134764
31.85891760000959,2.1703438049316404,-9.631274728393555,-2.1152771667480468
31.871841900021536,2.1894974182128903,-9.610325463867188,-2.136226431274414
31.880023000005167,2.1679496032714844,-9.615712417602538,-2.1015105072021485
31.888717699999688,2.1398177337646485,-9.540893615722656,-2.117671368408203
31.896579200023552,2.1631611999511717,-9.63307037963867,-2.1074960113525387
31.90494460001355,2.156577145385742,-9.604938510131836,-2.1260510742187497
31.912841000012122,2.138022082519531,-9.617508068847656,-2.114678616333008
31.92065700000967,2.1158757171630858,-9.6396544342041,-2.0931308013916015
31.927936899999622,2.1906945190429687,-9.560047229003906,-2.1039047088623044
31.936167600011686,2.1529858428955078,-9.581595043945311,-2.147598889160156
31.944153300020844,2.1505916412353514,-9.60852981262207,-2.1499930908203124
31.952154900005553,2.1685481536865234,-9.627084875488281,-2.1607669982910154
31.96026800002437,2.1422119354248044,-9.609726913452148,-2.155978594970703
31.970445300015854,2.1344307800292968,-9.63307037963867,-2.079962692260742
31.979174600011902,2.1314380279541014,-9.589376199340819,-2.117671368408203
31.98881650000112,2.156577145385742,-9.610924014282226,-2.117072817993164
31.996747299999697,2.157175695800781,-9.567229833984374,-2.1128829650878904
32.003941500006476,2.1835119140624997,-9.622895022583007,-2.1110873138427735
32.012097200000426,2.1589713470458984,-9.617508068847656,-2.1320365783691404
32.02023090000148,2.146401788330078,-9.598953005981445,-2.136226431274414
32.02910020001582,2.138022082519531,-9.599551556396484,-2.079364141845703
32.04364260000875,2.1793220611572264,-9.603142858886718,-2.1230583221435544
32.059567200019956,2.1733365570068357,-9.627084875488281,-2.114080065917969
32.07701590002398,2.1440075866699217,-9.585186346435547,-2.1434090362548828
32.094635200017365,2.1823148132324217,-9.631873278808593,-2.1314380279541014
32.110201800009236,2.1631611999511717,-9.623493572998047,-2.1128829650878904
32.12454260000959,2.214636535644531,-9.637260232543944,-2.0943279022216794
32.13735650002491,2.1715409057617188,-9.647435589599608,-2.120065570068359
32.15149830002338,2.1422119354248044,-9.628880526733397,-2.1134815155029294
32.16682780001429,2.155380044555664,-9.573215338134766,-2.1248539733886718
32.18324430001667,2.1607669982910154,-9.600748657226562,-2.105700360107422
32.20067170000402,2.2098481323242187,-9.612121115112304,-2.1631611999511717
32.218438800016884,2.137423532104492,-9.572018237304688,-2.117671368408203
32.23114630000782,2.155978594970703,-9.630077627563477,-2.094926452636719
32.24101620001602,2.175730758666992,-9.625289224243163,-2.1027076080322264
32.250566000002436,2.157175695800781,-9.603142858886718,-2.123656872558594
32.258202099998016,2.164956851196289,-9.579200842285156,-2.1158757171630858
32.26689480000641,2.2158336364746094,-9.580996493530273,-2.1134815155029294
32.27416950001498,2.1535843933105467,-9.607332711791992,-2.123656872558594
32.28169910001452,2.17692785949707,-9.567229833984374,-2.142810485839844
32.29066860000603,2.1811177124023438,-9.58279214477539,-2.1302409271240235
32.300682200002484,2.1505916412353514,-9.606734161376952,-2.129043826293945
32.3140327000001,2.175730758666992,-9.590573300170897,-2.1039047088623044
32.3282999000221,2.0973206542968748,-9.575010989379882,-2.1116858642578125
32.34060789999785,2.204461178588867,-9.605537060546874,-2.108094561767578
32.352470100013306,2.1739351074218747,-9.589376199340819,-2.1326351287841794
32.367419600021094,2.129642376708984,-9.581595043945311,-2.133832229614258
32.38098300001002,2.11946701965332,-9.590573300170897,-2.147598889160156
32.38957440000377,2.2355858001708984,-9.578602291870117,-2.1134815155029294
32.394514500017976,2.1206641204833985,-9.578602291870117,-2.1320365783691404
32.400783700024476,2.1679496032714844,-9.639055883789062,-2.147598889160156
32.40566680001211,2.1589713470458984,-9.64623848876953,-2.1344307800292968
32.415331199998036,2.1505916412353514,-9.625887774658203,-2.1039047088623044
32.4236496000085,2.1541829437255857,-9.619303720092773,-2.136226431274414
32.43025190001936,2.1541829437255857,-9.65282254333496,-2.0937293518066404
32.43662730001961,2.146401788330078,-9.570821136474608,-2.1206641204833985
32.442092100012815,2.1793220611572264,-9.600748657226562,-2.1074960113525387
32.44807579999906,2.105101809692383,-9.58279214477539,-2.114678616333008
32.458557100006146,2.175730758666992,-9.602544308471678,-2.128445275878906
32.46454020001693,2.1320365783691404,-9.648034140014648,-2.1529858428955078
32.46995630001766,2.175132208251953,-9.645041387939452,-2.148197439575195
32.48226990000694,2.1900959686279298,-9.613318215942382,-2.100911956787109
32.49436969999806,2.1625626495361328,-9.630676177978515,-2.136226431274414
32.50453450001078,2.1829133636474607,-9.604339959716796,-2.133832229614258
32.514736400014954,2.1529858428955078,-9.580397943115234,-2.137423532104492
32.52565940000932,2.184709014892578,-9.610325463867188,-2.127248175048828
32.536245499999495,2.1152771667480468,-9.591171850585937,-2.1224597717285154
32.547055400005775,2.133233679199219,-9.584587796020507,-2.1511901916503904
32.55797030002577,2.205658279418945,-9.591171850585937,-2.15777424621582
32.56924540002365,2.123656872558594,-9.629479077148437,-2.117072817993164
32.58148760002223,2.1302409271240235,-9.580996493530273,-2.105700360107422
32.59493590000784,2.1637597503662107,-9.605537060546874,-2.139219183349609
32.606162800017046,2.1643583007812497,-9.6013472076416,-2.1493945404052734
32.61652160002268,2.1793220611572264,-9.62169792175293,-2.1248539733886718
32.626794700016035,2.1817162628173827,-9.638457333374022,-2.1410148345947264
32.63849170002504,2.088940948486328,-9.597157354736327,-2.1326351287841794
32.646401600009995,2.133233679199219,-9.589376199340819,-2.137423532104492
32.656380800006445,2.1739351074218747,-9.574412438964844,-2.1062989105224608
32.670383800024865,2.1972785736083984,-9.610325463867188,-2.1517887420654294
32.68046060000779,2.157175695800781,-9.622895022583007,-2.1344307800292968
32.692044800001895,2.2014684265136717,-9.609128363037108,-2.156577145385742
32.70309900000575,2.1643583007812497,-9.549273321533203,-2.1302409271240235
32.71323150000535,2.1924901702880857,-9.616909518432617,-2.1158757171630858
32.722479300020495,2.184709014892578,-9.579200842285156,-2.137423532104492
32.72834450000664,2.1607669982910154,-9.619902270507811,-2.1230583221435544
32.736668600002304,2.148197439575195,-9.619902270507811,-2.1446061370849607
32.74394350001239,2.1601684478759764,-9.606135610961914,-2.139219183349609
32.7517935000069,2.1314380279541014,-9.606734161376952,-2.108693112182617
32.7594135000254,2.127846725463867,-9.597755905151367,-2.136824981689453
32.76508890002151,2.1918916198730467,-9.589974749755859,-2.1039047088623044
32.770088100020075,2.1517887420654294,-9.623493572998047,-2.1529858428955078
32.7752077000041,2.1517887420654294,-9.625289224243163,-2.1230583221435544
32.78222120000282,2.1817162628173827,-9.585784896850585,-2.114678616333008
32.788429100008216,2.1619640991210938,-9.609726913452148,-2.1206641204833985
32.79647220001789,2.1823148132324217,-9.605537060546874,-2.1158757171630858
32.805778900015866,2.1440075866699217,-9.622895022583007,-2.109890213012695
32.81415700001526,2.1679496032714844,-9.595960253906249,-2.1128829650878904
32.821005900012096,2.1302409271240235,-9.574412438964844,-2.0973206542968748
32.82704810000723,2.1595698974609374,-9.579200842285156,-2.114678616333008
32.8331650000182,2.1619640991210938,-9.615712417602538,-2.1027076080322264
32.838906200020574,2.128445275878906,-9.602544308471678,-2.127248175048828
32.844839199999114,2.152387292480469,-9.588777648925781,-2.147598889160156
32.851230800006306,2.1715409057617188,-9.600150106811522,-2.1446061370849607
32.85701289999997,2.1691467041015624,-9.600150106811522,-2.152387292480469
32.86282840001513,2.1637597503662107,-9.575010989379882,-2.11946701965332
32.869367000006605,2.109291662597656,-9.617508068847656,-2.1601684478759764
32.87502440001117,2.1326351287841794,-9.625289224243163,-2.129043826293945
32.880845500010764,2.2020669769287107,-9.6013472076416,-2.1128829650878904
32.8871930000023,2.138022082519531,-9.638457333374022,-2.109890213012695
32.89488490001531,2.175132208251953,-9.625289224243163,-2.1326351287841794
32.90272320000804,2.195482922363281,-9.634866030883789,-2.145803237915039
32.909159600007115,2.142810485839844,-9.598354455566406,-2.127846725463867
32.91550940001616,2.1643583007812497,-9.59536170349121,-2.129642376708984
32.921182100020815,2.2278046447753903,-9.613916766357422,-2.094926452636719
32.92728800000623,2.1314380279541014,-9.598953005981445,-2.118868469238281
32.9347989000089,2.1715409057617188,-9.627683425903319,-2.109890213012695
32.94348060002085,2.1314380279541014,-9.58279214477539,-2.1398177337646485
32.95326710000518,2.138022082519531,-9.60852981262207,-2.1218612213134764
32.96120730001712,2.1601684478759764,-9.634866030883789,-2.133233679199219
32.96939780001412,2.1398177337646485,-9.616909518432617,-2.156577145385742
32.97684550000122,2.1314380279541014,-9.58279214477539,-2.0835539947509765
32.98740350001026,2.203264077758789,-9.610924014282226,-2.1134815155029294
33.01220170001034,2.1601684478759764,-9.62169792175293,-2.127846725463867
33.02762160002021,2.1691467041015624,-9.604339959716796,-2.128445275878906
33.041228600020986,2.175132208251953,-9.597755905151367,-2.1541829437255857
33.049896500015166,2.129043826293945,-9.589376199340819,-2.1134815155029294
33.059303300018655,2.1709423553466793,-9.592967501831055,-2.086546746826172
33.069361900008516,2.1835119140624997,-9.591171850585937,-2.118269918823242
33.07671910000499,2.1398177337646485,-9.624092123413085,-2.114678616333008
33.101725700020324,2.1404162841796874,-9.587580548095703,-2.0829554443359375
33.12129800001276,2.1793220611572264,-9.648034140014648,-2.114678616333008
33.12977510000928,2.137423532104492,-9.572018237304688,-2.1021090576171875
33.1388160000206,2.1984756744384764,-9.64623848876953,-2.099116305541992
33.14613570002257,2.133832229614258,-9.582193594360351,-2.1218612213134764
33.15223639999749,2.1775264099121094,-9.584587796020507,-2.099714855957031
33.158350900019286,2.1517887420654294,-9.586383447265625,-2.1410148345947264
33.16462340002181,2.138022082519531,-9.588777648925781,-2.1212626708984375
33.17085550000775,2.1918916198730467,-9.588179098510741,-2.1302409271240235
33.1763846000249,2.1601684478759764,-9.623493572998047,-2.148197439575195
33.18207790001179,2.1613655487060544,-9.651625442504882,-2.145803237915039
33.187456400017254,2.184110464477539,-9.589974749755859,-2.155380044555664
33.193129899998894,2.166153952026367,-9.62169792175293,-2.1679496032714844
33.19895030002226,2.1613655487060544,-9.612719665527344,-2.1074960113525387
33.204476400016574,2.1793220611572264,-9.546879119873047,-2.104503259277344
33.210417599999346,2.109291662597656,-9.605537060546874,-2.1164742675781247
33.21662849999848,2.157175695800781,-9.591171850585937,-2.1350293304443357
33.22249680000823,2.1493945404052734,-9.624690673828125,-2.1314380279541014
33.22830640000757,2.1619640991210938,-9.628281976318359,-2.1260510742187497
33.2342045000114,2.1410148345947264,-9.597755905151367,-2.1434090362548828
33.23982420001994,2.175730758666992,-9.582193594360351,-2.145803237915039
33.24575040000491,2.1811177124023438,-9.604938510131836,-2.110488763427734
33.25138980001793,2.137423532104492,-9.613318215942382,-2.1356278808593747
33.25676150000072,2.152387292480469,-9.585186346435547,-2.1068974609374997
33.26309900000342,2.1422119354248044,-9.612121115112304,-2.1068974609374997
33.27121450001141,2.166752502441406,-9.603142858886718,-2.100911956787109
33.277994100004435,2.176329309082031,-9.631274728393555,-2.1487959899902345
33.28471490001539,2.1446061370849607,-9.670180505371093,-2.1068974609374997
33.29123040000559,2.1326351287841794,-9.573813888549804,-2.1709423553466793
33.29729610000504,2.1631611999511717,-9.594164602661133,-2.138022082519531
33.302790200017625,2.1727380065917967,-9.561244329833984,-2.1206641204833985
33.308786100009456,2.157175695800781,-9.627683425903319,-2.1350293304443357
33.315627500007395,2.1499930908203124,-9.580397943115234,-2.1068974609374997
33.32119080002303,2.137423532104492,-9.609726913452148,-2.156577145385742
33.32764890001272,2.1703438049316404,-9.590573300170897,-2.1452046874999997
33.33413540001493,2.1643583007812497,-9.59476315307617,-2.1595698974609374
33.33942860001116,2.1452046874999997,-9.648632690429688,-2.1487959899902345
33.344973400002345,2.1541829437255857,-9.61451531677246,-2.128445275878906
33.35225680001895,2.1972785736083984,-9.604339959716796,-2.152387292480469
33.35821120001492,2.1685481536865234,-9.598354455566406,-2.145803237915039
33.36498090001987,2.147000338745117,-9.592368951416015,-2.0841525451660154
33.37107600001036,2.2068553802490234,-9.596558804321289,-2.077568490600586
33.377001500019105,2.1727380065917967,-9.613318215942382,-2.088940948486328
33.38364790001651,2.1505916412353514,-9.595960253906249,-2.1619640991210938
33.39012970001204,2.152387292480469,-9.67137760620117,-2.1308394775390624
33.39741000000504,2.147598889160156,-9.612719665527344,-2.166153952026367
33.405472600017674,2.1709423553466793,-9.62109937133789,-2.136226431274414
33.41562830001931,2.136226431274414,-9.592368951416015,-2.120065570068359
33.425995199999306,2.1817162628173827,-9.578003741455078,-2.1158757171630858
33.43615460000001,2.13862063293457,-9.582193594360351,-2.1164742675781247
33.4480669000186,2.1535843933105467,-9.610924014282226,-2.139219183349609
33.46415510002407,2.1978771240234374,-9.645041387939452,-2.1320365783691404
33.47489160002442,2.133832229614258,-9.64623848876953,-2.136824981689453
33.4862606000097,2.1487959899902345,-9.59476315307617,-2.1224597717285154
33.49828320002416,2.1613655487060544,-9.560645779418945,-2.1631611999511717
33.5113643000077,2.194884371948242,-9.610325463867188,-2.0925322509765625
33.52373929999885,2.1924901702880857,-9.634866030883789,-2.1128829650878904
33.53091850000783,2.0691887847900388,-9.515754498291015,-2.1823148132324217
33.5374170000141,2.1739351074218747,-9.686341366577148,-2.090138049316406
33.54350300002261,2.1398177337646485,-9.581595043945311,-2.118269918823242
33.551021600025706,2.1637597503662107,-9.648034140014648,-2.127846725463867
33.558064100012416,2.108094561767578,-9.530119708251952,-2.156577145385742
33.56510820001131,2.2349872497558594,-9.6917283203125,-2.0973206542968748
33.5712954000046,2.164956851196289,-9.578602291870117,-2.142810485839844
33.577820600010455,2.1918916198730467,-9.669581954956055,-2.1116858642578125
33.58619339999859,2.1248539733886718,-9.612121115112304,-2.1505916412353514
33.59271220001392,2.175132208251953,-9.657610946655273,-2.164956851196289
33.59886420000112,2.1619640991210938,-9.582193594360351,-2.128445275878906
33.605081300018355,2.1613655487060544,-9.625887774658203,-2.1218612213134764
33.611858200019924,2.155978594970703,-9.630676177978515,-2.129043826293945
33.61891810002271,2.176329309082031,-9.612719665527344,-2.104503259277344
33.62466230001883,2.1499930908203124,-9.604938510131836,-2.0967221038818358
33.6306405000214,2.164956851196289,-9.615712417602538,-2.1212626708984375
33.636419400019804,2.1709423553466793,-9.610924014282226,-2.1230583221435544
33.643488600006094,2.1505916412353514,-9.575010989379882,-2.126649624633789
33.650206200021785,2.1517887420654294,-9.628281976318359,-2.1487959899902345
33.6554851999972,2.1452046874999997,-9.649231240844726,-2.1074960113525387
33.66141460000654,2.1619640991210938,-9.605537060546874,-2.108094561767578
33.66864400001941,2.1805191619873048,-9.600150106811522,-2.1446061370849607
33.675798500014935,2.148197439575195,-9.610325463867188,-2.1116858642578125
33.68417540000519,2.1446061370849607,-9.6013472076416,-2.1230583221435544
33.692076500010444,2.15777424621582,-9.598953005981445,-2.105101809692383
33.70170340000186,2.184110464477539,-9.612719665527344,-2.114678616333008
33.71072050000657,2.194884371948242,-9.627683425903319,-2.152387292480469
33.72626019999734,2.1589713470458984,-9.635464581298828,-2.136226431274414
33.7445269000018,2.1924901702880857,-9.618705169677733,-2.1350293304443357
33.755052300024545,2.1416133850097654,-9.604938510131836,-2.1015105072021485
33.761363300000085,2.142810485839844,-9.582193594360351,-2.1356278808593747
33.76831410001614,2.145803237915039,-9.628281976318359,-2.139219183349609
33.7750178000133,2.1709423553466793,-9.630077627563477,-2.136226431274414
33.78383880000911,2.1440075866699217,-9.60852981262207,-2.126649624633789
33.79174020001665,2.1727380065917967,-9.592368951416015,-2.176329309082031
33.799836400023196,2.1404162841796874,-9.599551556396484,-2.1326351287841794
33.807024800014915,2.17692785949707,-9.573813888549804,-2.155978594970703
33.8144614000048,2.1900959686279298,-9.627084875488281,-2.136824981689453
33.823411999997916,2.1416133850097654,-9.574412438964844,-2.1212626708984375
33.83175000001211,2.185906115722656,-9.585186346435547,-2.120065570068359
33.83900770000764,2.1356278808593747,-9.586981997680663,-2.090138049316406
33.84667560001253,2.156577145385742,-9.606135610961914,-2.13862063293457
33.85456690000137,2.2092495819091797,-9.607332711791992,-2.1541829437255857
33.86200490000192,2.164956851196289,-9.584587796020507,-2.1110873138427735
33.869635200011544,2.174533657836914,-9.588179098510741,-2.133832229614258
33.8774755000195,2.1739351074218747,-9.630676177978515,-2.1164742675781247
33.885213700006716,2.1260510742187497,-9.561244329833984,-2.157175695800781
33.892553100013174,2.1422119354248044,-9.63307037963867,-2.1679496032714844
33.9005010999972,2.166752502441406,-9.634866030883789,-2.142810485839844
33.90792510000756,2.1721394561767577,-9.618705169677733,-2.148197439575195
33.916081800009124,2.1583727966308595,-9.602544308471678,-2.129642376708984
33.92508909999742,2.176329309082031,-9.603741409301758,-2.100911956787109
33.935485800000606,2.1404162841796874,-9.611522564697266,-2.094926452636719
33.95448220000253,2.2068553802490234,-9.664195001220703,-2.1487959899902345
33.97366570000304,2.195482922363281,-9.585784896850585,-2.1350293304443357
33.991439800010994,2.1248539733886718,-9.566631283569336,-2.127846725463867
34.007190200005425,2.1452046874999997,-9.598953005981445,-2.1326351287841794
34.02640590001829,2.1871032165527344,-9.622895022583007,-2.1302409271240235
34.043223900021985,2.1793220611572264,-9.584587796020507,-2.1434090362548828
34.05839560000459,2.175132208251953,-9.599551556396484,-2.1314380279541014
34.075354600005085,2.1613655487060544,-9.588179098510741,-2.1152771667480468
34.08569200002239,2.194884371948242,-9.61451531677246,-2.08115979309082
34.09356690000277,2.1344307800292968,-9.572616787719726,-2.1314380279541014
34.10673080000561,2.1230583221435544,-9.58279214477539,-2.133832229614258
34.116823100019246,2.146401788330078,-9.634866030883789,-2.117072817993164
34.12581980001414,2.166153952026367,-9.603142858886718,-2.156577145385742
34.13337320002029,2.110488763427734,-9.613916766357422,-2.1505916412353514
34.146177000016905,2.1398177337646485,-9.647435589599608,-2.104503259277344
34.153743400005624,2.1158757171630858,-9.580397943115234,-2.1320365783691404
34.16078410000773,2.2014684265136717,-9.598354455566406,-2.099714855957031
34.16886160001741,2.1404162841796874,-9.612121115112304,-2.1517887420654294
34.17730130002019,2.1302409271240235,-9.62169792175293,-2.110488763427734
34.18686080002226,2.1356278808593747,-9.642048635864258,-2.1350293304443357
34.19740110001294,2.1302409271240235,-9.589974749755859,-2.1260510742187497
34.20916379999835,2.1829133636474607,-9.619902270507811,-2.105101809692383
34.21854310002527,2.17692785949707,-9.623493572998047,-2.1398177337646485
34.22513659999822,2.1116858642578125,-9.606734161376952,-2.1344307800292968
34.23124320001807,2.185307565307617,-9.631873278808593,-2.147598889160156
34.237633600016125,2.184709014892578,-9.624092123413085,-2.1027076080322264
34.24440460000187,2.123656872558594,-9.615712417602538,-2.0847510955810544
34.250591600022744,2.1398177337646485,-9.620500820922851,-2.1452046874999997
34.25750150001841,2.136824981689453,-9.62109937133789,-2.138022082519531
34.263705400022445,2.156577145385742,-9.636661682128906,-2.1164742675781247
34.27099070002441,2.1511901916503904,-9.597157354736327,-2.1350293304443357
34.27973730000667,2.1314380279541014,-9.593566052246093,-2.1350293304443357
34.28764640001464,2.1446061370849607,-9.64025298461914,-2.157175695800781
34.294599600019865,2.1727380065917967,-9.602544308471678,-2.1326351287841794
34.301618400000734,2.1434090362548828,-9.593566052246093,-2.123656872558594
34.309060300001875,2.1829133636474607,-9.55705447692871,-2.1709423553466793
34.3159627999994,2.148197439575195,-9.60194575805664,-2.1248539733886718
34.32388410001295,2.164956851196289,-9.612121115112304,-2.1116858642578125
34.330417100019986,2.156577145385742,-9.620500820922851,-2.137423532104492
34.33767570002237,2.138022082519531,-9.58279214477539,-2.1517887420654294
34.34676010001567,2.165555401611328,-9.660603698730467,-2.1589713470458984
34.35541800002102,2.1811177124023438,-9.606734161376952,-2.133832229614258
34.36414499999955,2.142810485839844,-9.597755905151367,-2.136824981689453
34.371576600009575,2.2068553802490234,-9.592368951416015,-2.108693112182617
34.37965040002018,2.147000338745117,-9.552864624023437,-2.1128829650878904
34.386764100025175,2.1487959899902345,-9.606135610961914,-2.0973206542968748
34.39388100002543,2.1727380065917967,-9.61451531677246,-2.133832229614258
34.401135000021895,2.1631611999511717,-9.618705169677733,-2.138022082519531
34.408520800003316,2.1643583007812497,-9.612121115112304,-2.1697452545166014
34.4158190000162,2.1631611999511717,-9.577405191040038,-2.1499930908203124
34.42288230001577,2.1314380279541014,-9.573813888549804,-2.137423532104492
34.43000540000503,2.1811177124023438,-9.625289224243163,-2.17692785949707
34.43782829999691,2.127248175048828,-9.606734161376952,-2.105101809692383
34.444644200004404,2.155978594970703,-9.651026892089844,-2.127248175048828
34.45189230001415,2.1637597503662107,-9.60194575805664,-2.118868469238281
34.459530100022675,2.1871032165527344,-9.63366893005371,-2.105101809692383
34.466012800025055,2.136824981689453,-9.46846901550293,-2.1547814941406247
34.4741284000047,2.2774843292236326,-9.632471829223633,-2.0464438690185545
34.481010800023796,2.1793220611572264,-9.578003741455078,-2.1128829650878904
34.488363800017396,2.2457611572265623,-9.669581954956055,-2.0757728393554684
34.49588900001254,2.0739771881103515,-9.488221179199218,-2.213439434814453
34.5063194000104,2.2254104431152344,-9.71686743774414,-2.1158757171630858
34.52163719999953,2.1924901702880857,-9.60852981262207,-2.117671368408203
34.53237359999912,2.1709423553466793,-9.60194575805664,-2.0943279022216794
34.54469810001319,2.1637597503662107,-9.599551556396484,-2.1260510742187497
34.55752060000668,2.184709014892578,-9.664195001220703,-2.1230583221435544
34.566683000011835,2.2098481323242187,-9.669581954956055,-2.1697452545166014
34.57724810001673,2.1404162841796874,-9.629479077148437,-2.146401788330078
34.58441330000642,2.1613655487060544,-9.568426934814452,-2.1164742675781247
34.59225450002123,2.174533657836914,-9.62169792175293,-2.0847510955810544
34.60076430000481,2.1505916412353514,-9.603142858886718,-2.1158757171630858
34.61352100002114,2.1703438049316404,-9.600748657226562,-2.1607669982910154
34.626553200010676,2.166752502441406,-9.64025298461914,-2.1248539733886718
34.64104730001418,2.167351052856445,-9.574412438964844,-2.1260510742187497
34.6562174000137,2.194884371948242,-9.592368951416015,-2.1033061584472654
34.670902100013336,2.117072817993164,-9.616909518432617,-2.1452046874999997
34.6836336000124,2.1709423553466793,-9.627084875488281,-2.1158757171630858
34.69490610001958,2.1613655487060544,-9.60194575805664,-2.094926452636719
34.70737840002403,2.1631611999511717,-9.583989245605467,-2.124255422973633
34.71958020000602,2.1727380065917967,-9.616909518432617,-2.090138049316406
34.73236010002438,2.136226431274414,-9.624690673828125,-2.1398177337646485
34.74495730001945,2.128445275878906,-9.648632690429688,-2.1260510742187497
34.75237530001323,2.1505916412353514,-9.60852981262207,-2.1254525238037107
34.75912060000701,2.1434090362548828,-9.583989245605467,-2.138022082519531
34.764314900006866,2.1691467041015624,-9.602544308471678,-2.11946701965332
34.769758300011745,2.1709423553466793,-9.595960253906249,-2.1230583221435544
34.77526900000521,2.17692785949707,-9.597157354736327,-2.1697452545166014
34.780554400000256,2.1709423553466793,-9.587580548095703,-2.133233679199219
34.787009799998486,2.1715409057617188,-9.629479077148437,-2.1541829437255857
34.793232299998635,2.185307565307617,-9.64025298461914,-2.1206641204833985
34.799518500018166,2.1900959686279298,-9.644442837524414,-2.152387292480469
34.8058466000075,2.1643583007812497,-9.598354455566406,-2.1218612213134764
34.812134100007825,2.1625626495361328,-9.582193594360351,-2.110488763427734
34.817554700013716,2.205658279418945,-9.591171850585937,-2.076371389770508
34.82403250000789,2.13862063293457,-9.626486325073241,-2.123656872558594
34.830259300011676,2.109291662597656,-9.590573300170897,-2.1739351074218747
34.83598470001016,2.1511901916503904,-9.643245736694336,-2.1308394775390624
34.842367900011595,2.1404162841796874,-9.588179098510741,-2.1613655487060544
34.85204620001605,2.1972785736083984,-9.594164602661133,-2.123656872558594
34.859276700008195,2.1547814941406247,-9.586383447265625,-2.1164742675781247
34.86736340000061,2.1416133850097654,-9.589974749755859,-2.166153952026367
34.87592500000028,2.1344307800292968,-9.600150106811522,-2.1595698974609374
34.88605950001511,2.165555401611328,-9.610924014282226,-2.1404162841796874
34.89649070001906,2.1721394561767577,-9.624092123413085,-2.1074960113525387
34.90525000001071,2.1691467041015624,-9.631873278808593,-2.1511901916503904
34.91417740000179,2.155380044555664,-9.594164602661133,-2.105101809692383
34.92338740002015,2.1350293304443357,-9.610924014282226,-2.117072817993164
34.933309300016845,2.1715409057617188,-9.567828384399414,-2.0691887847900388
34.94319680001354,2.1835119140624997,-9.600150106811522,-2.147000338745117
34.953488500003004,2.155978594970703,-9.627683425903319,-2.137423532104492
34.963268100022106,2.1487959899902345,-9.612121115112304,-2.1218612213134764
34.9736671000137,2.17692785949707,-9.640851535034178,-2.13862063293457
34.98335620001308,2.15777424621582,-9.606734161376952,-2.120065570068359
34.99549329999718,2.1493945404052734,-9.619902270507811,-2.127846725463867
35.00555690002511,2.156577145385742,-9.638457333374022,-2.137423532104492
35.014745200023754,2.164956851196289,-9.62109937133789,-2.1356278808593747
35.02417460002471,2.127248175048828,-9.581595043945311,-2.1027076080322264
35.03391970001394,2.1607669982910154,-9.58279214477539,-2.155380044555664
35.04304780001985,2.1589713470458984,-9.588179098510741,-2.085948196411133
35.052030400023796,2.1607669982910154,-9.618106619262695,-2.1499930908203124
35.06564390001586,2.1697452545166014,-9.64623848876953,-2.1422119354248044
35.08036320001702,2.1535843933105467,-9.612121115112304,-2.147000338745117
35.09369370000786,2.136824981689453,-9.558251577758789,-2.1416133850097654
35.10658640001202,2.2008698760986327,-9.610924014282226,-2.129043826293945
35.123727700003656,2.186504666137695,-9.591171850585937,-2.1224597717285154
35.13974240000243,2.1733365570068357,-9.59536170349121,-2.1637597503662107
35.15539520001039,2.1978771240234374,-9.565434182739256,-2.1122844146728514
35.17339740000898,2.167351052856445,-9.592967501831055,-2.148197439575195
35.191343500016956,2.1631611999511717,-9.617508068847656,-2.105700360107422
35.20974410002236,2.1547814941406247,-9.63366893005371,-2.133832229614258
35.229146800003946,2.1829133636474607,-9.627683425903319,-2.1350293304443357
35.24690230001579,2.129043826293945,-9.610325463867188,-2.1260510742187497
35.266064199997345,2.129642376708984,-9.591171850585937,-2.1398177337646485
35.28286520001711,2.175730758666992,-9.64025298461914,-2.118868469238281
35.298927099996945,2.2367829010009763,-9.613318215942382,-2.0967221038818358
35.312025000021094,2.1302409271240235,-9.605537060546874,-2.1302409271240235
35.32126860000426,2.117072817993164,-9.642048635864258,-2.1015105072021485
35.33121210001991,2.1422119354248044,-9.589376199340819,-2.110488763427734
35.34061330000986,2.1547814941406247,-9.611522564697266,-2.1254525238037107
35.35377640000661,2.117072817993164,-9.623493572998047,-2.120065570068359
35.364905800001,2.1499930908203124,-9.619902270507811,-2.099714855957031
35.375769600010244,2.127846725463867,-9.623493572998047,-2.104503259277344
35.385464999999385,2.1493945404052734,-9.62169792175293,-2.1314380279541014
35.392900100006955,2.1583727966308595,-9.626486325073241,-2.0937293518066404
35.400453800015384,2.1122844146728514,-9.534908111572266,-2.1529858428955078
35.40778510001837,2.1703438049316404,-9.589974749755859,-2.0973206542968748
35.4160164000059,2.147598889160156,-9.549871871948241,-2.1254525238037107
35.42553820001194,2.2098481323242187,-9.572616787719726,-2.1410148345947264
35.435505700006615,2.165555401611328,-9.613916766357422,-2.114080065917969
35.44349299999885,2.1703438049316404,-9.628281976318359,-2.1308394775390624
35.45087220001733,2.1535843933105467,-9.638457333374022,-2.1434090362548828
35.458641500008525,2.1697452545166014,-9.586383447265625,-2.1356278808593747
35.46609570001601,2.1595698974609374,-9.604938510131836,-2.1505916412353514
35.473792200005846,2.1529858428955078,-9.616310968017578,-2.1697452545166014
35.48402870001155,2.1398177337646485,-9.637858782958984,-2.118868469238281
35.49343780000345,2.1829133636474607,-9.645041387939452,-2.123656872558594
35.50376300001517,2.1697452545166014,-9.649829791259766,-2.1344307800292968
35.51619330001995,2.1607669982910154,-9.655216744995117,-2.1254525238037107
35.529576600005385,2.165555401611328,-9.599551556396484,-2.1218612213134764
35.53770590000204,2.1721394561767577,-9.585186346435547,-2.127248175048828
35.5484271000023,2.155380044555664,-9.590573300170897,-2.139219183349609
35.554177300015,2.1589713470458984,-9.588179098510741,-2.0925322509765625
35.562496600003215,2.174533657836914,-9.635464581298828,-2.1344307800292968
35.5701526000048,2.1517887420654294,-9.600150106811522,-2.1535843933105467
35.582213100016816,2.1739351074218747,-9.60793126220703,-2.117072817993164
35.59341860000859,2.13862063293457,-9.590573300170897,-2.129043826293945
35.60371940000914,2.185906115722656,-9.57022258605957,-2.1499930908203124
35.61654370001634,2.145803237915039,-9.617508068847656,-2.117072817993164
35.63116859999718,2.109890213012695,-9.600150106811522,-2.1074960113525387
35.64246400000411,2.175132208251953,-9.578602291870117,-2.1709423553466793
35.650656200014055,2.1517887420654294,-9.572616787719726,-2.129043826293945
35.66217440000037,2.152387292480469,-9.604938510131836,-2.117671368408203
35.67411340001854,2.1440075866699217,-9.58279214477539,-2.118269918823242
35.683918700000504,2.1452046874999997,-9.613916766357422,-2.136226431274414
35.691517100000056,2.133233679199219,-9.59536170349121,-2.1416133850097654
35.699271500023315,2.099116305541992,-9.676764559936522,-2.1416133850097654
35.706821200001286,2.1308394775390624,-9.604938510131836,-2.136226431274414
35.71654910000507,2.128445275878906,-9.622895022583007,-2.1302409271240235
35.72701410000445,2.155380044555664,-9.628880526733397,-2.138022082519531
35.736696000007214,2.136226431274414,-9.593566052246093,-2.1116858642578125
35.74416150001343,2.1613655487060544,-9.649829791259766,-2.089539498901367
35.74982440000167,2.1434090362548828,-9.585784896850585,-2.1206641204833985
35.755832000024384,2.1625626495361328,-9.57620809020996,-2.118868469238281
35.765559100022074,2.1535843933105467,-9.605537060546874,-2.1434090362548828
35.77604060000158,2.1619640991210938,-9.6396544342041,-2.1685481536865234
35.78525850002188,2.1883003173828124,-9.622296472167967,-2.1422119354248044
35.7979125000129,2.1434090362548828,-9.57620809020996,-2.1685481536865234
35.80729280001833,2.1871032165527344,-9.58279214477539,-2.129642376708984
35.814793600002304,2.139219183349609,-9.63366893005371,-2.1206641204833985
35.82438960002037,2.155978594970703,-9.543287817382812,-2.11946701965332
35.8345704000094,2.1416133850097654,-9.625289224243163,-2.155978594970703
35.8461013000051,2.114080065917969,-9.546879119873047,-2.0973206542968748
35.85974450001959,2.165555401611328,-9.598953005981445,-2.1062989105224608
35.872752199997194,2.1709423553466793,-9.585784896850585,-2.0943279022216794
35.88809079999919,2.1308394775390624,-9.586981997680663,-2.136226431274414
35.90089160000207,2.1625626495361328,-9.607332711791992,-2.105700360107422
35.911094100010814,2.127248175048828,-9.515754498291015,-2.1541829437255857
35.91874010002357,2.1966800231933594,-9.607332711791992,-2.1122844146728514
35.92583250001189,2.1505916412353514,-9.598953005981445,-2.099714855957031
35.93265540001448,2.1906945190429687,-9.578003741455078,-2.118868469238281
35.9411972000089,2.194884371948242,-9.596558804321289,-2.1703438049316404
35.9495388000214,2.1511901916503904,-9.665990652465819,-2.099714855957031
35.9604454000073,2.1517887420654294,-9.62109937133789,-2.175132208251953
35.97102430000086,2.1302409271240235,-9.547477670288085,-2.1595698974609374
35.98063170001842,2.098517755126953,-9.623493572998047,-2.146401788330078
35.990842500003055,2.156577145385742,-9.651625442504882,-2.133233679199219
36.00184170002467,2.185307565307617,-9.67137760620117,-2.118269918823242
36.01344650000101,2.147000338745117,-9.591171850585937,-2.1116858642578125
36.02284910000162,2.145803237915039,-9.57022258605957,-2.133832229614258
36.03080450001289,2.1924901702880857,-9.605537060546874,-2.136824981689453
36.04062420001719,2.176329309082031,-9.579799392700195,-2.128445275878906
36.047667700011516,2.133233679199219,-9.605537060546874,-2.186504666137695
36.05605910002487,2.1607669982910154,-9.634866030883789,-2.1074960113525387
36.063616600004025,2.1775264099121094,-9.541492166137695,-2.110488763427734
36.07263750000857,2.17692785949707,-9.634866030883789,-2.1326351287841794
36.091131699999096,2.1248539733886718,-9.579799392700195,-2.1422119354248044
36.10196330002509,2.2092495819091797,-9.616909518432617,-2.1116858642578125
36.10825020002085,2.1493945404052734,-9.62109937133789,-2.133233679199219
36.11499729999923,2.1583727966308595,-9.631274728393555,-2.1625626495361328
36.121687000006204,2.133233679199219,-9.605537060546874,-2.108693112182617
36.128783599997405,2.1541829437255857,-9.555857376098633,-2.0979192047119137
36.1365705000062,2.1529858428955078,-9.613318215942382,-2.120065570068359
36.14514110001619,2.167351052856445,-9.57620809020996,-2.108693112182617
36.15135810000356,2.1631611999511717,-9.566631283569336,-2.1122844146728514
36.15820659999736,2.175730758666992,-9.637858782958984,-2.1260510742187497
36.166370999999344,2.1775264099121094,-9.639055883789062,-2.1350293304443357
36.17145910000545,2.1703438049316404,-9.642048635864258,-2.1434090362548828
36.17761280000559,2.1487959899902345,-9.592368951416015,-2.1619640991210938
36.183157300023595,2.1679496032714844,-9.631274728393555,-2.127846725463867
36.189523700013524,2.1416133850097654,-9.569025485229492,-2.108693112182617
36.19763300000341,2.1529858428955078,-9.598953005981445,-2.105700360107422
36.20525359999738,2.193687271118164,-9.611522564697266,-2.147000338745117
36.21339370001806,2.142810485839844,-9.602544308471678,-2.120065570068359
36.220257200009655,2.145803237915039,-9.63366893005371,-2.127248175048828
36.226871899998514,2.1733365570068357,-9.603142858886718,-2.1446061370849607
36.23387150000781,2.1505916412353514,-9.60793126220703,-2.1134815155029294
36.2398776000191,2.15777424621582,-9.627084875488281,-2.1440075866699217
36.246284300024854,2.1643583007812497,-9.605537060546874,-2.157175695800781
36.252444100013236,2.1823148132324217,-9.60852981262207,-2.099714855957031
36.25854260000051,2.1529858428955078,-9.62109937133789,-2.060809078979492
36.26513050001813,2.1601684478759764,-9.605537060546874,-2.1027076080322264
36.272262100013904,2.1918916198730467,-9.612121115112304,-2.1122844146728514
36.279632100020535,2.1733365570068357,-9.607332711791992,-2.1302409271240235
36.28743080000277,2.1924901702880857,-9.625887774658203,-2.1434090362548828
36.293920199997956,2.1775264099121094,-9.561244329833984,-2.100911956787109
36.301292200019816,2.129043826293945,-9.549871871948241,-2.1230583221435544
36.308310000022175,2.129642376708984,-9.606135610961914,-2.136226431274414
36.320806400006404,2.2290017456054687,-9.639055883789062,-2.1152771667480468
36.33524730001227,2.203264077758789,-9.610924014282226,-2.1128829650878904
36.352298700017855,2.145803237915039,-9.612121115112304,-2.127248175048828
36.36730589999934,2.118868469238281,-9.6013472076416,-2.1164742675781247
36.381387400004314,2.1134815155029294,-9.610325463867188,-2.1350293304443357
36.39640260001761,2.1302409271240235,-9.597157354736327,-2.0883423980712887
36.40983300001244,2.1894974182128903,-9.590573300170897,-2.129642376708984
36.42366739999852,2.2092495819091797,-9.58339069519043,-2.0781670410156248
36.43760380000458,2.1793220611572264,-9.6013472076416,-2.13862063293457
36.45201200002339,2.147598889160156,-9.569025485229492,-2.147598889160156
36.46933190000709,2.1799206115722654,-9.578003741455078,-2.11946701965332
36.48404650000157,2.1637597503662107,-9.613916766357422,-2.139219183349609
36.498997900023824,2.145803237915039,-9.651625442504882,-2.1422119354248044
36.51878150002449,2.1912930694580077,-9.600748657226562,-2.126649624633789
36.53760140002123,2.1625626495361328,-9.585784896850585,-2.1134815155029294
36.55282770001213,2.1619640991210938,-9.610325463867188,-2.0937293518066404
36.56547970001702,2.1344307800292968,-9.585186346435547,-2.166153952026367
36.582082600012654,2.1505916412353514,-9.607332711791992,-2.1529858428955078
36.60080250000465,2.1152771667480468,-9.605537060546874,-2.123656872558594
36.620099200023105,2.1320365783691404,-9.600150106811522,-2.0781670410156248
36.63943300000392,2.175730758666992,-9.603741409301758,-2.124255422973633
36.65811540000141,2.1607669982910154,-9.619902270507811,-2.138022082519531
36.67433040001197,2.136824981689453,-9.606734161376952,-2.0979192047119137
36.68901500001084,2.157175695800781,-9.592967501831055,-2.1452046874999997
36.7049679000047,2.1499930908203124,-9.59476315307617,-2.104503259277344
36.71691660000943,2.1410148345947264,-9.593566052246093,-2.129642376708984
36.7281265000056,2.1697452545166014,-9.596558804321289,-2.1422119354248044
36.74123420001706,2.136824981689453,-9.55645592651367,-2.155978594970703
36.751489400019636,2.1535843933105467,-9.636063131713867,-2.13862063293457
36.76328939999803,2.175132208251953,-9.6151138671875,-2.1631611999511717
36.77229670001543,2.133832229614258,-9.537302313232422,-2.117671368408203
36.78126560000237,2.1924901702880857,-9.595960253906249,-2.1601684478759764
36.79204880000907,2.1631611999511717,-9.62169792175293,-2.11946701965332
36.80345840001246,2.155978594970703,-9.619303720092773,-2.147598889160156
36.81905469999765,2.1799206115722654,-9.637260232543944,-2.109291662597656
36.833185600000434,2.1302409271240235,-9.569025485229492,-2.1446061370849607
36.84776070000953,2.212242333984375,-9.586981997680663,-2.096123553466797
36.86346490000142,2.1835119140624997,-9.617508068847656,-2.129642376708984
36.87877550002304,2.186504666137695,-9.670180505371093,-2.127248175048828
36.8893513000221,2.1583727966308595,-9.643245736694336,-2.1218612213134764
36.90492830000585,2.1871032165527344,-9.604339959716796,-2.1302409271240235
36.91886689999956,2.1601684478759764,-9.591770401000977,-2.1110873138427735
36.93466910001007,2.184110464477539,-9.627683425903319,-2.1422119354248044
36.94721810001647,2.1739351074218747,-9.638457333374022,-2.1416133850097654
36.963586300000316,2.1799206115722654,-9.580397943115234,-2.1015105072021485
36.98338489999878,2.1691467041015624,-9.632471829223633,-2.118868469238281
37.002825200004736,2.1703438049316404,-9.6013472076416,-2.1122844146728514
37.017113600013545,2.174533657836914,-9.605537060546874,-2.0973206542968748
37.03514020002331,2.1823148132324217,-9.564237081909178,-2.138022082519531
37.05205250001745,2.1793220611572264,-9.590573300170897,-2.123656872558594
37.07182080001803,2.1703438049316404,-9.6396544342041,-2.1452046874999997
37.09350320001249,2.1535843933105467,-9.583989245605467,-2.117671368408203
37.110248400014825,2.1511901916503904,-9.599551556396484,-2.136824981689453
37.12503690001904,2.155978594970703,-9.59476315307617,-2.129043826293945
37.14108300002408,2.1727380065917967,-9.581595043945311,-2.1308394775390624
37.15602480000234,2.1793220611572264,-9.573813888549804,-2.133832229614258
37.16952000002493,2.175730758666992,-9.59536170349121,-2.1302409271240235
37.187560200021835,2.17692785949707,-9.58339069519043,-2.1015105072021485
37.205933600023855,2.186504666137695,-9.578003741455078,-2.118868469238281
37.22448610002175,2.1254525238037107,-9.643844287109374,-2.1416133850097654
37.240329400025075,2.1691467041015624,-9.615712417602538,-2.129642376708984
37.255134700011695,2.157175695800781,-9.584587796020507,-2.1326351287841794
37.270059400005266,2.1212626708984375,-9.592368951416015,-2.129043826293945
37.29012290001265,2.152387292480469,-9.641450085449218,-2.118269918823242
37.30765520001296,2.1302409271240235,-9.603741409301758,-2.1410148345947264
37.32400590000907,2.194285821533203,-9.647435589599608,-2.109890213012695
37.341609800001606,2.155978594970703,-9.602544308471678,-2.152387292480469
37.361326800019015,2.1589713470458984,-9.578602291870117,-2.1440075866699217
37.379072600015206,2.1511901916503904,-9.586981997680663,-2.1314380279541014
37.394082200014964,2.1978771240234374,-9.573215338134766,-2.1410148345947264
37.40814580000006,2.0835539947509765,-9.611522564697266,-2.124255422973633
37.422797300008824,2.1972785736083984,-9.580996493530273,-2.147598889160156
37.436429399996996,2.194884371948242,-9.66000514831543,-2.050035171508789
37.44799100002274,2.2361843505859373,-9.695918173217773,-2.0937293518066404
37.4621675000235,2.1888988677978514,-9.657610946655273,-2.095525003051758
37.47733970000991,2.224811892700195,-9.60194575805664,-2.114678616333008
37.49308000001474,2.165555401611328,-9.616310968017578,-2.1350293304443357
37.50819260001299,2.1398177337646485,-9.617508068847656,-2.095525003051758
37.52439490001416,2.1619640991210938,-9.597755905151367,-2.1350293304443357
37.53917640002328,2.1811177124023438,-9.619303720092773,-2.1248539733886718
37.55483999999706,2.1900959686279298,-9.586981997680663,-2.1260510742187497
37.57229520002147,2.118868469238281,-9.557653027343749,-2.1254525238037107
37.58994150001672,2.1990742248535153,-9.60852981262207,-2.1302409271240235
37.60741570001119,2.1924901702880857,-9.645639938354492,-2.100911956787109
37.6237814000051,2.127248175048828,-9.624092123413085,-2.1230583221435544
37.641508800006704,2.1912930694580077,-9.632471829223633,-2.1039047088623044
37.65955040001427,2.2002713256835937,-9.652223992919922,-2.114080065917969
37.677116400009254,2.1906945190429687,-9.6151138671875,-2.1033061584472654
37.69380030001048,2.128445275878906,-9.560047229003906,-2.096123553466797
37.710793300007936,2.2002713256835937,-9.618106619262695,-2.0937293518066404
37.72714200001792,2.1535843933105467,-9.637858782958984,-2.1446061370849607
37.73846320001758,2.2445640563964844,-9.662399349975585,-2.099116305541992
37.75265070001478,2.1787235107421874,-9.61451531677246,-2.10031340637207
37.76534400001401,2.212840884399414,-9.685742816162108,-2.090736599731445
37.77491710000322,2.1709423553466793,-9.609726913452148,-2.1158757171630858
37.78383980001672,2.105101809692383,-9.5384994140625,-2.1404162841796874
37.79038180000498,2.148197439575195,-9.624092123413085,-2.0823568939208985
37.79698559999815,2.1248539733886718,-9.573215338134766,-2.114678616333008
37.80488070001593,2.1589713470458984,-9.620500820922851,-2.0943279022216794
37.81447690000641,2.1410148345947264,-9.634267480468749,-2.100911956787109
37.821218700002646,2.1984756744384764,-9.55705447692871,-2.129642376708984
37.828209100000095,2.1811177124023438,-9.6013472076416,-2.148197439575195
37.835873300005915,2.1601684478759764,-9.622895022583007,-2.123656872558594
37.84211920000962,2.117671368408203,-9.612719665527344,-2.129043826293945
37.85045590001391,2.136824981689453,-9.588777648925781,-2.1601684478759764
37.857566500024404,2.2002713256835937,-9.618705169677733,-2.085349645996094
37.86455369999749,2.147000338745117,-9.584587796020507,-2.127846725463867
37.871114700014004,2.133233679199219,-9.619902270507811,-2.1152771667480468
37.87755430000834,2.1930887207031247,-9.620500820922851,-2.1422119354248044
37.8849457000033,2.1637597503662107,-9.635464581298828,-2.117072817993164
37.891342600021744,2.1679496032714844,-9.59476315307617,-2.1398177337646485
37.89794750002329,2.1912930694580077,-9.616909518432617,-2.1505916412353514
37.90638690002379,2.1356278808593747,-9.616909518432617,-2.1607669982910154
37.93456550000701,2.1685481536865234,-9.569025485229492,-2.155380044555664
37.94913190000807,2.1691467041015624,-9.582193594360351,-2.099116305541992
37.960176400025375,2.1535843933105467,-9.598354455566406,-2.1134815155029294
37.97135960002197,2.204461178588867,-9.631873278808593,-2.0973206542968748
37.982465200009756,2.1978771240234374,-9.638457333374022,-2.098517755126953
38.00128280001809,2.213439434814453,-9.658209497070311,-2.0967221038818358
38.01926660002209,2.124255422973633,-9.600150106811522,-2.148197439575195
38.03594540001359,2.1739351074218747,-9.618106619262695,-2.166153952026367
38.05202570001711,2.147598889160156,-9.655815295410155,-2.11946701965332
38.064700900024036,2.1823148132324217,-9.618106619262695,-2.110488763427734
38.07836980000138,2.17692785949707,-9.627683425903319,-2.095525003051758
38.101833200023975,2.1404162841796874,-9.622296472167967,-2.146401788330078
38.119940000004135,2.1487959899902345,-9.627683425903319,-2.1021090576171875
38.14040910001495,2.147000338745117,-9.597755905151367,-2.1517887420654294
38.15816350001842,2.1685481536865234,-9.583989245605467,-2.1637597503662107
38.182831900019664,2.1697452545166014,-9.579799392700195,-2.1254525238037107
38.200612500018906,2.1410148345947264,-9.604339959716796,-2.1302409271240235
38.21330440000747,2.2008698760986327,-9.636063131713867,-2.1158757171630858
38.232505699998,2.185906115722656,-9.610924014282226,-2.1062989105224608
38.24401010002475,2.155978594970703,-9.592368951416015,-2.1452046874999997
38.25591740000527,2.147000338745117,-9.586981997680663,-2.1206641204833985
38.26545360000455,2.2104466827392577,-9.590573300170897,-2.166752502441406
38.275379800004885,2.155380044555664,-9.609726913452148,-2.127248175048828
38.287689900025725,2.1452046874999997,-9.625887774658203,-2.1446061370849607
38.30691470002057,2.1134815155029294,-9.572018237304688,-2.1212626708984375
38.32586640000227,2.185307565307617,-9.568426934814452,-2.114678616333008
38.338023400021484,2.1637597503662107,-9.58279214477539,-2.1110873138427735
38.34817180002574,2.1996727752685548,-9.63307037963867,-2.1110873138427735
38.36006050001015,2.1703438049316404,-9.611522564697266,-2.1350293304443357
38.36998260000837,2.184110464477539,-9.605537060546874,-2.142810485839844
38.37930690002395,2.2020669769287107,-9.627084875488281,-2.129043826293945
38.38836410001386,2.1320365783691404,-9.592967501831055,-2.1074960113525387
38.39506900002016,2.1781249603271484,-9.59476315307617,-2.109291662597656
38.40313310001511,2.1894974182128903,-9.582193594360351,-2.1260510742187497
38.410490100010065,2.1781249603271484,-9.636063131713867,-2.1206641204833985
38.417983899998944,2.1529858428955078,-9.560047229003906,-2.117671368408203
38.4245875000197,2.127248175048828,-9.6013472076416,-2.109291662597656
38.432125600025756,2.166752502441406,-9.588777648925781,-2.1625626495361328
38.43897790001938,2.148197439575195,-9.596558804321289,-2.136226431274414
38.44681990001118,2.1631611999511717,-9.586981997680663,-2.1595698974609374
38.454435899999226,2.127846725463867,-9.584587796020507,-2.095525003051758
38.46189299999969,2.1703438049316404,-9.631274728393555,-2.1440075866699217
38.469145300012315,2.1344307800292968,-9.662997900390625,-2.1416133850097654
38.477103100012755,2.1505916412353514,-9.627084875488281,-2.137423532104492
38.48447650001617,2.139219183349609,-9.6013472076416,-2.1422119354248044
38.49171230001957,2.1703438049316404,-9.6151138671875,-2.1517887420654294
38.49798230000306,2.1631611999511717,-9.606135610961914,-2.1314380279541014
38.50451020000037,2.147000338745117,-9.58279214477539,-2.1446061370849607
38.51161720001255,2.1691467041015624,-9.597755905151367,-2.1122844146728514
38.5299763000221,2.1541829437255857,-9.612719665527344,-2.1074960113525387
38.54844380001305,2.19608147277832,-9.613318215942382,-2.1643583007812497
38.562634500005515,2.1589713470458984,-9.575010989379882,-2.1308394775390624
38.573579900024924,2.136824981689453,-9.569025485229492,-2.110488763427734
38.5837580000225,2.164956851196289,-9.629479077148437,-2.1302409271240235
38.59502970002359,2.164956851196289,-9.612719665527344,-2.1697452545166014
38.6049619000114,2.1308394775390624,-9.558850128173827,-2.137423532104492
38.613126500014914,2.1637597503662107,-9.579799392700195,-2.0943279022216794
38.62340150002274,2.1805191619873048,-9.622895022583007,-2.057217776489258
38.63236230000621,2.142810485839844,-9.57022258605957,-2.100911956787109
38.64161469999817,2.152387292480469,-9.609726913452148,-2.108693112182617
38.65183230000548,2.1619640991210938,-9.625289224243163,-2.1254525238037107
38.66243029999896,2.139219183349609,-9.550470422363281,-2.1404162841796874
38.672533200006,2.1625626495361328,-9.577405191040038,-2.1015105072021485
38.68296310000005,2.1793220611572264,-9.616310968017578,-2.098517755126953
38.693292900017696,2.1631611999511717,-9.585186346435547,-2.081758343505859
38.70546110000578,2.1541829437255857,-9.603142858886718,-2.1541829437255857
38.71877370000584,2.1691467041015624,-9.645041387939452,-2.146401788330078
38.72789130001911,2.145803237915039,-9.606135610961914,-2.1224597717285154
38.73846449999837,2.1416133850097654,-9.586981997680663,-2.1308394775390624
38.74780219999957,2.1583727966308595,-9.636063131713867,-2.118269918823242
38.75823880001553,2.1517887420654294,-9.584587796020507,-2.1637597503662107
38.766235900024185,2.1434090362548828,-9.57620809020996,-2.114678616333008
38.77519640000537,2.1799206115722654,-9.59476315307617,-2.0841525451660154
38.78262569999788,2.175730758666992,-9.623493572998047,-2.1613655487060544
38.79063020000467,2.1631611999511717,-9.581595043945311,-2.1230583221435544
38.798490300017875,2.1643583007812497,-9.60793126220703,-2.157175695800781
38.80787980000605,2.1906945190429687,-9.609726913452148,-2.133832229614258
38.82214630002272,2.1727380065917967,-9.595960253906249,-2.1487959899902345
38.8409048000176,2.1356278808593747,-9.600748657226562,-2.1128829650878904
38.858910500013735,2.1930887207031247,-9.618106619262695,-2.108693112182617
38.877149700012524,2.174533657836914,-9.555258825683593,-2.1493945404052734
38.89593490000698,2.1709423553466793,-9.557653027343749,-2.117072817993164
38.91710960000637,2.1787235107421874,-9.591770401000977,-2.1529858428955078
38.93589069999871,2.138022082519531,-9.588777648925781,-2.155978594970703
38.954851500020595,2.1434090362548828,-9.581595043945311,-2.1547814941406247
38.97779620002257,2.1775264099121094,-9.631873278808593,-2.0829554443359375
39.00070480001159,2.118269918823242,-9.576806640625,-2.1583727966308595
39.021603400004096,2.128445275878906,-9.609726913452148,-2.1206641204833985
39.04312970000319,2.1679496032714844,-9.656413845825195,-2.1254525238037107
39.06204030002118,2.17692785949707,-9.610924014282226,-2.127248175048828
39.08081310000853,2.129043826293945,-9.593566052246093,-2.114678616333008
39.097584700008156,2.1314380279541014,-9.60793126220703,-2.1033061584472654
39.11491090001073,2.1625626495361328,-9.592368951416015,-2.090138049316406
39.13530570000876,2.136824981689453,-9.604938510131836,-2.1260510742187497
39.15420330001507,2.1541829437255857,-9.59476315307617,-2.1224597717285154
39.17177320001065,2.142810485839844,-9.558251577758789,-2.099714855957031
39.18683580000652,2.1589713470458984,-9.62109937133789,-2.1326351287841794
39.20065150002483,2.155978594970703,-9.591770401000977,-2.0925322509765625
39.210742299997946,2.1775264099121094,-9.592967501831055,-2.1206641204833985
39.22356690000743,2.21523508605957,-9.568426934814452,-2.0739771881103515
39.23306650001905,2.156577145385742,-9.607332711791992,-2.114080065917969
39.2419870000158,2.1308394775390624,-9.586383447265625,-2.1505916412353514
39.252875500009395,2.127248175048828,-9.625289224243163,-2.1314380279541014
39.2601030000078,2.1793220611572264,-9.645041387939452,-2.1517887420654294
39.26587770000333,2.2008698760986327,-9.578003741455078,-2.152387292480469
39.272943900024984,2.1930887207031247,-9.575609539794922,-2.114678616333008
39.27947249999852,2.1595698974609374,-9.628281976318359,-2.138022082519531
39.28527260001283,2.1781249603271484,-9.572616787719726,-2.105101809692383
39.29210200000671,2.203862628173828,-9.591770401000977,-2.099116305541992
39.29782200002228,2.157175695800781,-9.619902270507811,-2.1062989105224608
39.30360980000114,2.147598889160156,-9.63366893005371,-2.1206641204833985
39.309846500022104,2.175132208251953,-9.606734161376952,-2.129642376708984
39.31544940001913,2.1697452545166014,-9.635464581298828,-2.1260510742187497
39.32267870000214,2.174533657836914,-9.588777648925781,-2.076371389770508
39.32986690002144,2.1691467041015624,-9.636661682128906,-2.095525003051758
39.33789190000971,2.1643583007812497,-9.619902270507811,-2.118269918823242
39.35454020000179,2.127846725463867,-9.60852981262207,-2.114080065917969
39.37415350001538,2.128445275878906,-9.612121115112304,-2.142810485839844
39.38849900002242,2.147598889160156,-9.605537060546874,-2.129043826293945
39.401685000018915,2.1398177337646485,-9.618106619262695,-2.104503259277344
39.41335740001523,2.186504666137695,-9.658808047485351,-2.114080065917969
39.42257029999746,2.1966800231933594,-9.60852981262207,-2.120065570068359
39.42802859999938,2.176329309082031,-9.60793126220703,-2.129642376708984
39.43769130000146,2.137423532104492,-9.584587796020507,-2.076371389770508
39.44868709999719,2.15777424621582,-9.594164602661133,-2.126649624633789
39.45519420001074,2.184110464477539,-9.651625442504882,-2.1212626708984375
39.46082520001801,2.133832229614258,-9.590573300170897,-2.137423532104492
39.466797400004,2.1972785736083984,-9.712079034423828,-2.077568490600586
39.47474990002229,2.1511901916503904,-9.620500820922851,-2.1260510742187497
39.48202480000327,2.1685481536865234,-9.606135610961914,-2.1625626495361328
39.490944600023795,2.1350293304443357,-9.546879119873047,-2.1697452545166014
39.498457700014114,2.2170307373046874,-9.615712417602538,-2.0841525451660154
39.50840390002122,2.1900959686279298,-9.590573300170897,-2.0787655914306638
39.51588520000223,2.1440075866699217,-9.575010989379882,-2.1410148345947264
39.5267862000037,2.1033061584472654,-9.626486325073241,-2.1625626495361328
39.534371500019915,2.167351052856445,-9.652223992919922,-2.1152771667480468
39.54090449999785,2.1505916412353514,-9.610325463867188,-2.1122844146728514
39.547994300024584,2.186504666137695,-9.603741409301758,-2.147598889160156
39.55597480002325,2.1314380279541014,-9.555857376098633,-2.133233679199219
39.5631908000214,2.1811177124023438,-9.589376199340819,-2.0973206542968748
39.57039470001473,2.1440075866699217,-9.618106619262695,-2.087145297241211
39.57769100001315,2.1811177124023438,-9.60852981262207,-2.1206641204833985
39.584670900017954,2.185307565307617,-9.662997900390625,-2.146401788330078
39.594607800012454,2.136824981689453,-9.668384854125977,-2.1404162841796874
39.6025938000239,2.133233679199219,-9.610924014282226,-2.127248175048828
39.610620300023584,2.147598889160156,-9.59536170349121,-2.137423532104492
39.62065850000363,2.1535843933105467,-9.603741409301758,-2.0739771881103515
39.627905500005,2.176329309082031,-9.54508346862793,-2.0979192047119137
39.63688990002265,2.1966800231933594,-9.63307037963867,-2.126649624633789
39.64625740001793,2.1739351074218747,-9.70369932861328,-2.1206641204833985
39.65501220000442,2.129043826293945,-9.596558804321289,-2.1416133850097654
39.662744900007965,2.1697452545166014,-9.639055883789062,-2.1152771667480468
39.67150500000571,2.1326351287841794,-9.560047229003906,-2.1410148345947264
39.6814960000047,2.155978594970703,-9.505579141235351,-2.127846725463867
39.68913610000163,2.1601684478759764,-9.62109937133789,-2.076371389770508
39.69776209999691,2.186504666137695,-9.679158761596678,-2.145803237915039
39.70551890000934,2.133832229614258,-9.642647186279296,-2.1410148345947264
39.713623100018594,2.1631611999511717,-9.64683703918457,-2.1416133850097654
39.72278480001842,2.1511901916503904,-9.595960253906249,-2.0925322509765625
39.73767709999811,2.15777424621582,-9.6013472076416,-2.1164742675781247
39.75493419999839,2.1918916198730467,-9.631873278808593,-2.109291662597656
39.77309540001443,2.1835119140624997,-9.625887774658203,-2.1260510742187497
39.793147500022314,2.175132208251953,-9.565434182739256,-2.128445275878906
39.80597620000481,2.174533657836914,-9.59476315307617,-2.1015105072021485
39.81333210002049,2.1517887420654294,-9.624092123413085,-2.1619640991210938
39.82557600000291,2.1529858428955078,-9.609128363037108,-2.1320365783691404
39.83768399999826,2.1871032165527344,-9.598354455566406,-2.1116858642578125
39.84749190000002,2.2014684265136717,-9.591171850585937,-2.120065570068359
39.857017500005895,2.137423532104492,-9.613318215942382,-2.128445275878906
39.867943999997806,2.127248175048828,-9.59476315307617,-2.157175695800781
39.878710700024385,2.1499930908203124,-9.573813888549804,-2.124255422973633
39.88961430001655,2.1811177124023438,-9.637858782958984,-2.1302409271240235
39.90063980000559,2.1218612213134764,-9.624690673828125,-2.1499930908203124
39.909742100018775,2.17692785949707,-9.620500820922851,-2.086546746826172
39.91967540001497,2.1631611999511717,-9.599551556396484,-2.1164742675781247
39.92995900000096,2.1416133850097654,-9.576806640625,-2.147000338745117
39.94150939999963,2.155380044555664,-9.648632690429688,-2.1033061584472654
39.952914000023156,2.1799206115722654,-9.579200842285156,-2.1547814941406247
39.96414799999911,2.096123553466797,-9.654019644165038,-2.1116858642578125
39.97671820002142,2.1440075866699217,-9.596558804321289,-2.1206641204833985
39.99037000001408,2.1685481536865234,-9.626486325073241,-2.1152771667480468
40.00993480000761,2.1493945404052734,-9.57620809020996,-2.1152771667480468
40.028776000021026,2.100911956787109,-9.603142858886718,-2.147598889160156
40.04584380000597,2.1912930694580077,-9.626486325073241,-2.1206641204833985
40.06128570000874,2.167351052856445,-9.603741409301758,-2.1434090362548828
40.07621420000214,2.2080524810791013,-9.62109937133789,-2.1206641204833985
40.091375900025014,2.1775264099121094,-9.643844287109374,-2.120065570068359
40.10525069999858,2.185307565307617,-9.637858782958984,-2.1152771667480468
40.12540030002128,2.146401788330078,-9.568426934814452,-2.1583727966308595
40.144493700005114,2.1721394561767577,-9.602544308471678,-2.1116858642578125
40.1614160000172,2.1350293304443357,-9.606135610961914,-2.108693112182617
40.17233080000733,2.1410148345947264,-9.590573300170897,-2.1254525238037107
40.183556300005876,2.147000338745117,-9.575609539794922,-2.1062989105224608
40.19328300000052,2.1906945190429687,-9.615712417602538,-2.114080065917969
40.198926300014136,2.1978771240234374,-9.592967501831055,-2.1446061370849607
40.208804599998984,2.205059729003906,-9.6396544342041,-2.0979192047119137
40.220489900006214,2.1248539733886718,-9.651026892089844,-2.1158757171630858
40.229346100008115,2.1685481536865234,-9.593566052246093,-2.1529858428955078
40.23795000000973,2.147000338745117,-9.607332711791992,-2.15777424621582
40.24637520001852,2.1739351074218747,-9.599551556396484,-2.1230583221435544
40.25219040000229,2.204461178588867,-9.509768994140625,-2.1344307800292968
40.258316600025864,2.1883003173828124,-9.572616787719726,-2.1601684478759764
40.26483920001192,2.1775264099121094,-9.604339959716796,-2.1452046874999997
40.270918200025335,2.1733365570068357,-9.536703762817382,-2.1062989105224608
40.27714340001694,2.1529858428955078,-9.622895022583007,-2.1416133850097654
40.28312090001418,2.1446061370849607,-9.625887774658203,-2.123656872558594
40.28940900001908,2.1529858428955078,-9.643245736694336,-2.1493945404052734
40.296794599998975,2.148197439575195,-9.588777648925781,-2.1326351287841794
40.3048681000073,2.1212626708984375,-9.624092123413085,-2.133233679199219
40.31185720002395,2.2020669769287107,-9.61451531677246,-2.1344307800292968
40.319896300003165,2.1679496032714844,-9.594164602661133,-2.147000338745117
40.32799380001961,2.165555401611328,-9.590573300170897,-2.118868469238281
40.33574690000387,2.157175695800781,-9.645639938354492,-2.11946701965332
40.34261340001831,2.2307973968505856,-9.628880526733397,-2.123656872558594
40.34853170000133,2.1811177124023438,-9.619303720092773,-2.108693112182617
40.356142200005706,2.1643583007812497,-9.597157354736327,-2.145803237915039
40.36451760001364,2.1781249603271484,-9.632471829223633,-2.1811177124023438
40.3717861000041,2.176329309082031,-9.622296472167967,-2.142810485839844
40.38035350001883,2.1422119354248044,-9.611522564697266,-2.100911956787109
40.38911499999813,2.1487959899902345,-9.605537060546874,-2.0847510955810544
40.39962780001224,2.1739351074218747,-9.624690673828125,-2.109291662597656
40.41228840002441,2.1781249603271484,-9.643844287109374,-2.128445275878906
40.42532370000845,2.1799206115722654,-9.589974749755859,-2.133233679199219
40.43857680002111,2.1972785736083984,-9.571419686889648,-2.108094561767578
40.44930610002484,2.1775264099121094,-9.553463174438477,-2.1206641204833985
40.46175650000805,2.1775264099121094,-9.580397943115234,-2.120065570068359
40.47396220001974,2.17692785949707,-9.618106619262695,-2.1074960113525387
40.48415620002197,2.1583727966308595,-9.573813888549804,-2.1434090362548828
40.49428590000025,2.145803237915039,-9.631274728393555,-2.148197439575195
40.50384170000325,2.1631611999511717,-9.590573300170897,-2.085349645996094
40.51295860001119,2.155978594970703,-9.617508068847656,-2.1224597717285154
40.521494900021935,2.1637597503662107,-9.603142858886718,-2.1356278808593747
40.52990380002302,2.1811177124023438,-9.668983404541015,-2.137423532104492
40.539140500011854,2.1583727966308595,-9.598953005981445,-2.1134815155029294
40.54803910001647,2.1811177124023438,-9.607332711791992,-2.1230583221435544
40.559451500012074,2.2301988464355467,-9.607332711791992,-2.0967221038818358
40.56791750001139,2.1643583007812497,-9.56962403564453,-2.127248175048828
40.5840519000194,2.2014684265136717,-9.617508068847656,-2.1416133850097654
40.59469350002473,2.138022082519531,-9.630077627563477,-2.1212626708984375
40.604626200016355,2.1924901702880857,-9.586383447265625,-2.098517755126953
40.614554300002055,2.1829133636474607,-9.56363853149414,-2.1499930908203124
40.62928950000787,2.136824981689453,-9.596558804321289,-2.0943279022216794
40.642195100022946,2.1781249603271484,-9.654019644165038,-2.091335150146484
40.65059669999755,2.1320365783691404,-9.615712417602538,-2.095525003051758
40.66282110000611,2.148197439575195,-9.592368951416015,-2.098517755126953
40.66812050002045,2.136226431274414,-9.58279214477539,-2.147598889160156
40.68010670001968,2.1511901916503904,-9.629479077148437,-2.108693112182617
40.68735829999787,2.1703438049316404,-9.585784896850585,-2.128445275878906
40.69634780002525,2.1493945404052734,-9.58339069519043,-2.1350293304443357
40.70567240001401,2.15777424621582,-9.57620809020996,-2.148197439575195
40.71438180000405,2.1230583221435544,-9.651026892089844,-2.1206641204833985
40.72501120000379,2.174533657836914,-9.607332711791992,-2.1344307800292968
40.733015200006776,2.1703438049316404,-9.597755905151367,-2.114080065917969
40.741869000019506,2.184110464477539,-9.620500820922851,-2.1254525238037107
40.74932100001024,2.1805191619873048,-9.629479077148437,-2.13862063293457
40.759183200018015,2.2008698760986327,-9.62109937133789,-2.1248539733886718
40.767137900023954,2.156577145385742,-9.599551556396484,-2.1224597717285154
40.77698350002174,2.1930887207031247,-9.613916766357422,-2.1440075866699217
40.785780000005616,2.1721394561767577,-9.616909518432617,-2.139219183349609
40.806806100008544,2.133233679199219,-9.572018237304688,-2.114678616333008
40.82560700000613,2.105101809692383,-9.606135610961914,-2.145803237915039
40.839219100016635,2.127248175048828,-9.600150106811522,-2.1398177337646485
40.854148100013845,2.1643583007812497,-9.588777648925781,-2.145803237915039
40.86832360000699,2.1607669982910154,-9.634267480468749,-2.1404162841796874
40.876677500025835,2.1871032165527344,-9.589974749755859,-2.148197439575195
40.88427290000254,2.176329309082031,-9.600150106811522,-2.127846725463867
40.892811199999414,2.1721394561767577,-9.624690673828125,-2.1601684478759764
40.90184870001394,2.1254525238037107,-9.60793126220703,-2.1134815155029294
40.91149940001196,2.1607669982910154,-9.65940659790039,-2.138022082519531
40.921058400010224,2.1529858428955078,-9.636661682128906,-2.1583727966308595
40.93008570000529,2.139219183349609,-9.59476315307617,-2.1116858642578125
40.94315330000245,2.156577145385742,-9.610325463867188,-2.117072817993164
40.95458200000576,2.1739351074218747,-9.574412438964844,-2.1158757171630858
40.96418160002213,2.166752502441406,-9.57620809020996,-2.1110873138427735
40.974743099999614,2.1505916412353514,-9.5630399810791,-2.099116305541992
40.98856460000388,2.1356278808593747,-9.595960253906249,-2.1110873138427735
40.99651240001549,2.1499930908203124,-9.589974749755859,-2.090138049316406
41.00553770002443,2.155380044555664,-9.604339959716796,-2.1110873138427735
41.01580720001948,2.1739351074218747,-9.606734161376952,-2.1877017669677734
41.02474780002376,2.1446061370849607,-9.635464581298828,-2.099714855957031
41.03288579999935,2.1410148345947264,-9.641450085449218,-2.109890213012695
41.0422834000201,2.194285821533203,-9.616310968017578,-2.108693112182617
41.05384580002283,2.1511901916503904,-9.603741409301758,-2.10031340637207
41.06993830000283,2.15777424621582,-9.623493572998047,-2.1314380279541014
41.085097200004384,2.195482922363281,-9.618705169677733,-2.127248175048828
41.10045200001332,2.2104466827392577,-9.625289224243163,-2.0973206542968748
41.11615950000123,2.1703438049316404,-9.546879119873047,-2.1404162841796874
41.132300600002054,2.136226431274414,-9.607332711791992,-2.0931308013916015
41.14985450002132,2.1499930908203124,-9.65342109375,-2.123656872558594
41.167978500016034,2.1679496032714844,-9.585186346435547,-2.1128829650878904
41.18369700000039,2.17692785949707,-9.617508068847656,-2.129642376708984
41.20025250001345,2.152387292480469,-9.643844287109374,-2.1529858428955078
41.21701530000428,2.1631611999511717,-9.639055883789062,-2.1134815155029294
41.23306520000915,2.1637597503662107,-9.568426934814452,-2.1541829437255857
41.25074630000745,2.1541829437255857,-9.59476315307617,-2.165555401611328
41.26806050000596,2.1733365570068357,-9.60793126220703,-2.1027076080322264
41.28736670000944,2.1637597503662107,-9.597157354736327,-2.1206641204833985
41.3068476000044,2.1912930694580077,-9.604339959716796,-2.1356278808593747
41.32389680002234,2.214636535644531,-9.610924014282226,-2.1499930908203124
41.342556700023124,2.1805191619873048,-9.578003741455078,-2.1320365783691404
41.3595882000227,2.184110464477539,-9.609726913452148,-2.129642376708984
41.3757528999995,2.1703438049316404,-9.627084875488281,-2.094926452636719
41.39111630001571,2.1787235107421874,-9.588179098510741,-2.1356278808593747
41.402974900003755,2.1643583007812497,-9.613318215942382,-2.1122844146728514
41.41032240001368,2.1434090362548828,-9.63366893005371,-2.099714855957031
41.41751620001742,2.1607669982910154,-9.577405191040038,-2.123656872558594
41.42851740002516,2.1703438049316404,-9.548076220703125,-2.13862063293457
41.43737180001335,2.15777424621582,-9.630077627563477,-2.105700360107422
41.44647890000488,2.1894974182128903,-9.598953005981445,-2.1260510742187497
41.4586276000191,2.1589713470458984,-9.595960253906249,-2.1410148345947264
41.46596950001549,2.1541829437255857,-9.573813888549804,-2.137423532104492
41.477128400001675,2.138022082519531,-9.60852981262207,-2.133233679199219
41.4844309000182,2.1302409271240235,-9.625887774658203,-2.146401788330078
41.492804400011664,2.1505916412353514,-9.645041387939452,-2.1302409271240235
41.49976810000953,2.139219183349609,-9.589376199340819,-2.1595698974609374
41.50690890001715,2.1781249603271484,-9.618106619262695,-2.1326351287841794
41.514112500008196,2.185307565307617,-9.658808047485351,-2.1727380065917967
41.521970900008455,2.146401788330078,-9.637858782958984,-2.1230583221435544
41.52914070000406,2.13862063293457,-9.664195001220703,-2.136226431274414
41.53640940002515,2.1829133636474607,-9.6151138671875,-2.1128829650878904
41.54424980000476,2.2002713256835937,-9.55645592651367,-2.1224597717285154
41.55176840000786,2.13862063293457,-9.561244329833984,-2.095525003051758
41.558860999997705,2.167351052856445,-9.57022258605957,-2.1248539733886718
41.566023100021994,2.1679496032714844,-9.627683425903319,-2.1404162841796874
41.57336380000925,2.1733365570068357,-9.623493572998047,-2.117072817993164
41.58123780001188,2.1260510742187497,-9.603741409301758,-2.1452046874999997
41.5883020000183,2.133832229614258,-9.616909518432617,-2.1547814941406247
41.59566230000928,2.148197439575195,-9.604339959716796,-2.1422119354248044
41.60290550001082,2.1529858428955078,-9.595960253906249,-2.127846725463867
41.60999230001471,2.155380044555664,-9.592368951416015,-2.1021090576171875
41.61721370002488,2.175132208251953,-9.59476315307617,-2.127846725463867
41.624366500007454,2.1595698974609374,-9.613318215942382,-2.1230583221435544
41.63125760000548,2.1416133850097654,-9.63307037963867,-2.1326351287841794
41.63865780000924,2.1631611999511717,-9.591171850585937,-2.146401788330078
41.64649230000214,2.147000338745117,-9.635464581298828,-2.099116305541992
41.653895499999635,2.1601684478759764,-9.602544308471678,-2.126649624633789
41.660648899996886,2.127248175048828,-9.578003741455078,-2.11946701965332
41.66692090002471,2.1607669982910154,-9.580996493530273,-2.1308394775390624
41.674018700025044,2.1918916198730467,-9.579200842285156,-2.1829133636474607
41.6809783000208,2.1697452545166014,-9.592967501831055,-2.146401788330078
41.68832549999934,2.185307565307617,-9.657610946655273,-2.136226431274414
41.6969950000057,2.148197439575195,-9.603142858886718,-2.127248175048828
41.70421730002272,2.164956851196289,-9.616310968017578,-2.1158757171630858
41.71178810001584,2.166153952026367,-9.576806640625,-2.1631611999511717
41.72124260000419,2.1709423553466793,-9.581595043945311,-2.127846725463867
41.72923880000599,2.126649624633789,-9.578602291870117,-2.1320365783691404
41.73474340001121,2.155978594970703,-9.632471829223633,-2.136226431274414
41.740883100021165,2.1715409057617188,-9.610924014282226,-2.1116858642578125
41.74715680000372,2.1643583007812497,-9.6779616607666,-2.114080065917969
41.752462600008585,2.148197439575195,-9.609726913452148,-2.099714855957031
41.757934499997646,2.1434090362548828,-9.599551556396484,-2.1218612213134764
41.76633440001751,2.148197439575195,-9.573215338134766,-2.1703438049316404
41.77448540000478,2.1829133636474607,-9.626486325073241,-2.0937293518066404
41.78403370000888,2.142810485839844,-9.590573300170897,-2.127846725463867
41.791507200017804,2.1583727966308595,-9.619902270507811,-2.1218612213134764
41.80305020001833,2.1583727966308595,-9.598953005981445,-2.100911956787109
41.81190160001279,2.175132208251953,-9.630676177978515,-2.137423532104492
41.8231841000088,2.174533657836914,-9.624092123413085,-2.108094561767578
41.831391000014264,2.184709014892578,-9.619902270507811,-2.1206641204833985
41.84417680001934,2.1799206115722654,-9.622895022583007,-2.118868469238281
41.85470000002533,2.1164742675781247,-9.589376199340819,-2.1607669982910154
41.86346930000582,2.195482922363281,-9.627084875488281,-2.1422119354248044
41.87224300001981,2.137423532104492,-9.605537060546874,-2.1068974609374997
41.88086689999909,2.174533657836914,-9.613916766357422,-2.1164742675781247
41.88961750001181,2.133832229614258,-9.591171850585937,-2.127846725463867
41.89861640002346,2.155978594970703,-9.619902270507811,-2.1027076080322264
41.90637690000585,2.184110464477539,-9.603741409301758,-2.1452046874999997
41.916152100020554,2.1691467041015624,-9.56962403564453,-2.1601684478759764
41.92384060000768,2.1918916198730467,-9.586383447265625,-2.1206641204833985
41.931182100001024,2.1703438049316404,-9.625887774658203,-2.0979192047119137
41.93793210000149,2.186504666137695,-9.603142858886718,-2.0967221038818358
41.94516740000108,2.1541829437255857,-9.610325463867188,-2.117671368408203
41.952517500001704,2.175132208251953,-9.590573300170897,-2.1619640991210938
41.959299500013,2.1158757171630858,-9.634866030883789,-2.0967221038818358
41.966227900004014,2.1793220611572264,-9.60194575805664,-2.117671368408203
41.97314940000069,2.1589713470458984,-9.583989245605467,-2.1434090362548828
41.980676600011066,2.147598889160156,-9.607332711791992,-2.118269918823242
41.987855400017,2.155380044555664,-9.58279214477539,-2.1074960113525387
41.99490080002579,2.1811177124023438,-9.60793126220703,-2.1122844146728514
42.00176640000427,2.0973206542968748,-9.578602291870117,-2.133832229614258
42.00891780000529,2.1817162628173827,-9.662997900390625,-2.1134815155029294
42.016315900022164,2.1434090362548828,-9.627683425903319,-2.114080065917969
42.02376670000376,2.185906115722656,-9.574412438964844,-2.127846725463867
42.030615900002886,2.156577145385742,-9.613318215942382,-2.123656872558594
42.03731030001654,2.166153952026367,-9.572018237304688,-2.1224597717285154
42.045279400015716,2.11946701965332,-9.600748657226562,-2.104503259277344
42.053536500025075,2.1446061370849607,-9.598354455566406,-2.1164742675781247
42.06124190002447,2.1583727966308595,-9.586981997680663,-2.1404162841796874
42.06819440002437,2.138022082519531,-9.638457333374022,-2.1302409271240235
42.07549000001745,2.1877017669677734,-9.634866030883789,-2.1314380279541014
42.08234059999813,2.155380044555664,-9.661800799560547,-2.0877438476562498
42.089615700009745,2.1787235107421874,-9.593566052246093,-2.1021090576171875
42.09648040001048,2.1547814941406247,-9.588179098510741,-2.156577145385742
42.103843400022015,2.148197439575195,-9.584587796020507,-2.1039047088623044
42.111293300025864,2.185307565307617,-9.60194575805664,-2.1062989105224608
42.11838379999972,2.108693112182617,-9.587580548095703,-2.123656872558594
42.12577120002243,2.1984756744384764,-9.642647186279296,-2.108094561767578
42.132858700002544,2.1230583221435544,-9.575010989379882,-2.15777424621582
42.14049310001428,2.136226431274414,-9.622895022583007,-2.126649624633789
42.14699570002267,2.129642376708984,-9.606135610961914,-2.1679496032714844
42.15523530001519,2.166752502441406,-9.58339069519043,-2.105101809692383
42.16248930001166,2.0655974822998044,-9.570821136474608,-2.1116858642578125
42.17368000000715,2.148197439575195,-9.592368951416015,-2.1260510742187497
42.18222830002196,2.15777424621582,-9.651625442504882,-2.1230583221435544
42.19366180000361,2.176329309082031,-9.619303720092773,-2.1027076080322264
42.205703900021035,2.1547814941406247,-9.624690673828125,-2.1230583221435544
42.216923400003,2.1793220611572264,-9.610325463867188,-2.129043826293945
42.228474500006996,2.146401788330078,-9.615712417602538,-2.105101809692383
42.24019410001347,2.1446061370849607,-9.619303720092773,-2.114678616333008
42.25374080002075,2.1434090362548828,-9.607332711791992,-2.129642376708984
42.26561820000643,2.167351052856445,-9.590573300170897,-2.1152771667480468
42.27767670000321,2.137423532104492,-9.605537060546874,-2.108693112182617
42.28829660001793,2.2086510314941403,-9.613318215942382,-2.136824981689453
42.29874590001418,2.195482922363281,-9.654019644165038,-2.146401788330078
42.31469920001109,2.2002713256835937,-9.64025298461914,-2.0919337005615235
42.32974860002287,2.2008698760986327,-9.637260232543944,-2.0925322509765625
42.3489605000068,2.1727380065917967,-9.612719665527344,-2.108094561767578
42.35858310002368,2.1631611999511717,-9.607332711791992,-2.126649624633789
42.36849720001919,2.1529858428955078,-9.642048635864258,-2.1068974609374997
42.37904120000894,2.1637597503662107,-9.612719665527344,-2.1212626708984375
42.38917130001937,2.1529858428955078,-9.570821136474608,-2.1547814941406247
42.39911990001565,2.194884371948242,-9.645639938354492,-2.136824981689453
42.40623420002521,2.1517887420654294,-9.63307037963867,-2.1320365783691404
42.416777100006584,2.1793220611572264,-9.600150106811522,-2.1021090576171875
42.42671600001631,2.1493945404052734,-9.589376199340819,-2.1541829437255857
42.438239300012356,2.1547814941406247,-9.573813888549804,-2.129642376708984
42.44830340001499,2.1356278808593747,-9.596558804321289,-2.137423532104492
42.45636700000614,2.133832229614258,-9.589974749755859,-2.15777424621582
42.464703200006625,2.1727380065917967,-9.599551556396484,-2.1631611999511717
42.47333440001239,2.184709014892578,-9.560047229003906,-2.1595698974609374
42.485778500005836,2.1823148132324217,-9.627084875488281,-2.114080065917969
42.49433680000948,2.1823148132324217,-9.620500820922851,-2.1218612213134764
42.503130500001134,2.148197439575195,-9.604339959716796,-2.1062989105224608
42.51264090000768,2.1799206115722654,-9.606734161376952,-2.145803237915039
42.52100970002357,2.1888988677978514,-9.59536170349121,-2.1015105072021485
42.53272780001862,2.1350293304443357,-9.607332711791992,-2.1260510742187497
42.53970300001674,2.1535843933105467,-9.575010989379882,-2.133832229614258
42.548985600005835,2.146401788330078,-9.597755905151367,-2.1039047088623044
42.55704549999791,2.13862063293457,-9.6013472076416,-2.128445275878906
42.56532380002318,2.186504666137695,-9.628281976318359,-2.1440075866699217
42.572604600019986,2.1446061370849607,-9.629479077148437,-2.137423532104492
42.580976800003555,2.1811177124023438,-9.615712417602538,-2.1452046874999997
42.589012400014326,2.166752502441406,-9.600748657226562,-2.1595698974609374
42.59628510000766,2.13862063293457,-9.580397943115234,-2.110488763427734
42.60494220000692,2.165555401611328,-9.610325463867188,-2.0943279022216794
42.61459910002304,2.1505916412353514,-9.60793126220703,-2.120065570068359
42.62260510001215,2.1739351074218747,-9.602544308471678,-2.1727380065917967
42.6307489000028,2.1721394561767577,-9.60793126220703,-2.1224597717285154
42.63986510000541,2.1487959899902345,-9.596558804321289,-2.1697452545166014
42.647867000021506,2.17692785949707,-9.609128363037108,-2.1398177337646485
42.65663820001646,2.15777424621582,-9.581595043945311,-2.176329309082031
42.666342800017446,2.203264077758789,-9.612719665527344,-2.13862063293457
42.67605770000955,2.138022082519531,-9.578003741455078,-2.133832229614258
42.68821210000897,2.1829133636474607,-9.682151513671874,-2.114678616333008
42.702663600008236,2.184110464477539,-9.619303720092773,-2.1134815155029294
42.71276730002137,2.099714855957031,-9.590573300170897,-2.136226431274414
42.72125950001646,2.1930887207031247,-9.636661682128906,-2.133832229614258
42.730246000021,2.1697452545166014,-9.631873278808593,-2.136824981689453
42.738375600019936,2.1583727966308595,-9.63366893005371,-2.128445275878906
42.749441200023284,2.147000338745117,-9.60793126220703,-2.1158757171630858
42.766567400016356,2.1487959899902345,-9.603741409301758,-2.1404162841796874
42.77416329999687,2.1811177124023438,-9.612121115112304,-2.1224597717285154
42.78244770001038,2.1619640991210938,-9.597157354736327,-2.136824981689453
42.78961760000675,2.1727380065917967,-9.597755905151367,-2.1164742675781247
42.79777660002583,2.1224597717285154,-9.579799392700195,-2.146401788330078
42.808780000021216,2.148197439575195,-9.619902270507811,-2.1434090362548828
42.81966400000965,2.175132208251953,-9.577405191040038,-2.1404162841796874
42.82648450002307,2.1906945190429687,-9.603741409301758,-2.138022082519531
42.83339410001645,2.1697452545166014,-9.59536170349121,-2.1068974609374997
42.840190100017935,2.1900959686279298,-9.63366893005371,-2.147000338745117
42.847617200022796,2.1547814941406247,-9.6151138671875,-2.133233679199219
42.854551299999,2.1721394561767577,-9.620500820922851,-2.1074960113525387
42.86430010001641,2.1320365783691404,-9.634866030883789,-2.1254525238037107
42.87072460001218,2.1679496032714844,-9.625289224243163,-2.1116858642578125
42.877963000006275,2.1535843933105467,-9.616909518432617,-2.165555401611328
42.88584790000459,2.127248175048828,-9.598953005981445,-2.1787235107421874
42.89473060000455,2.1793220611572264,-9.631873278808593,-2.155978594970703
42.903474200022174,2.1930887207031247,-9.561244329833984,-2.1589713470458984
42.913558800006285,2.1817162628173827,-9.609726913452148,-2.1529858428955078
42.922366600017995,2.175730758666992,-9.60852981262207,-2.1164742675781247
42.931887600017944,2.1805191619873048,-9.604938510131836,-2.133832229614258
42.93992060000892,2.1619640991210938,-9.599551556396484,-2.114080065917969
42.9480756999983,2.1727380065917967,-9.593566052246093,-2.1350293304443357
42.95560880002449,2.1344307800292968,-9.624092123413085,-2.1128829650878904
42.965107900003204,2.157175695800781,-9.642048635864258,-2.1356278808593747
42.97265330000664,2.175730758666992,-9.6013472076416,-2.1212626708984375
42.98060710000573,2.166752502441406,-9.625289224243163,-2.147000338745117
42.987437300005695,2.1817162628173827,-9.598953005981445,-2.1350293304443357
42.99490540000261,2.142810485839844,-9.610325463867188,-2.128445275878906
43.00185500000953,2.1643583007812497,-9.580996493530273,-2.1631611999511717
43.009395300003234,2.165555401611328,-9.65342109375,-2.124255422973633
43.01783029999933,2.129043826293945,-9.572018237304688,-2.1440075866699217
43.02459500002442,2.184110464477539,-9.615712417602538,-2.1440075866699217
43.03352940001059,2.1871032165527344,-9.58279214477539,-2.1122844146728514
43.04159580002306,2.1775264099121094,-9.553463174438477,-2.1308394775390624
43.050239000003785,2.155380044555664,-9.585186346435547,-2.1326351287841794
43.057190000021365,2.1230583221435544,-9.586383447265625,-2.139219183349609
43.06640400001197,2.13862063293457,-9.609128363037108,-2.137423532104492
43.07282000000123,2.1697452545166014,-9.645639938354492,-2.1230583221435544
43.081859700003406,2.155978594970703,-9.598953005981445,-2.1529858428955078
43.089747799996985,2.1637597503662107,-9.607332711791992,-2.1074960113525387
43.09810740000103,2.1829133636474607,-9.61451531677246,-2.1152771667480468
43.10498000000371,2.195482922363281,-9.604938510131836,-2.1595698974609374
43.11284870002419,2.1643583007812497,-9.618705169677733,-2.1110873138427735
43.12028270002338,2.124255422973633,-9.617508068847656,-2.1302409271240235
43.1275676000223,2.194884371948242,-9.628281976318359,-2.129043826293945
43.134023999999044,2.184110464477539,-9.602544308471678,-2.0967221038818358
43.14165090001188,2.1021090576171875,-9.609726913452148,-2.1062989105224608
43.150028500007465,2.1416133850097654,-9.590573300170897,-2.155978594970703
43.15695430000778,2.1739351074218747,-9.628880526733397,-2.139219183349609
43.16422390000662,2.1595698974609374,-9.619303720092773,-2.129642376708984
43.17170800000895,2.1517887420654294,-9.631873278808593,-2.146401788330078
43.17910350000602,2.157175695800781,-9.645041387939452,-2.127248175048828
43.187098700000206,2.1721394561767577,-9.580996493530273,-2.117072817993164
43.19430070000817,2.147598889160156,-9.61451531677246,-2.1344307800292968
43.20130950000021,2.1679496032714844,-9.595960253906249,-2.126649624633789
43.207978899998125,2.1517887420654294,-9.625289224243163,-2.138022082519531
43.21586570001091,2.1727380065917967,-9.588777648925781,-2.1254525238037107
43.22385860001668,2.1918916198730467,-9.634866030883789,-2.1206641204833985
43.23275850000209,2.1811177124023438,-9.615712417602538,-2.1218612213134764
43.23972940002568,2.1613655487060544,-9.619902270507811,-2.1308394775390624
43.247974600002635,2.1308394775390624,-9.623493572998047,-2.1122844146728514
43.25610009999946,2.1906945190429687,-9.583989245605467,-2.1398177337646485
43.26442200000747,2.1823148132324217,-9.6013472076416,-2.1015105072021485
43.27416300002369,2.1685481536865234,-9.617508068847656,-2.1619640991210938
43.284997800015844,2.2080524810791013,-9.61451531677246,-2.155380044555664
43.29479410001659,2.1631611999511717,-9.619303720092773,-2.1260510742187497
43.3059118000092,2.1984756744384764,-9.634866030883789,-2.1547814941406247
43.31522320001386,2.1589713470458984,-9.604339959716796,-2.126649624633789
43.32430520001799,2.13862063293457,-9.597755905151367,-2.138022082519531
43.331612600013614,2.1625626495361328,-9.585186346435547,-2.105700360107422
43.33798400001251,2.1691467041015624,-9.620500820922851,-2.085948196411133
43.347428300010506,2.1637597503662107,-9.592967501831055,-2.1350293304443357
43.35599170002388,2.1733365570068357,-9.624690673828125,-2.129043826293945
43.36488020000979,2.1541829437255857,-9.647435589599608,-2.1110873138427735
43.37459880000097,2.1733365570068357,-9.606135610961914,-2.1230583221435544
43.38267440002528,2.1978771240234374,-9.628880526733397,-2.114080065917969
43.39057350001531,2.110488763427734,-9.586383447265625,-2.127846725463867
43.39815630001249,2.1505916412353514,-9.660603698730467,-2.1625626495361328
43.40585060001467,2.165555401611328,-9.61451531677246,-2.1487959899902345
43.4140430999978,2.1697452545166014,-9.63307037963867,-2.127248175048828
43.42278449999867,2.1583727966308595,-9.625887774658203,-2.1356278808593747
43.431146500020986,2.1535843933105467,-9.575010989379882,-2.129642376708984
43.437776100006886,2.1529858428955078,-9.618106619262695,-2.1805191619873048
43.44622790001449,2.19608147277832,-9.647435589599608,-2.129043826293945
43.45521690000896,2.145803237915039,-9.62109937133789,-2.1517887420654294
43.46217510002316,2.1625626495361328,-9.611522564697266,-2.157175695800781
43.46909759999835,2.120065570068359,-9.604339959716796,-2.1733365570068357
43.47668160000467,2.1787235107421874,-9.561842880249023,-2.142810485839844
43.48555640000268,2.1775264099121094,-9.600150106811522,-2.1230583221435544
43.4937809999974,2.1015105072021485,-9.597157354736327,-2.0841525451660154
43.50131690001581,2.137423532104492,-9.620500820922851,-2.128445275878906
43.50810520001687,2.157175695800781,-9.597157354736327,-2.1302409271240235
43.5157078000193,2.1416133850097654,-9.604938510131836,-2.142810485839844
43.52385500000673,2.1212626708984375,-9.580996493530273,-2.1218612213134764
43.5307059000188,2.1517887420654294,-9.672574707031249,-2.127248175048828
43.5421693000244,2.15777424621582,-9.583989245605467,-2.085948196411133
43.557305800000904,2.1799206115722654,-9.649231240844726,-2.1254525238037107
43.57052239999757,2.175132208251953,-9.604938510131836,-2.1302409271240235
43.58547890000045,2.185906115722656,-9.640851535034178,-2.1308394775390624
43.60118260001764,2.1691467041015624,-9.575010989379882,-2.1212626708984375
43.61574910001946,2.148197439575195,-9.604339959716796,-2.117072817993164
43.63046210000175,2.165555401611328,-9.619902270507811,-2.126649624633789
43.64570900000399,2.110488763427734,-9.62169792175293,-2.136226431274414
43.65864160002093,2.193687271118164,-9.580397943115234,-2.1422119354248044
43.67389090001234,2.1547814941406247,-9.619902270507811,-2.118868469238281
43.68847760002245,2.1966800231933594,-9.600748657226562,-2.099714855957031
43.703405400010524,2.145803237915039,-9.564835632324218,-2.155380044555664
43.71769610000774,2.1637597503662107,-9.597755905151367,-2.1122844146728514
43.73211180002545,2.1835119140624997,-9.598953005981445,-2.1404162841796874
43.745496500021545,2.2020669769287107,-9.592368951416015,-2.096123553466797
43.76174380001612,2.1799206115722654,-9.58279214477539,-2.1613655487060544
43.76946609999868,2.142810485839844,-9.615712417602538,-2.095525003051758
43.77629180002259,2.1835119140624997,-9.575609539794922,-2.1230583221435544
43.78477830000338,2.1697452545166014,-9.6151138671875,-2.0751742889404294
43.79152460000478,2.1733365570068357,-9.58279214477539,-2.1619640991210938
43.79991930001415,2.167351052856445,-9.598953005981445,-2.090736599731445
43.80648880000808,2.136824981689453,-9.590573300170897,-2.128445275878906
43.81484649999766,2.133233679199219,-9.640851535034178,-2.124255422973633
43.822376399999484,2.1829133636474607,-9.567828384399414,-2.1128829650878904
43.830650500021875,2.129043826293945,-9.664793551635741,-2.110488763427734
43.83744440000737,2.1487959899902345,-9.60852981262207,-2.133233679199219
43.84560670002247,2.184709014892578,-9.597755905151367,-2.1422119354248044
43.85259850000148,2.1835119140624997,-9.578003741455078,-2.1422119354248044
43.86534090002533,2.1595698974609374,-9.638457333374022,-2.1218612213134764
43.881942600011826,2.193687271118164,-9.586383447265625,-2.1230583221435544
43.898801800009096,2.1613655487060544,-9.625289224243163,-2.1074960113525387
43.9150229000079,2.166752502441406,-9.624690673828125,-2.1344307800292968
43.93202470001415,2.1499930908203124,-9.618106619262695,-2.1230583221435544
43.94747440001811,2.1446061370849607,-9.622895022583007,-2.13862063293457
43.96500110000488,2.1727380065917967,-9.628281976318359,-2.1326351287841794
43.98213390001911,2.185906115722656,-9.641450085449218,-2.095525003051758
43.99803139999858,2.186504666137695,-9.636661682128906,-2.1398177337646485
44.01505550000002,2.1230583221435544,-9.575010989379882,-2.176329309082031
44.03004979999969,2.1511901916503904,-9.597755905151367,-2.1134815155029294
44.044384700013325,2.1697452545166014,-9.610325463867188,-2.1320365783691404
44.05992430000333,2.185307565307617,-9.604938510131836,-2.11946701965332
44.075009100022726,2.1224597717285154,-9.626486325073241,-2.124255422973633
44.091987400024664,2.1607669982910154,-9.6013472076416,-2.1110873138427735
44.10630990000209,2.142810485839844,-9.57620809020996,-2.1739351074218747
44.12098750000587,2.203862628173828,-9.629479077148437,-2.1224597717285154
44.13680890001706,2.2266075439453124,-9.604339959716796,-2.1308394775390624
44.1493358000007,2.1595698974609374,-9.617508068847656,-2.10031340637207
44.16089540001121,2.1446061370849607,-9.612121115112304,-2.1493945404052734
44.16902250002022,2.184110464477539,-9.588179098510741,-2.1613655487060544
44.17894199999864,2.1775264099121094,-9.655216744995117,-2.1134815155029294
44.187591599998996,2.2020669769287107,-9.618106619262695,-2.105700360107422
44.19464650002192,2.1918916198730467,-9.632471829223633,-2.099714855957031
44.20126530001289,2.1434090362548828,-9.566032733154296,-2.1398177337646485
44.207927700015716,2.174533657836914,-9.588777648925781,-2.133832229614258
44.215972900012275,2.1344307800292968,-9.642048635864258,-2.138022082519531
44.22309230000246,2.1912930694580077,-9.618705169677733,-2.1074960113525387
44.23104730001069,2.1637597503662107,-9.613916766357422,-2.1583727966308595
44.23927720001666,2.152387292480469,-9.64025298461914,-2.127846725463867
44.2476368000207,2.1799206115722654,-9.615712417602538,-2.142810485839844
44.256311100005405,2.19608147277832,-9.602544308471678,-2.1260510742187497
44.26311790000182,2.1613655487060544,-9.598953005981445,-2.1320365783691404
44.26898510000319,2.1679496032714844,-9.542090716552734,-2.1416133850097654
44.27764300000854,2.203862628173828,-9.612719665527344,-2.1583727966308595
44.28409120001015,2.2170307373046874,-9.596558804321289,-2.136226431274414
44.29034259999753,2.1894974182128903,-9.62169792175293,-2.152387292480469
44.29744890000438,2.164956851196289,-9.59536170349121,-2.1218612213134764
44.3042456000112,2.1799206115722654,-9.579799392700195,-2.1787235107421874
44.31149100000039,2.1721394561767577,-9.587580548095703,-2.1302409271240235
44.31949560000794,2.146401788330078,-9.57620809020996,-2.118269918823242
44.331973899999866,2.155380044555664,-9.577405191040038,-2.1074960113525387
44.34277360001579,2.167351052856445,-9.604938510131836,-2.1074960113525387
44.353278700000374,2.137423532104492,-9.654618194580078,-2.1206641204833985
44.36748020001687,2.1727380065917967,-9.591770401000977,-2.123656872558594
44.38109510001959,2.1817162628173827,-9.585784896850585,-2.1326351287841794
44.394454300025245,2.1799206115722654,-9.650428341674804,-2.1206641204833985
44.40794620002271,2.1607669982910154,-9.609128363037108,-2.1212626708984375
44.42614280001726,2.1888988677978514,-9.606734161376952,-2.1206641204833985
44.44208450001315,2.166153952026367,-9.668983404541015,-2.1398177337646485
44.45630370001891,2.1793220611572264,-9.65342109375,-2.109890213012695
44.470847999997204,2.1440075866699217,-9.550470422363281,-2.1535843933105467
44.48568810001598,2.1787235107421874,-9.585186346435547,-2.11946701965332
44.49802020000061,2.1152771667480468,-9.56363853149414,-2.1589713470458984
44.51179780001985,2.133832229614258,-9.62169792175293,-2.1541829437255857
44.521436400013044,2.1679496032714844,-9.64025298461914,-2.136226431274414
44.53029360002256,2.176329309082031,-9.598953005981445,-2.1074960113525387
44.540757900016615,2.1823148132324217,-9.576806640625,-2.099714855957031
44.5504744000209,2.129043826293945,-9.597157354736327,-2.155380044555664
44.556248800014146,2.184709014892578,-9.630077627563477,-2.1302409271240235
44.563297100015916,2.1404162841796874,-9.610924014282226,-2.1643583007812497
44.573270100023365,2.175132208251953,-9.62169792175293,-2.1015105072021485
44.58332270002575,2.1422119354248044,-9.615712417602538,-2.129642376708984
44.590927700017346,2.136824981689453,-9.567828384399414,-2.1027076080322264
44.59754160000011,2.1775264099121094,-9.603741409301758,-2.1404162841796874
44.60255710000638,2.1350293304443357,-9.630077627563477,-2.117072817993164
44.60871310002403,2.1805191619873048,-9.636661682128906,-2.1440075866699217
44.61591310001677,2.1493945404052734,-9.625289224243163,-2.1505916412353514
44.621827000024496,2.174533657836914,-9.572018237304688,-2.1613655487060544
44.629503200005274,2.1583727966308595,-9.600150106811522,-2.1350293304443357
44.63564449999831,2.117671368408203,-9.60194575805664,-2.155380044555664
44.64442240001517,2.1883003173828124,-9.545682019042967,-2.118868469238281
44.65352790002362,2.1493945404052734,-9.631274728393555,-2.0931308013916015
44.66314879999845,2.13862063293457,-9.565434182739256,-2.1505916412353514
44.67247390002012,2.185307565307617,-9.568426934814452,-2.1440075866699217
44.68436800001655,2.1529858428955078,-9.603741409301758,-2.117671368408203
44.69561330002034,2.1422119354248044,-9.645639938354492,-2.076371389770508
44.714503199997125,2.157175695800781,-9.609128363037108,-2.109291662597656
44.732898000016576,2.1775264099121094,-9.57620809020996,-2.1511901916503904
44.75193070000387,2.166153952026367,-9.613916766357422,-2.1727380065917967
44.766043200012064,2.1877017669677734,-9.588777648925781,-2.1541829437255857
44.77973470001598,2.1781249603271484,-9.585784896850585,-2.1643583007812497
44.78585600000224,2.174533657836914,-9.636661682128906,-2.1452046874999997
44.7946039000235,2.174533657836914,-9.620500820922851,-2.114080065917969
44.800149900023825,2.1152771667480468,-9.637858782958984,-2.1302409271240235
44.81159200001275,2.175132208251953,-9.619303720092773,-2.1493945404052734
44.81762470002286,2.142810485839844,-9.576806640625,-2.137423532104492
44.822698700008914,2.1224597717285154,-9.561842880249023,-2.1122844146728514
44.828788500017254,2.17692785949707,-9.599551556396484,-2.145803237915039
44.834657800005516,2.1541829437255857,-9.580996493530273,-2.0967221038818358
44.8400735000032,2.1601684478759764,-9.6013472076416,-2.1260510742187497
44.84546710000723,2.205059729003906,-9.619303720092773,-2.137423532104492
44.85127280000597,2.1308394775390624,-9.626486325073241,-2.108693112182617
44.85926650001784,2.1452046874999997,-9.627683425903319,-2.0979192047119137
44.866874300001655,2.17692785949707,-9.597157354736327,-2.1326351287841794
44.87421910002013,2.184110464477539,-9.620500820922851,-2.1410148345947264
44.88160650001373,2.1541829437255857,-9.62169792175293,-2.1224597717285154
44.88849160002428,2.1535843933105467,-9.590573300170897,-2.1398177337646485
44.8973167000222,2.1595698974609374,-9.667187753295899,-2.1511901916503904
44.90623590000905,2.128445275878906,-9.604339959716796,-2.1260510742187497
44.91434240000672,2.120065570068359,-9.616310968017578,-2.1811177124023438
44.92267160001211,2.1529858428955078,-9.606135610961914,-2.1404162841796874
44.93099030002486,2.1164742675781247,-9.630077627563477,-2.1356278808593747
44.93796609999845,2.147598889160156,-9.657012396240233,-2.1015105072021485
44.943846600013785,2.104503259277344,-9.588777648925781,-2.174533657836914
44.95197790002567,2.1607669982910154,-9.660603698730467,-2.120065570068359
44.95751070001279,2.1487959899902345,-9.569025485229492,-2.184110464477539
44.96363340000971,2.1924901702880857,-9.597755905151367,-2.1308394775390624
44.96969710002304,2.146401788330078,-9.600150106811522,-2.126649624633789
44.97520300000906,2.127248175048828,-9.611522564697266,-2.1440075866699217
44.98116770002525,2.1811177124023438,-9.625887774658203,-2.108094561767578
44.987258000008296,2.1350293304443357,-9.592967501831055,-2.145803237915039
44.99503980000736,2.091335150146484,-9.572018237304688,-2.096123553466797
45.00392630000715,2.1535843933105467,-9.624690673828125,-2.1709423553466793
45.012449100002414,2.1589713470458984,-9.657610946655273,-2.1254525238037107
45.020458000013605,2.137423532104492,-9.584587796020507,-2.128445275878906
45.02812840000843,2.13862063293457,-9.593566052246093,-2.0751742889404294
45.03606910002418,2.1206641204833985,-9.60852981262207,-2.105700360107422
45.04406190000009,2.185307565307617,-9.583989245605467,-2.1164742675781247
45.05353630002355,2.146401788330078,-9.634267480468749,-2.1326351287841794
45.064225100009935,2.1835119140624997,-9.60194575805664,-2.13862063293457
45.07128470001044,2.1434090362548828,-9.638457333374022,-2.099116305541992
45.07984990000841,2.157175695800781,-9.526528405761718,-2.1224597717285154
45.087529100012034,2.1877017669677734,-9.604339959716796,-2.1314380279541014
45.09684260000358,2.1068974609374997,-9.59476315307617,-2.1422119354248044
45.104332700022496,2.148197439575195,-9.580996493530273,-2.138022082519531
45.11292980000144,2.1583727966308595,-9.600150106811522,-2.165555401611328
45.120298800000455,2.1835119140624997,-9.609726913452148,-2.1589713470458984
45.127967300009914,2.138022082519531,-9.585186346435547,-2.1326351287841794
45.1354158000031,2.1888988677978514,-9.606734161376952,-2.1128829650878904
45.14401320001343,2.1595698974609374,-9.568426934814452,-2.139219183349609
45.1512464999978,2.1416133850097654,-9.560047229003906,-2.129043826293945
45.16055330002564,2.166153952026367,-9.634267480468749,-2.10031340637207
45.173279200011166,2.126649624633789,-9.603741409301758,-2.1529858428955078
45.18995160001214,2.1248539733886718,-9.650428341674804,-2.105700360107422
45.203161600016756,2.1631611999511717,-9.588179098510741,-2.166153952026367
45.21713940001791,2.1912930694580077,-9.634866030883789,-2.145803237915039
45.22972980001941,2.147598889160156,-9.613916766357422,-2.127846725463867
45.24108880001586,2.175730758666992,-9.629479077148437,-2.128445275878906
45.2504119000223,2.1877017669677734,-9.585186346435547,-2.0943279022216794
45.25976190000074,2.108693112182617,-9.588777648925781,-2.148197439575195
45.269305499998154,2.1709423553466793,-9.58279214477539,-2.1446061370849607
45.28019610000774,2.127846725463867,-9.596558804321289,-2.117072817993164
45.29091820001486,2.1547814941406247,-9.639055883789062,-2.1158757171630858
45.30169280001428,2.1511901916503904,-9.610924014282226,-2.136824981689453
45.31106940002064,2.126649624633789,-9.604339959716796,-2.0925322509765625
45.32266780000646,2.1350293304443357,-9.573215338134766,-2.137423532104492
45.33538640002371,2.1984756744384764,-9.597755905151367,-2.1589713470458984
45.34230720001506,2.137423532104492,-9.587580548095703,-2.1398177337646485
45.348744500020985,2.1505916412353514,-9.604339959716796,-2.15777424621582
45.35543480000342,2.222417691040039,-9.643245736694336,-2.1212626708984375
45.36288680002326,2.1410148345947264,-9.604938510131836,-2.1248539733886718
45.370037700020475,2.1721394561767577,-9.619902270507811,-2.136824981689453
45.37711230001878,2.157175695800781,-9.627683425903319,-2.1128829650878904
45.384947400016245,2.157175695800781,-9.649829791259766,-2.1062989105224608
45.3920881000231,2.2272060943603513,-9.628880526733397,-2.1212626708984375
45.39994440000737,2.1164742675781247,-9.603142858886718,-2.1631611999511717
45.40908060001675,2.1631611999511717,-9.634866030883789,-2.127248175048828
45.416063300013775,2.1422119354248044,-9.625887774658203,-2.136824981689453
45.422578800003976,2.13862063293457,-9.59476315307617,-2.1027076080322264
45.429079399997136,2.1697452545166014,-9.589974749755859,-2.1164742675781247
45.43416060000891,2.1314380279541014,-9.587580548095703,-2.1068974609374997
45.43941050002468,2.1344307800292968,-9.629479077148437,-2.1308394775390624
45.44527900000685,2.15777424621582,-9.566631283569336,-2.1350293304443357
45.45095600001514,2.1535843933105467,-9.591770401000977,-2.1493945404052734
45.4572742000164,2.1643583007812497,-9.58279214477539,-2.136824981689453
45.46292920000269,2.1888988677978514,-9.628281976318359,-2.1697452545166014
45.46832870002254,2.1410148345947264,-9.628281976318359,-2.1547814941406247
45.47507090002182,2.127846725463867,-9.6151138671875,-2.1062989105224608
45.48263930002577,2.155978594970703,-9.60852981262207,-2.077568490600586
45.490572000009706,2.1547814941406247,-9.573215338134766,-2.1134815155029294
45.49910670000827,2.1410148345947264,-9.603142858886718,-2.1248539733886718
45.506487500009825,2.124255422973633,-9.59476315307617,-2.098517755126953
45.51422610000009,2.2278046447753903,-9.603741409301758,-2.127846725463867
45.52184370000032,2.1775264099121094,-9.60852981262207,-2.118269918823242
45.53055049999966,2.1883003173828124,-9.616909518432617,-2.136226431274414
45.54222830000799,2.1966800231933594,-9.588179098510741,-2.1021090576171875
45.56027440002072,2.1877017669677734,-9.616909518432617,-2.155978594970703
45.57873050001217,2.1679496032714844,-9.59476315307617,-2.1344307800292968
45.591935800010106,2.1404162841796874,-9.567828384399414,-2.123656872558594
45.604979000025196,2.1799206115722654,-9.606734161376952,-2.1529858428955078
45.615966800018214,2.1715409057617188,-9.64683703918457,-2.1122844146728514
45.62611380001181,2.1817162628173827,-9.594164602661133,-2.133832229614258
45.640502000023844,2.175730758666992,-9.606135610961914,-2.136226431274414
45.651586699998006,2.1116858642578125,-9.626486325073241,-2.1829133636474607
45.65901470000972,2.1793220611572264,-9.654019644165038,-2.129043826293945
45.669355999998515,2.1541829437255857,-9.615712417602538,-2.1320365783691404
45.67772370000603,2.136824981689453,-9.637260232543944,-2.1134815155029294
45.68751020001946,2.1212626708984375,-9.628880526733397,-2.1410148345947264
45.697546000010334,2.175132208251953,-9.600150106811522,-2.0937293518066404
45.70638180000242,2.1619640991210938,-9.610325463867188,-2.1074960113525387
45.7148272000195,2.1691467041015624,-9.604339959716796,-2.1733365570068357
45.723777200008044,2.147598889160156,-9.658209497070311,-2.148197439575195
45.733727300015744,2.2176292877197263,-9.623493572998047,-2.1134815155029294
45.741410800023004,2.1589713470458984,-9.627683425903319,-2.1074960113525387
45.75291989999823,2.1583727966308595,-9.61451531677246,-2.0943279022216794
45.76264300002367,2.165555401611328,-9.586981997680663,-2.1607669982910154
45.770889300009,2.156577145385742,-9.591171850585937,-2.147598889160156
45.77860050002346,2.156577145385742,-9.605537060546874,-2.1164742675781247
45.78638870001305,2.185307565307617,-9.586981997680663,-2.118868469238281
45.794783500023186,2.155380044555664,-9.60852981262207,-2.1320365783691404
45.808675600012066,2.1631611999511717,-9.6151138671875,-2.127248175048828
45.82226270000683,2.1541829437255857,-9.619902270507811,-2.133233679199219
45.83115270000417,2.2260089935302734,-9.624690673828125,-2.1589713470458984
45.83855480002239,2.1835119140624997,-9.59476315307617,-2.127846725463867
45.8477582000196,2.1511901916503904,-9.592368951416015,-2.136824981689453
45.861357200017665,2.1625626495361328,-9.599551556396484,-2.1326351287841794
45.87699119999888,2.157175695800781,-9.628281976318359,-2.118868469238281
45.8921088000061,2.148197439575195,-9.60852981262207,-2.1110873138427735
45.907230200013146,2.137423532104492,-9.634267480468749,-2.1547814941406247
45.92239800002426,2.1446061370849607,-9.591770401000977,-2.124255422973633
45.93248560000211,2.2068553802490234,-9.56962403564453,-2.1033061584472654
45.94056690001162,2.184110464477539,-9.603142858886718,-2.117072817993164
45.94978660001652,2.1811177124023438,-9.61451531677246,-2.118868469238281
45.95728210001835,2.164956851196289,-9.584587796020507,-2.117671368408203
45.96587179999915,2.148197439575195,-9.600748657226562,-2.1039047088623044
45.97529200001736,2.1918916198730467,-9.619303720092773,-2.1248539733886718
45.983970700006466,2.137423532104492,-9.624690673828125,-2.1505916412353514
45.9941440000257,2.1823148132324217,-9.598354455566406,-2.1206641204833985
46.0029324000061,2.1487959899902345,-9.640851535034178,-2.139219183349609
46.01186379999854,2.1356278808593747,-9.595960253906249,-2.105101809692383
46.01911690001725,2.1589713470458984,-9.612121115112304,-2.1134815155029294
46.027151300018886,2.157175695800781,-9.594164602661133,-2.118868469238281
46.034180200018454,2.175730758666992,-9.59476315307617,-2.1260510742187497
46.042252900020685,2.1589713470458984,-9.606734161376952,-2.157175695800781
46.0502902000153,2.17692785949707,-9.611522564697266,-2.0751742889404294
46.05912499999977,2.15777424621582,-9.591171850585937,-2.1583727966308595
46.06619120002142,2.1691467041015624,-9.594164602661133,-2.1350293304443357
46.078621100023156,2.145803237915039,-9.629479077148437,-2.1116858642578125
46.09476140001789,2.126649624633789,-9.623493572998047,-2.1308394775390624
46.109179699997185,2.133832229614258,-9.580397943115234,-2.1212626708984375
46.12448550001136,2.1601684478759764,-9.590573300170897,-2.1607669982910154
46.14041230001021,2.1924901702880857,-9.62109937133789,-2.1074960113525387
46.15471900001285,2.1607669982910154,-9.60852981262207,-2.133233679199219
46.168967400008114,2.1697452545166014,-9.630077627563477,-2.1739351074218747
46.18290490002255,2.1721394561767577,-9.589974749755859,-2.1074960113525387
46.19411450001644,2.139219183349609,-9.600748657226562,-2.127846725463867
46.20576370001072,2.176329309082031,-9.610325463867188,-2.1206641204833985
46.218677800003206,2.137423532104492,-9.600150106811522,-2.1404162841796874
46.230625500000315,2.138022082519531,-9.598953005981445,-2.1027076080322264
46.2401058000105,2.185307565307617,-9.605537060546874,-2.108693112182617
46.251940000016475,2.1493945404052734,-9.602544308471678,-2.1033061584472654
46.264366600022186,2.127248175048828,-9.585186346435547,-2.1074960113525387
46.27210329999798,2.1404162841796874,-9.60852981262207,-2.1326351287841794
46.281739600002766,2.1410148345947264,-9.605537060546874,-2.10031340637207
46.29011430000537,2.1775264099121094,-9.60793126220703,-2.1398177337646485
46.300216800009366,2.15777424621582,-9.554061724853515,-2.108094561767578
46.310069800005294,2.1781249603271484,-9.587580548095703,-2.0925322509765625
46.31854510001722,2.1452046874999997,-9.630077627563477,-2.1260510742187497
46.32758760001161,2.138022082519531,-9.560645779418945,-2.1224597717285154
46.33573060002527,2.2092495819091797,-9.683348614501952,-2.1356278808593747
46.34322810001322,2.155978594970703,-9.57620809020996,-2.138022082519531
46.35117629999877,2.155380044555664,-9.579200842285156,-2.0931308013916015
46.358631100010825,2.1787235107421874,-9.560047229003906,-2.109890213012695
46.372675600025104,2.1625626495361328,-9.625887774658203,-2.1230583221435544
46.387292700004764,2.1499930908203124,-9.643844287109374,-2.129642376708984
46.3979440999974,2.1446061370849607,-9.637260232543944,-2.11946701965332
46.40933760002372,2.1619640991210938,-9.54508346862793,-2.1697452545166014
46.420166900003096,2.1727380065917967,-9.625887774658203,-2.13862063293457
46.43570230001933,2.136226431274414,-9.598953005981445,-2.118269918823242
46.45035590001498,2.167351052856445,-9.578602291870117,-2.127248175048828
46.462880600010976,2.167351052856445,-9.609128363037108,-2.090138049316406
46.47528510002303,2.1829133636474607,-9.609128363037108,-2.1583727966308595
46.487412700022105,2.1452046874999997,-9.603142858886718,-2.127846725463867
46.49892140002339,2.184709014892578,-9.629479077148437,-2.114080065917969
46.509060200012755,2.1793220611572264,-9.57620809020996,-2.1158757171630858
46.517121000011684,2.1631611999511717,-9.607332711791992,-2.1033061584472654
46.526203300018096,2.1799206115722654,-9.598354455566406,-2.11946701965332
46.535343499999726,2.1697452545166014,-9.594164602661133,-2.1116858642578125
46.54429690001416,2.1817162628173827,-9.622296472167967,-2.1015105072021485
46.55270040000323,2.1637597503662107,-9.586981997680663,-2.100911956787109
46.56350270000985,2.1452046874999997,-9.60194575805664,-2.1350293304443357
46.57592860001023,2.176329309082031,-9.578602291870117,-2.139219183349609
46.58621690000291,2.1541829437255857,-9.578602291870117,-2.124255422973633
46.593847400014056,2.1422119354248044,-9.579799392700195,-2.1218612213134764
46.6008628999989,2.1966800231933594,-9.613318215942382,-2.118269918823242
46.60703640000429,2.1835119140624997,-9.597157354736327,-2.1021090576171875
46.61354970000684,2.2200234893798827,-9.585186346435547,-2.1134815155029294
46.62836420000531,2.1517887420654294,-9.612719665527344,-2.118868469238281
46.63964790001046,2.129043826293945,-9.586383447265625,-2.1320365783691404
46.65084660000866,2.1493945404052734,-9.586981997680663,-2.136824981689453
46.66107750000083,2.1912930694580077,-9.603142858886718,-2.1511901916503904
46.66963509999914,2.156577145385742,-9.637260232543944,-2.1122844146728514
46.67976200001431,2.1547814941406247,-9.596558804321289,-2.1254525238037107
46.688791300024604,2.1440075866699217,-9.63307037963867,-2.129642376708984
46.6966879000247,2.175730758666992,-9.6151138671875,-2.146401788330078
46.70249980001245,2.1619640991210938,-9.59536170349121,-2.090138049316406
46.71083630001522,2.1440075866699217,-9.592967501831055,-2.1320365783691404
46.716481400013436,2.1829133636474607,-9.590573300170897,-2.1122844146728514
46.725280400016345,2.1996727752685548,-9.597755905151367,-2.142810485839844
46.73298349999823,2.164956851196289,-9.619303720092773,-2.147000338745117
46.73896899999818,2.1416133850097654,-9.630077627563477,-2.117671368408203
46.745950100012124,2.138022082519531,-9.651625442504882,-2.1685481536865234
46.7538809000107,2.2020669769287107,-9.6013472076416,-2.095525003051758
46.76189870000235,2.1314380279541014,-9.59476315307617,-2.1422119354248044
46.770565400016494,2.1541829437255857,-9.605537060546874,-2.0919337005615235
46.77850730001228,2.174533657836914,-9.627683425903319,-2.1350293304443357
46.78600170000573,2.1625626495361328,-9.634267480468749,-2.118868469238281
46.79494330001762,2.1787235107421874,-9.558251577758789,-2.0739771881103515
46.80772180002532,2.1344307800292968,-9.580397943115234,-2.1404162841796874
46.824688000022434,2.133233679199219,-9.623493572998047,-2.1422119354248044
46.8439142999996,2.1350293304443357,-9.606734161376952,-2.105700360107422
46.85393120002118,2.1637597503662107,-9.604938510131836,-2.0979192047119137
46.86390580001171,2.2104466827392577,-9.607332711791992,-2.1074960113525387
46.87598710000748,2.1440075866699217,-9.588777648925781,-2.136824981689453
46.89188670000294,2.1835119140624997,-9.626486325073241,-2.123656872558594
46.90439880001941,2.2008698760986327,-9.584587796020507,-2.1326351287841794
46.916337000002386,2.13862063293457,-9.573813888549804,-2.1015105072021485
46.93069700000342,2.1541829437255857,-9.586981997680663,-2.139219183349609
46.94378800000413,2.1972785736083984,-9.628880526733397,-2.1027076080322264
46.95403200000874,2.1883003173828124,-9.695319622802733,-2.129043826293945
46.96066320000682,2.1493945404052734,-9.580996493530273,-2.10031340637207
46.96835120001924,2.1715409057617188,-9.616310968017578,-2.1039047088623044
46.97571759999846,2.1643583007812497,-9.619303720092773,-2.117671368408203
46.98371760000009,2.1511901916503904,-9.56363853149414,-2.114080065917969
46.99068320001243,2.185906115722656,-9.603142858886718,-2.117072817993164
46.998088799999095,2.1679496032714844,-9.588179098510741,-2.129043826293945
47.005345900019165,2.126649624633789,-9.598953005981445,-2.1224597717285154
47.01338410002063,2.156577145385742,-9.60793126220703,-2.1230583221435544
47.02011150002363,2.1835119140624997,-9.594164602661133,-2.1410148345947264
47.02735460002441,2.1637597503662107,-9.57620809020996,-2.110488763427734
47.03397230000701,2.1499930908203124,-9.567229833984374,-2.1499930908203124
47.04122540002572,2.15777424621582,-9.625887774658203,-2.0967221038818358
47.04875830002129,2.1637597503662107,-9.613916766357422,-2.145803237915039
47.05586650001351,2.166153952026367,-9.575010989379882,-2.1344307800292968
47.062731300015,2.1254525238037107,-9.560645779418945,-2.1685481536865234
47.07024310002453,2.1398177337646485,-9.6151138671875,-2.096123553466797
47.077467000024626,2.1230583221435544,-9.644442837524414,-2.1625626495361328
47.08448849999695,2.1033061584472654,-9.6151138671875,-2.1212626708984375
47.0917798000155,2.1350293304443357,-9.604339959716796,-2.1039047088623044
47.09959140000865,2.175132208251953,-9.613318215942382,-2.166153952026367
47.106870600022376,2.1727380065917967,-9.559448678588867,-2.1110873138427735
47.11419670001487,2.152387292480469,-9.592967501831055,-2.1015105072021485
47.131384500011336,2.1679496032714844,-9.572018237304688,-2.117072817993164
47.142739900009474,2.1356278808593747,-9.589376199340819,-2.085349645996094
47.15736910002306,2.1631611999511717,-9.616909518432617,-2.1218612213134764
47.171568200021284,2.1811177124023438,-9.651026892089844,-2.139219183349609
47.18772159999935,2.145803237915039,-9.573813888549804,-2.1344307800292968
47.20282120001502,2.1547814941406247,-9.573813888549804,-2.1021090576171875
47.21793549999711,2.1535843933105467,-9.592967501831055,-2.1128829650878904
47.22803759999806,2.1697452545166014,-9.604339959716796,-2.1541829437255857
47.239457800023956,2.1877017669677734,-9.566631283569336,-2.1212626708984375
47.249732700001914,2.1871032165527344,-9.568426934814452,-2.133233679199219
47.25902520000818,2.2014684265136717,-9.592368951416015,-2.1039047088623044
47.27230290000443,2.1535843933105467,-9.60793126220703,-2.10031340637207
47.28412280001794,2.1326351287841794,-9.589376199340819,-2.0979192047119137
47.293503300024895,2.1410148345947264,-9.577405191040038,-2.1404162841796874
47.30336140000145,2.175132208251953,-9.59476315307617,-2.109890213012695
47.314247400005115,2.17692785949707,-9.588777648925781,-2.117072817993164
47.32601020002039,2.176329309082031,-9.629479077148437,-2.1128829650878904
47.33710920001613,2.1733365570068357,-9.606734161376952,-2.1350293304443357
47.34758339999826,2.1583727966308595,-9.624690673828125,-2.1452046874999997
47.35865560002276,2.147598889160156,-9.542689266967773,-2.129043826293945
47.37546580002527,2.1613655487060544,-9.590573300170897,-2.109890213012695
47.39063220002572,2.126649624633789,-9.62109937133789,-2.155978594970703
47.40538650000235,2.1823148132324217,-9.60194575805664,-2.136226431274414
47.42288830000325,2.152387292480469,-9.579200842285156,-2.128445275878906
47.43865170000936,2.1703438049316404,-9.595960253906249,-2.1254525238037107
47.45236750002368,2.124255422973633,-9.644442837524414,-2.114080065917969
47.464917400007835,2.157175695800781,-9.591171850585937,-2.145803237915039
47.47591330000432,2.1805191619873048,-9.612719665527344,-2.1410148345947264
47.48887620001915,2.1637597503662107,-9.602544308471678,-2.1416133850097654
47.502012600016315,2.1679496032714844,-9.648034140014648,-2.148197439575195
47.51111160000437,2.133832229614258,-9.639055883789062,-2.1260510742187497
47.522513500007335,2.164956851196289,-9.619902270507811,-2.0967221038818358
47.53331720002461,2.1487959899902345,-9.589376199340819,-2.145803237915039
47.54380320000928,2.2020669769287107,-9.627683425903319,-2.114678616333008
47.553240200009895,2.1404162841796874,-9.642048635864258,-2.1344307800292968
47.56216270002187,2.1685481536865234,-9.64025298461914,-2.1356278808593747
47.571539600001415,2.1422119354248044,-9.61451531677246,-2.0931308013916015
47.57900779999909,2.1595698974609374,-9.6013472076416,-2.118868469238281
47.58579640000244,2.147000338745117,-9.630676177978515,-2.1356278808593747
47.591904000000795,2.1900959686279298,-9.602544308471678,-2.155978594970703
47.5971225000103,2.1733365570068357,-9.612719665527344,-2.127248175048828
47.60285049999948,2.136824981689453,-9.628880526733397,-2.1062989105224608
47.608648100023856,2.1781249603271484,-9.6396544342041,-2.152387292480469
47.61374450000585,2.1643583007812497,-9.6151138671875,-2.1218612213134764
47.61886180000147,2.1511901916503904,-9.579799392700195,-2.1446061370849607
47.62419339999906,2.1356278808593747,-9.598354455566406,-2.1344307800292968
47.63048800002434,2.1350293304443357,-9.617508068847656,-2.105700360107422
47.63767560000997,2.1625626495361328,-9.606734161376952,-2.1637597503662107
47.64794090000214,2.1607669982910154,-9.628880526733397,-2.1404162841796874
47.65816010002163,2.146401788330078,-9.605537060546874,-2.129043826293945
47.6712644000072,2.1721394561767577,-9.631274728393555,-2.095525003051758
47.6800681000168,2.185906115722656,-9.586383447265625,-2.0919337005615235
47.68568039999809,2.1434090362548828,-9.635464581298828,-2.1128829650878904
47.6930382999999,2.1811177124023438,-9.598953005981445,-2.1440075866699217
47.70037740000407,2.166153952026367,-9.568426934814452,-2.1302409271240235
47.708311800000956,2.164956851196289,-9.575010989379882,-2.1613655487060544
47.716717200004496,2.1517887420654294,-9.594164602661133,-2.1062989105224608
47.72502780001378,2.11946701965332,-9.619902270507811,-2.11946701965332
47.73645480000414,2.145803237915039,-9.620500820922851,-2.1350293304443357
47.74612880000495,2.1601684478759764,-9.604938510131836,-2.1206641204833985
47.754223900003126,2.1398177337646485,-9.62169792175293,-2.117671368408203
47.7625609000097,2.1547814941406247,-9.591770401000977,-2.1212626708984375
47.770996300008846,2.1410148345947264,-9.63307037963867,-2.1517887420654294
47.78284759999951,2.175730758666992,-9.663596450805663,-2.139219183349609
47.79264830000466,2.1541829437255857,-9.597755905151367,-2.0967221038818358
47.803952400019625,2.136226431274414,-9.603142858886718,-2.1404162841796874
47.81728450002265,2.146401788330078,-9.628880526733397,-2.1601684478759764
47.82629370002542,2.175132208251953,-9.629479077148437,-2.1715409057617188
47.83564070001012,2.157175695800781,-9.561842880249023,-2.127846725463867
47.84445040000719,2.1613655487060544,-9.592368951416015,-2.105700360107422
47.85533300001407,2.1703438049316404,-9.580996493530273,-2.127846725463867
47.866171500005294,2.139219183349609,-9.570821136474608,-2.129043826293945
47.87599210001645,2.15777424621582,-9.612121115112304,-2.1446061370849607
47.88890150000225,2.1631611999511717,-9.6013472076416,-2.079962692260742
47.90191740001319,2.1446061370849607,-9.586981997680663,-2.0931308013916015
47.91441650001798,2.2074539306640624,-9.591770401000977,-2.1709423553466793
47.923947100003716,2.1505916412353514,-9.585784896850585,-2.1344307800292968
47.933832700015046,2.1505916412353514,-9.605537060546874,-2.1613655487060544
47.94339930001297,2.1601684478759764,-9.616909518432617,-2.138022082519531
47.95363370000268,2.1733365570068357,-9.630676177978515,-2.124255422973633
47.96392530002049,2.1978771240234374,-9.611522564697266,-2.155978594970703
47.971775200014235,2.1871032165527344,-9.629479077148437,-2.126649624633789
47.98172120001982,2.176329309082031,-9.570821136474608,-2.1254525238037107
47.99113270000089,2.146401788330078,-9.619303720092773,-2.127248175048828
48.002324700006284,2.165555401611328,-9.623493572998047,-2.148197439575195
48.01360950001981,2.104503259277344,-9.596558804321289,-2.142810485839844
48.02480290000676,2.1422119354248044,-9.616310968017578,-2.1068974609374997
48.03802150001866,2.1924901702880857,-9.600150106811522,-2.1039047088623044
48.04726710001705,2.184110464477539,-9.604339959716796,-2.148197439575195
48.05425159999868,2.2086510314941403,-9.615712417602538,-2.1541829437255857
48.063574400002835,2.136226431274414,-9.578003741455078,-2.136226431274414
48.071935300016776,2.167351052856445,-9.613318215942382,-2.1302409271240235
48.080372800002806,2.1631611999511717,-9.599551556396484,-2.142810485839844
48.08721240001614,2.1703438049316404,-9.575010989379882,-2.1356278808593747
48.094201100000646,2.1727380065917967,-9.606135610961914,-2.1314380279541014
48.10364230000414,2.1583727966308595,-9.595960253906249,-2.114080065917969
48.11169340001652,2.164956851196289,-9.648034140014648,-2.110488763427734
48.11982540000463,2.1871032165527344,-9.600150106811522,-2.1218612213134764
48.12700550002046,2.142810485839844,-9.592967501831055,-2.1422119354248044
48.134719399997266,2.1535843933105467,-9.611522564697266,-2.127846725463867
48.142216600012034,2.15777424621582,-9.616909518432617,-2.105700360107422
48.15037850002409,2.1805191619873048,-9.566631283569336,-2.174533657836914
48.15786890001618,2.15777424621582,-9.661800799560547,-2.1446061370849607
48.167934299999615,2.1320365783691404,-9.60852981262207,-2.114678616333008
48.17460030000075,2.167351052856445,-9.613318215942382,-2.088940948486328
48.18271670001559,2.145803237915039,-9.624690673828125,-2.155380044555664
48.19038210000144,2.2098481323242187,-9.605537060546874,-2.071582986450195
48.19737160002114,2.13862063293457,-9.55645592651367,-2.1404162841796874
48.20753539999714,2.1894974182128903,-9.604938510131836,-2.1517887420654294
48.22493300001952,2.1637597503662107,-9.65342109375,-2.145803237915039
48.23055300000124,2.1625626495361328,-9.591770401000977,-2.1535843933105467
48.235720700002275,2.2002713256835937,-9.625887774658203,-2.098517755126953
48.24208940000972,2.1697452545166014,-9.612121115112304,-2.1781249603271484
48.24888970001484,2.1787235107421874,-9.59476315307617,-2.1068974609374997
48.255388999998104,2.1787235107421874,-9.622895022583007,-2.1320365783691404
48.26253249999718,2.155978594970703,-9.65342109375,-2.148197439575195
48.26889580002171,2.1883003173828124,-9.606734161376952,-2.1487959899902345
48.27500799999689,2.1691467041015624,-9.620500820922851,-2.133832229614258
48.28427500001271,2.127248175048828,-9.574412438964844,-2.1308394775390624
48.29486049999832,2.1817162628173827,-9.606734161376952,-2.1440075866699217
48.30613640000229,2.1607669982910154,-9.591171850585937,-2.1218612213134764
48.317948200012324,2.1039047088623044,-9.609128363037108,-2.105700360107422
48.33640729999752,2.1416133850097654,-9.603741409301758,-2.118269918823242
48.3528714000131,2.1218612213134764,-9.580397943115234,-2.1715409057617188
48.37004090001574,2.1583727966308595,-9.610924014282226,-2.1398177337646485
48.39007010002388,2.174533657836914,-9.587580548095703,-2.1122844146728514
48.40814730001148,2.1517887420654294,-9.604938510131836,-2.146401788330078
48.42594590000226,2.1158757171630858,-9.60793126220703,-2.089539498901367
48.44165720001911,2.1613655487060544,-9.598354455566406,-2.099116305541992
48.45871679999982,2.1416133850097654,-9.625887774658203,-2.1314380279541014
48.47691610001493,2.155978594970703,-9.654618194580078,-2.123656872558594
48.49406940001063,2.2020669769287107,-9.643245736694336,-2.138022082519531
48.51002230000449,2.166752502441406,-9.6013472076416,-2.1206641204833985
48.52333300001919,2.1888988677978514,-9.600748657226562,-2.1440075866699217
48.53494760001195,2.1529858428955078,-9.577405191040038,-2.1404162841796874
48.543620600015856,2.1589713470458984,-9.632471829223633,-2.127846725463867
48.55474310001591,2.1062989105224608,-9.623493572998047,-2.1452046874999997
48.568253700010246,2.1116858642578125,-9.591770401000977,-2.0931308013916015
48.585310800001025,2.1619640991210938,-9.64623848876953,-2.1260510742187497
48.602055700001074,2.1703438049316404,-9.634267480468749,-2.1547814941406247
48.61807480000425,2.175730758666992,-9.603741409301758,-2.1212626708984375
48.631234700005734,2.2008698760986327,-9.615712417602538,-2.094926452636719
48.64402420000988,2.1697452545166014,-9.616310968017578,-2.1344307800292968
48.65602690001833,2.152387292480469,-9.547477670288085,-2.105700360107422
48.66629990001093,2.176329309082031,-9.635464581298828,-2.1416133850097654
48.67739670001902,2.1535843933105467,-9.627084875488281,-2.127846725463867
48.68886360002216,2.1727380065917967,-9.587580548095703,-2.109890213012695
48.69862850001664,2.164956851196289,-9.619303720092773,-2.109291662597656
48.707221800024854,2.166752502441406,-9.612121115112304,-2.090736599731445
48.716732100001536,2.176329309082031,-9.55705447692871,-2.1511901916503904
48.726785100006964,2.138022082519531,-9.617508068847656,-2.114080065917969
48.73591860002489,2.1511901916503904,-9.59476315307617,-2.1212626708984375
48.74348520001513,2.1152771667480468,-9.600748657226562,-2.137423532104492
48.75369910002337,2.1685481536865234,-9.582193594360351,-2.105101809692383
48.76347750000423,2.21523508605957,-9.627084875488281,-2.087145297241211
48.77390260001994,2.1033061584472654,-9.613916766357422,-2.120065570068359
48.78351310000289,2.1739351074218747,-9.613318215942382,-2.1547814941406247
48.79424420002033,2.145803237915039,-9.599551556396484,-2.1350293304443357
48.804456500016386,2.1350293304443357,-9.604339959716796,-2.11946701965332
48.810856000025524,2.1811177124023438,-9.610325463867188,-2.105101809692383
48.82006060000276,2.1637597503662107,-9.609128363037108,-2.1440075866699217
48.826507100020535,2.1883003173828124,-9.618106619262695,-2.1823148132324217
48.834816900023725,2.147598889160156,-9.632471829223633,-2.1152771667480468
48.84187750000274,2.1248539733886718,-9.613318215942382,-2.1356278808593747
48.8496795000101,2.1422119354248044,-9.594164602661133,-2.133233679199219
48.85799020002014,2.1074960113525387,-9.593566052246093,-2.1440075866699217
48.86449570002151,2.1883003173828124,-9.63366893005371,-2.1547814941406247
48.87035630000173,2.155380044555664,-9.575010989379882,-2.0931308013916015
48.87677420000546,2.1900959686279298,-9.596558804321289,-2.1356278808593747
48.88408060002257,2.133233679199219,-9.628880526733397,-2.1422119354248044
48.898082800005795,2.166752502441406,-9.610924014282226,-2.0841525451660154
48.9048309000209,2.166153952026367,-9.654019644165038,-2.1230583221435544
48.91290320002008,2.1727380065917967,-9.627084875488281,-2.114080065917969
48.92078220000258,2.175132208251953,-9.598354455566406,-2.094926452636719
48.92847549999715,2.1505916412353514,-9.647435589599608,-2.1326351287841794
48.93579519999912,2.1715409057617188,-9.625289224243163,-2.145803237915039
48.94208310000249,2.1302409271240235,-9.579200842285156,-2.128445275878906
48.949749899999006,2.166153952026367,-9.640851535034178,-2.100911956787109
48.956778799998574,2.1422119354248044,-9.61451531677246,-2.1350293304443357
48.962855800025864,2.1529858428955078,-9.580397943115234,-2.127248175048828
48.969166199996835,2.1410148345947264,-9.605537060546874,-2.126649624633789
48.97536800001399,2.2068553802490234,-9.604339959716796,-2.1314380279541014
48.98306440000306,2.1440075866699217,-9.61451531677246,-2.114080065917969
48.98959840001771,2.166153952026367,-9.576806640625,-2.1589713470458984
48.9958301000006,2.195482922363281,-9.603142858886718,-2.152387292480469
49.0023363000073,2.1601684478759764,-9.603142858886718,-2.10031340637207
49.01012230000924,2.1595698974609374,-9.616310968017578,-2.1404162841796874
49.01951350001036,2.174533657836914,-9.64025298461914,-2.114080065917969
49.027716100012185,2.1990742248535153,-9.612121115112304,-2.15777424621582
49.03769690002082,2.21523508605957,-9.6151138671875,-2.108693112182617
49.04774490001728,2.1589713470458984,-9.597755905151367,-2.1805191619873048
49.0566158000147,2.1487959899902345,-9.600150106811522,-2.1308394775390624
49.06594050000422,2.1547814941406247,-9.650428341674804,-2.1254525238037107
49.07415700002457,2.0943279022216794,-9.551667523193359,-2.1308394775390624
49.08270410000114,2.1607669982910154,-9.588777648925781,-2.110488763427734
49.08989870001096,2.147598889160156,-9.57022258605957,-2.147598889160156
49.09981730001164,2.142810485839844,-9.60793126220703,-2.105101809692383
49.10885170000256,2.1344307800292968,-9.6013472076416,-2.1164742675781247
49.11663230002159,2.1894974182128903,-9.609128363037108,-2.1110873138427735
49.12412459999905,2.142810485839844,-9.595960253906249,-2.105700360107422
49.13503080001101,2.185307565307617,-9.581595043945311,-2.110488763427734
49.15640230002464,2.1715409057617188,-9.613318215942382,-2.1589713470458984
49.170683400006965,2.1709423553466793,-9.622296472167967,-2.127846725463867
49.18318980000913,2.1631611999511717,-9.575609539794922,-2.139219183349609
49.19574809999904,2.2014684265136717,-9.597755905151367,-2.147598889160156
49.208177599997725,2.1775264099121094,-9.632471829223633,-2.1314380279541014
49.21956220001448,2.1643583007812497,-9.59476315307617,-2.096123553466797
49.23127540000132,2.1715409057617188,-9.600748657226562,-2.137423532104492
49.24118890002137,2.1607669982910154,-9.584587796020507,-2.1068974609374997
49.25233930000104,2.1733365570068357,-9.613916766357422,-2.1164742675781247
49.25997990000178,2.1416133850097654,-9.641450085449218,-2.1487959899902345
49.266156800003955,2.166752502441406,-9.591171850585937,-2.117671368408203
49.271328300004825,2.1691467041015624,-9.603741409301758,-2.1302409271240235
49.2767567000119,2.1601684478759764,-9.575609539794922,-2.1308394775390624
49.2843449000211,2.167351052856445,-9.587580548095703,-2.0979192047119137
49.292075800010934,2.147000338745117,-9.583989245605467,-2.1164742675781247
49.30046310002217,2.184110464477539,-9.587580548095703,-2.127248175048828
49.3124330000137,2.1511901916503904,-9.598354455566406,-2.108693112182617
49.32082320001791,2.1541829437255857,-9.622895022583007,-2.0931308013916015
49.330561000009766,2.1721394561767577,-9.572018237304688,-2.1452046874999997
49.341035100020235,2.1517887420654294,-9.598354455566406,-2.1350293304443357
49.3543495000049,2.1691467041015624,-9.579799392700195,-2.1398177337646485
49.37380690002465,2.1679496032714844,-9.664195001220703,-2.13862063293457
49.390329400019255,2.1517887420654294,-9.604339959716796,-2.124255422973633
49.40806169999996,2.1613655487060544,-9.616909518432617,-2.1308394775390624
49.42070680001052,2.185307565307617,-9.625289224243163,-2.1625626495361328
49.43335410000873,2.118868469238281,-9.613916766357422,-2.114080065917969
49.4465148000163,2.1817162628173827,-9.59476315307617,-2.0841525451660154
49.45541620001313,2.19608147277832,-9.60194575805664,-2.11946701965332
49.463317700021435,2.175730758666992,-9.566032733154296,-2.1344307800292968
49.471104500000365,2.1888988677978514,-9.61451531677246,-2.155978594970703
49.47822220000671,2.1811177124023438,-9.600748657226562,-2.1134815155029294
49.489000500005204,2.2086510314941403,-9.61451531677246,-2.1158757171630858
49.49902540000039,2.155978594970703,-9.631873278808593,-2.1314380279541014
49.50420210001175,2.164956851196289,-9.628281976318359,-2.1254525238037107
49.511954600020545,2.1583727966308595,-9.62169792175293,-2.114678616333008
49.51945839999826,2.1595698974609374,-9.637260232543944,-2.105700360107422
49.52603340000496,2.1900959686279298,-9.573813888549804,-2.1134815155029294
49.533409600000596,2.1643583007812497,-9.586383447265625,-2.1308394775390624
49.53977040000609,2.148197439575195,-9.628880526733397,-2.104503259277344
49.5502725999977,2.1260510742187497,-9.596558804321289,-2.10031340637207
49.56049360000179,2.138022082519531,-9.598354455566406,-2.0967221038818358
49.56896530001541,2.1260510742187497,-9.58339069519043,-2.1254525238037107
49.57721620000666,2.1691467041015624,-9.599551556396484,-2.105700360107422
49.585073599999305,2.1685481536865234,-9.572018237304688,-2.118868469238281
49.59195150001324,2.1595698974609374,-9.61451531677246,-2.109291662597656
49.598685300006764,2.0943279022216794,-9.603741409301758,-2.175132208251953
49.60682110002381,2.2014684265136717,-9.617508068847656,-2.139219183349609
49.61498080001911,2.1499930908203124,-9.579200842285156,-2.124255422973633
49.62214920000406,2.136226431274414,-9.64025298461914,-2.087145297241211
49.63256260001799,2.1511901916503904,-9.594164602661133,-2.1541829437255857
49.65031340002315,2.1888988677978514,-9.627084875488281,-2.118269918823242
49.670559799997136,2.1835119140624997,-9.602544308471678,-2.127248175048828
49.689519300009124,2.1517887420654294,-9.598953005981445,-2.1416133850097654
49.703668600006495,2.1697452545166014,-9.63307037963867,-2.138022082519531
49.715139700012514,2.1541829437255857,-9.588179098510741,-2.1517887420654294
49.725936400005594,2.1871032165527344,-9.611522564697266,-2.110488763427734
49.73993209999753,2.137423532104492,-9.647435589599608,-2.148197439575195
49.75337130000116,2.1793220611572264,-9.624690673828125,-2.1122844146728514
49.766588900005445,2.164956851196289,-9.642048635864258,-2.1260510742187497
49.78062780000619,2.175132208251953,-9.575609539794922,-2.1230583221435544
49.79555590002565,2.1811177124023438,-9.632471829223633,-2.145803237915039
49.80948100000387,2.2080524810791013,-9.64623848876953,-2.1446061370849607
49.823861000011675,2.1691467041015624,-9.625289224243163,-2.1350293304443357
49.83906830000342,2.136824981689453,-9.582193594360351,-2.127248175048828
49.85487370000919,2.1410148345947264,-9.60194575805664,-2.0781670410156248
49.87037119999877,2.136824981689453,-9.629479077148437,-2.1248539733886718
49.88308700002381,2.166752502441406,-9.616310968017578,-2.1805191619873048
49.89729340001941,2.19608147277832,-9.609128363037108,-2.117072817993164
49.905354000016814,2.1877017669677734,-9.591171850585937,-2.117072817993164
49.912844200007385,2.175730758666992,-9.658808047485351,-2.1230583221435544
49.920080800016876,2.1422119354248044,-9.648632690429688,-2.1260510742187497
49.92993600000045,2.155380044555664,-9.6151138671875,-2.1212626708984375
49.93770380000933,2.1452046874999997,-9.620500820922851,-2.1404162841796874
49.94446590001462,2.1517887420654294,-9.564237081909178,-2.1224597717285154
49.95245710000745,2.1410148345947264,-9.579799392700195,-2.1422119354248044
49.959577700006776,2.194285821533203,-9.554061724853515,-2.1410148345947264
49.96681979999994,2.1871032165527344,-9.606734161376952,-2.127248175048828
49.972958900005324,2.1781249603271484,-9.62169792175293,-2.1212626708984375
49.979941400000826,2.1888988677978514,-9.618106619262695,-2.1452046874999997
49.98795730000711,2.1799206115722654,-9.624690673828125,-2.1110873138427735
49.996243800007505,2.1607669982910154,-9.584587796020507,-2.127846725463867
50.00422850000905,2.1727380065917967,-9.649829791259766,-2.128445275878906
50.012939800013555,2.1589713470458984,-9.604938510131836,-2.142810485839844
50.02101560001029,2.1805191619873048,-9.623493572998047,-2.1607669982910154
50.02959240000928,2.127846725463867,-9.611522564697266,-2.114080065917969
50.0366967000009,2.148197439575195,-9.6013472076416,-2.1302409271240235
50.043968900019536,2.147598889160156,-9.622296472167967,-2.1499930908203124
50.05678590000025,2.1685481536865234,-9.6151138671875,-2.1499930908203124
50.08828180001001,2.184709014892578,-9.589376199340819,-2.1505916412353514
50.100960800016765,2.1966800231933594,-9.618705169677733,-2.136824981689453
50.11313750001136,2.17692785949707,-9.589376199340819,-2.129642376708984
50.1198027000064,2.175132208251953,-9.636661682128906,-2.137423532104492
50.12628830000176,2.129642376708984,-9.615712417602538,-2.1027076080322264
50.136765100003686,2.184709014892578,-9.574412438964844,-2.1487959899902345
50.14672920000157,2.1356278808593747,-9.63366893005371,-2.1302409271240235
50.15781950001838,2.1643583007812497,-9.597755905151367,-2.1033061584472654
50.16975640002056,2.1787235107421874,-9.606734161376952,-2.114678616333008
50.178595200006384,2.156577145385742,-9.58279214477539,-2.133233679199219
50.186685699998634,2.1218612213134764,-9.587580548095703,-2.109890213012695
50.19196290001855,2.1224597717285154,-9.592967501831055,-2.1158757171630858
50.20401960000163,2.1152771667480468,-9.580996493530273,-2.1416133850097654
50.215784700005315,2.147000338745117,-9.609128363037108,-2.126649624633789
50.22480009999708,2.120065570068359,-9.581595043945311,-2.1547814941406247
50.23893890000181,2.1254525238037107,-9.597755905151367,-2.146401788330078
50.258568899997044,2.1505916412353514,-9.586981997680663,-2.1206641204833985
50.27598870001384,2.1613655487060544,-9.583989245605467,-2.13862063293457
50.29192489999696,2.1595698974609374,-9.569025485229492,-2.1254525238037107
50.30743350001285,2.139219183349609,-9.572018237304688,-2.1422119354248044
50.32223300001351,2.1499930908203124,-9.609726913452148,-2.1350293304443357
50.33584169999813,2.1727380065917967,-9.625289224243163,-2.129642376708984
50.35187600000063,2.1440075866699217,-9.609726913452148,-2.1595698974609374
50.36795450001955,2.203264077758789,-9.617508068847656,-2.1308394775390624
50.38537410000572,2.1404162841796874,-9.611522564697266,-2.1027076080322264
50.398932200012496,2.203264077758789,-9.603142858886718,-2.1218612213134764
50.411596600024495,2.175730758666992,-9.664195001220703,-2.1039047088623044
50.42806180001935,2.185307565307617,-9.597157354736327,-2.105101809692383
50.44752710001194,2.1739351074218747,-9.595960253906249,-2.127248175048828
50.47064380001393,2.1224597717285154,-9.596558804321289,-2.123656872558594
50.496525499998825,2.1541829437255857,-9.587580548095703,-2.1206641204833985
50.523061900021276,2.203264077758789,-9.579799392700195,-2.1158757171630858
50.546730800007936,2.13862063293457,-9.603142858886718,-2.0829554443359375
50.57256210001651,2.184110464477539,-9.59536170349121,-2.1206641204833985
50.595300900022266,2.1990742248535153,-9.613318215942382,-2.136226431274414
50.6182752000168,2.1326351287841794,-9.624690673828125,-2.1452046874999997
50.63810199999716,2.1883003173828124,-9.619902270507811,-2.090138049316406
50.6544842000003,2.1541829437255857,-9.611522564697266,-2.1248539733886718
50.67019309999887,2.1637597503662107,-9.595960253906249,-2.1326351287841794
50.6880022000114,2.175730758666992,-9.585186346435547,-2.1404162841796874
50.70568169999751,2.133233679199219,-9.6151138671875,-2.1164742675781247
50.72478109999793,2.1529858428955078,-9.65342109375,-2.1446061370849607
50.743207799998345,2.1715409057617188,-9.6151138671875,-2.1218612213134764
50.762833000015235,2.1781249603271484,-9.580996493530273,-2.126649624633789
50.78055980001227,2.1446061370849607,-9.57022258605957,-2.114080065917969
50.79945469999802,2.164956851196289,-9.583989245605467,-2.139219183349609
50.819953300000634,2.147000338745117,-9.62169792175293,-2.1027076080322264
50.835871000017505,2.1691467041015624,-9.552266073608397,-2.0919337005615235
50.85471450001933,2.1517887420654294,-9.60852981262207,-2.1631611999511717
50.87253660001443,2.1888988677978514,-9.643245736694336,-2.1134815155029294
50.88868360000197,2.167351052856445,-9.623493572998047,-2.1350293304443357
50.906224300008034,2.2110452331542967,-9.576806640625,-2.1410148345947264
50.92343029999756,2.1679496032714844,-9.613318215942382,-2.1320365783691404
50.93974319999688,2.1888988677978514,-9.572616787719726,-2.1224597717285154
50.95862400002079,2.1631611999511717,-9.60194575805664,-2.147598889160156
50.97825890002423,2.1697452545166014,-9.642048635864258,-2.133832229614258
50.99597640000866,2.1416133850097654,-9.62169792175293,-2.1326351287841794
51.012043700000504,2.1505916412353514,-9.598354455566406,-2.1505916412353514
51.030523900000844,2.1595698974609374,-9.670779055786133,-2.094926452636719
51.04254260001471,2.1529858428955078,-9.628281976318359,-2.120065570068359
51.05515280002146,2.1984756744384764,-9.579200842285156,-2.127846725463867
51.073425900016446,2.1517887420654294,-9.609128363037108,-2.145803237915039
51.08613100001821,2.157175695800781,-9.578602291870117,-2.120065570068359
51.099901000008686,2.1116858642578125,-9.606734161376952,-2.1314380279541014
51.1139643000206,2.166752502441406,-9.579799392700195,-2.136824981689453
51.12945210002363,2.1529858428955078,-9.623493572998047,-2.1416133850097654
51.14645580001525,2.2074539306640624,-9.643844287109374,-2.139219183349609
51.16256029999931,2.136226431274414,-9.571419686889648,-2.1158757171630858
51.177261000004364,2.1607669982910154,-9.619902270507811,-2.142810485839844
51.196423000015784,2.1906945190429687,-9.624690673828125,-2.105101809692383
51.212981200020295,2.1511901916503904,-9.607332711791992,-2.1158757171630858
51.230677900020964,2.1883003173828124,-9.603741409301758,-2.133832229614258
51.247033999999985,2.1487959899902345,-9.630676177978515,-2.147000338745117
51.26208100002259,2.1811177124023438,-9.65940659790039,-2.126649624633789
51.28079330001492,2.1691467041015624,-9.625887774658203,-2.104503259277344
51.295229100011056,2.167351052856445,-9.609726913452148,-2.1487959899902345
51.31115650001448,2.1721394561767577,-9.572018237304688,-2.11946701965332
51.32589950002148,2.2002713256835937,-9.603741409301758,-2.127248175048828
51.343445600010455,2.1637597503662107,-9.598953005981445,-2.114080065917969
51.361752400000114,2.166153952026367,-9.627084875488281,-2.108094561767578
51.377854500024114,2.136824981689453,-9.577405191040038,-2.128445275878906
51.39687050000066,2.1607669982910154,-9.609128363037108,-2.1595698974609374
51.41172980002011,2.138022082519531,-9.588179098510741,-2.086546746826172
51.42351900000358,2.1320365783691404,-9.589974749755859,-2.1122844146728514
51.43431130002136,2.1883003173828124,-9.637858782958984,-2.1152771667480468
51.447912200004794,2.1990742248535153,-9.612719665527344,-2.1308394775390624
51.463470400020014,2.1595698974609374,-9.645639938354492,-2.1344307800292968
51.47863070000312,2.1631611999511717,-9.634866030883789,-2.118269918823242
51.492883200000506,2.1547814941406247,-9.62109937133789,-2.10031340637207
51.50784250002471,2.1799206115722654,-9.593566052246093,-2.118868469238281
51.52278070000466,2.1817162628173827,-9.595960253906249,-2.108693112182617
51.537766200024635,2.1679496032714844,-9.622895022583007,-2.11946701965332
51.55563020001864,2.118868469238281,-9.582193594360351,-2.1248539733886718
51.57312100002309,2.1541829437255857,-9.612121115112304,-2.1314380279541014
51.586663499998394,2.175132208251953,-9.634267480468749,-2.114080065917969
51.60087960000965,2.147598889160156,-9.59476315307617,-2.117072817993164
51.61703920000582,2.1511901916503904,-9.624092123413085,-2.10031340637207
51.63286240000161,2.1817162628173827,-9.652223992919922,-2.1128829650878904
51.64932560001034,2.185307565307617,-9.630676177978515,-2.1062989105224608
51.66661120002391,2.1781249603271484,-9.60852981262207,-2.139219183349609
51.681295400019735,2.1781249603271484,-9.612719665527344,-2.108693112182617
51.699259000015445,2.165555401611328,-9.651625442504882,-2.1350293304443357
51.71660380001413,2.1404162841796874,-9.600150106811522,-2.1230583221435544
51.73454080001102,2.0967221038818358,-9.619902270507811,-2.147598889160156
51.74918150002486,2.157175695800781,-9.6013472076416,-2.147598889160156
51.758607399999164,2.1583727966308595,-9.618106619262695,-2.099714855957031
51.76828139999998,2.1703438049316404,-9.612719665527344,-2.1134815155029294
51.77950070000952,2.1541829437255857,-9.585186346435547,-2.164956851196289
51.79076640002313,2.1404162841796874,-9.655216744995117,-2.1613655487060544
51.80518850000226,2.1637597503662107,-9.649829791259766,-2.120065570068359
51.82060950002051,2.1721394561767577,-9.605537060546874,-2.128445275878906
51.83294839999871,2.1918916198730467,-9.61451531677246,-2.1254525238037107
51.844576100003906,2.123656872558594,-9.628281976318359,-2.137423532104492
51.85427460001665,2.1613655487060544,-9.616909518432617,-2.185906115722656
51.86278670001775,2.129642376708984,-9.612719665527344,-2.105700360107422
51.87154400002328,2.1434090362548828,-9.585784896850585,-2.137423532104492
51.87920580001082,2.1487959899902345,-9.57620809020996,-2.105700360107422
51.88701260002563,2.1529858428955078,-9.625289224243163,-2.1110873138427735
51.89612690001377,2.137423532104492,-9.593566052246093,-2.128445275878906
51.90504370001145,2.186504666137695,-9.6151138671875,-2.117671368408203
51.91363180000917,2.1781249603271484,-9.565434182739256,-2.147598889160156
51.92302230000496,2.175730758666992,-9.610325463867188,-2.0883423980712887
51.93061900002067,2.1404162841796874,-9.610924014282226,-2.128445275878906
51.937055500020506,2.184709014892578,-9.598953005981445,-2.1206641204833985
51.94344709999859,2.2307973968505856,-9.604339959716796,-2.1122844146728514
51.95229210000252,2.138022082519531,-9.591171850585937,-2.117671368408203
51.95992809999734,2.184110464477539,-9.616310968017578,-2.1021090576171875
51.96820880001178,2.1601684478759764,-9.602544308471678,-2.1499930908203124
51.974783100013155,2.142810485839844,-9.629479077148437,-2.1452046874999997
51.98147100000642,2.166153952026367,-9.618705169677733,-2.155978594970703
51.9876409000135,2.136226431274414,-9.612121115112304,-2.124255422973633
51.99302400002489,2.1912930694580077,-9.606734161376952,-2.085349645996094
51.99981970002409,2.1499930908203124,-9.588179098510741,-2.110488763427734
52.005320099997334,2.1697452545166014,-9.593566052246093,-2.1218612213134764
52.01144510001177,2.2080524810791013,-9.589376199340819,-2.1410148345947264
52.01701619999949,2.156577145385742,-9.591770401000977,-2.114678616333008
52.02266129999771,2.1589713470458984,-9.631274728393555,-2.109291662597656
52.028641800017795,2.1625626495361328,-9.616909518432617,-2.165555401611328
52.03514930000529,2.1817162628173827,-9.600150106811522,-2.1116858642578125
52.041224100015825,2.1547814941406247,-9.612719665527344,-2.1110873138427735
52.0498871000018,2.155978594970703,-9.566631283569336,-2.1224597717285154
52.056354200001806,2.1422119354248044,-9.623493572998047,-2.114080065917969
52.0632528999995,2.1643583007812497,-9.55645592651367,-2.129642376708984
52.07057530002203,2.203264077758789,-9.588777648925781,-2.1039047088623044
52.07678329999908,2.129043826293945,-9.593566052246093,-2.099714855957031
52.084475300012855,2.214037985229492,-9.619902270507811,-2.1326351287841794
52.09415020002052,2.1398177337646485,-9.578003741455078,-2.129642376708984
52.10878110001795,2.1631611999511717,-9.566631283569336,-2.118269918823242
52.125616300007096,2.2110452331542967,-9.591770401000977,-2.1248539733886718
52.14136540002073,2.167351052856445,-9.584587796020507,-2.1637597503662107
52.156595700012986,2.194285821533203,-9.585784896850585,-2.139219183349609
52.17103500000667,2.15777424621582,-9.618106619262695,-2.1493945404052734
52.18338670002413,2.175730758666992,-9.595960253906249,-2.139219183349609
52.2000622000196,2.1793220611572264,-9.577405191040038,-2.1541829437255857
52.21316780001507,2.1517887420654294,-9.632471829223633,-2.133233679199219
52.227696100017056,2.1434090362548828,-9.5630399810791,-2.108693112182617
52.24475630000234,2.17692785949707,-9.631873278808593,-2.133233679199219
52.25986650001141,2.147000338745117,-9.644442837524414,-2.1116858642578125
52.2697804000054,2.1422119354248044,-9.59476315307617,-2.1505916412353514
52.281528200022876,2.1739351074218747,-9.585186346435547,-2.1487959899902345
52.28994550000061,2.167351052856445,-9.586383447265625,-2.1529858428955078
52.29915289999917,2.1541829437255857,-9.586383447265625,-2.1152771667480468
52.31142220000038,2.1721394561767577,-9.616909518432617,-2.108693112182617
52.32420150001417,2.128445275878906,-9.612121115112304,-2.1260510742187497
52.33650770000531,2.114678616333008,-9.589974749755859,-2.1452046874999997
52.348877200012794,2.184110464477539,-9.609128363037108,-2.138022082519531
52.361930900020525,2.1787235107421874,-9.587580548095703,-2.1547814941406247
52.372289400023874,2.1535843933105467,-9.607332711791992,-2.137423532104492
52.3802255000046,2.155978594970703,-9.583989245605467,-2.120065570068359
52.38733050000155,2.133832229614258,-9.574412438964844,-2.155978594970703
52.39450230001239,2.1709423553466793,-9.600748657226562,-2.1422119354248044
52.40045110002393,2.1601684478759764,-9.588777648925781,-2.1230583221435544
52.4082290000224,2.155380044555664,-9.589974749755859,-2.1637597503662107
52.41823640000075,2.1589713470458984,-9.590573300170897,-2.1110873138427735
52.42883580000489,2.1835119140624997,-9.638457333374022,-2.1793220611572264
52.445715200010454,2.1643583007812497,-9.625289224243163,-2.1410148345947264
52.466448899998795,2.146401788330078,-9.634267480468749,-2.127846725463867
52.48844280000776,2.1625626495361328,-9.600748657226562,-2.1505916412353514
52.510043700021924,2.1320365783691404,-9.581595043945311,-2.114080065917969
52.53564300001017,2.176329309082031,-9.623493572998047,-2.1122844146728514
52.55620200000703,2.1835119140624997,-9.59476315307617,-2.123656872558594
52.57481290001306,2.1613655487060544,-9.613318215942382,-2.1595698974609374
52.59659540001303,2.139219183349609,-9.610325463867188,-2.1499930908203124
52.615397600020515,2.1547814941406247,-9.60194575805664,-2.129043826293945
52.637420800019754,2.118868469238281,-9.589376199340819,-2.166752502441406
52.6548045000236,2.1775264099121094,-9.609726913452148,-2.0847510955810544
52.673969399998896,2.1823148132324217,-9.628281976318359,-2.081758343505859
52.69264680001652,2.1918916198730467,-9.609726913452148,-2.166153952026367
52.70881240000017,2.1703438049316404,-9.612719665527344,-2.1248539733886718
52.72380870001507,2.1930887207031247,-9.620500820922851,-2.124255422973633
52.741906800016295,2.133233679199219,-9.599551556396484,-2.166752502441406
52.75898740001139,2.147598889160156,-9.586383447265625,-2.1356278808593747
52.77762510001776,2.1883003173828124,-9.581595043945311,-2.146401788330078
52.79489499999909,2.1308394775390624,-9.586981997680663,-2.1344307800292968
52.803885100001935,2.1709423553466793,-9.591171850585937,-2.1487959899902345
52.81706630002009,2.145803237915039,-9.6013472076416,-2.1440075866699217
52.826806800003396,2.155978594970703,-9.59536170349121,-2.105700360107422
52.83708810000098,2.1595698974609374,-9.655216744995117,-2.100911956787109
52.84784699999727,2.1906945190429687,-9.60852981262207,-2.1326351287841794
52.85787259999779,2.156577145385742,-9.609726913452148,-2.1410148345947264
52.870070500008296,2.157175695800781,-9.640851535034178,-2.1164742675781247
52.88082880000002,2.1697452545166014,-9.591171850585937,-2.0925322509765625
52.888767900003586,2.1775264099121094,-9.60852981262207,-2.117072817993164
52.897082000010414,2.1541829437255857,-9.588179098510741,-2.1314380279541014
52.90716390000307,2.1775264099121094,-9.627084875488281,-2.0931308013916015
52.92426040000282,2.165555401611328,-9.640851535034178,-2.1039047088623044
52.93991460002144,2.166153952026367,-9.593566052246093,-2.105700360107422
52.95486009999877,2.1248539733886718,-9.625289224243163,-2.110488763427734
52.97006870000041,2.1601684478759764,-9.635464581298828,-2.118868469238281
52.9847310000041,2.1613655487060544,-9.584587796020507,-2.1535843933105467
52.99952750001103,2.1799206115722654,-9.597157354736327,-2.1493945404052734
53.014895300002536,2.1721394561767577,-9.603142858886718,-2.128445275878906
53.02925510000205,2.1739351074218747,-9.593566052246093,-2.136226431274414
53.03931520000333,2.1541829437255857,-9.606734161376952,-2.128445275878906
53.047063500009244,2.185307565307617,-9.625887774658203,-2.1535843933105467
53.05459820001852,2.1595698974609374,-9.589974749755859,-2.155978594970703
53.06201520000468,2.1817162628173827,-9.605537060546874,-2.124255422973633
53.068647200008854,2.184110464477539,-9.616909518432617,-2.1212626708984375
53.07568999999785,2.1595698974609374,-9.615712417602538,-2.1505916412353514
53.08304759999737,2.138022082519531,-9.625289224243163,-2.1302409271240235
53.0898911000113,2.1314380279541014,-9.622296472167967,-2.1625626495361328
53.09801040001912,2.1823148132324217,-9.589376199340819,-2.127248175048828
53.10532699999749,2.1511901916503904,-9.550470422363281,-2.1027076080322264
53.114530400023796,2.1547814941406247,-9.593566052246093,-2.1350293304443357
53.119561900006374,2.1398177337646485,-9.586383447265625,-2.109890213012695
53.12700160001987,2.1775264099121094,-9.64623848876953,-2.1212626708984375
53.13241160000325,2.1452046874999997,-9.655216744995117,-2.124255422973633
53.141363600007026,2.142810485839844,-9.603142858886718,-2.1344307800292968
53.15025260002585,2.1703438049316404,-9.597755905151367,-2.1254525238037107
53.155544600012945,2.1422119354248044,-9.571419686889648,-2.128445275878906
53.162264500017045,2.1679496032714844,-9.596558804321289,-2.114080065917969
53.16843479999807,2.1535843933105467,-9.5630399810791,-2.137423532104492
53.17393200000515,2.1356278808593747,-9.624690673828125,-2.109291662597656
53.18120400002226,2.1900959686279298,-9.622895022583007,-2.1027076080322264
53.18660900002578,2.1356278808593747,-9.593566052246093,-2.139219183349609
53.19193620001897,2.166752502441406,-9.615712417602538,-2.136226431274414
53.19771620002575,2.1906945190429687,-9.598354455566406,-2.108693112182617
53.20341830002144,2.166153952026367,-9.594164602661133,-2.142810485839844
53.20876800001133,2.13862063293457,-9.591770401000977,-2.1122844146728514
53.2155268000206,2.15777424621582,-9.588777648925781,-2.129642376708984
53.22331520001171,2.127248175048828,-9.60194575805664,-2.128445275878906
53.22929670001031,2.123656872558594,-9.593566052246093,-2.11946701965332
53.23541630001273,2.1493945404052734,-9.589376199340819,-2.1128829650878904
53.24056350000319,2.1679496032714844,-9.60852981262207,-2.1320365783691404
53.247513500013156,2.1511901916503904,-9.619902270507811,-2.1440075866699217
53.25366960000247,2.164956851196289,-9.609726913452148,-2.1679496032714844
53.2601206000254,2.1535843933105467,-9.630077627563477,-2.1254525238037107
53.269714800000656,2.1799206115722654,-9.598354455566406,-2.13862063293457
53.27850480002235,2.0781670410156248,-9.584587796020507,-2.098517755126953
53.288070200011134,2.1595698974609374,-9.60852981262207,-2.1212626708984375
53.29660560001503,2.1703438049316404,-9.619303720092773,-2.1326351287841794
53.304747000016505,2.1691467041015624,-9.618705169677733,-2.1260510742187497
53.31562430001213,2.1643583007812497,-9.628281976318359,-2.1039047088623044
53.323993099998916,2.1685481536865234,-9.580397943115234,-2.1493945404052734
53.33241380000254,2.1601684478759764,-9.569025485229492,-2.108094561767578
53.34068210000987,2.148197439575195,-9.599551556396484,-2.1260510742187497
53.35223270001006,2.1631611999511717,-9.59536170349121,-2.109890213012695
53.36175410001306,2.152387292480469,-9.611522564697266,-2.1027076080322264
53.370572100015124,2.1350293304443357,-9.583989245605467,-2.1601684478759764
53.383458500000415,2.15777424621582,-9.585784896850585,-2.167351052856445
53.39180530002341,2.1996727752685548,-9.603142858886718,-2.1452046874999997
53.399929100007284,2.194285821533203,-9.622296472167967,-2.100911956787109
53.40874559999793,2.114678616333008,-9.582193594360351,-2.1326351287841794
53.420020500023384,2.1398177337646485,-9.576806640625,-2.1164742675781247
53.429260900011286,2.145803237915039,-9.59476315307617,-2.152387292480469
53.4391851000255,2.166752502441406,-9.60793126220703,-2.099714855957031
53.45118689999799,2.184709014892578,-9.572616787719726,-2.129642376708984
53.45876050001243,2.184110464477539,-9.625887774658203,-2.1434090362548828
53.46763590001501,2.185307565307617,-9.632471829223633,-2.137423532104492
53.47417780000251,2.1302409271240235,-9.637858782958984,-2.1134815155029294
53.48484240000835,2.1583727966308595,-9.604938510131836,-2.147598889160156
53.49319460001425,2.1529858428955078,-9.579200842285156,-2.1206641204833985
53.5024429000041,2.133233679199219,-9.649829791259766,-2.142810485839844
53.509685299999546,2.1883003173828124,-9.598953005981445,-2.136824981689453
53.51825870000175,2.145803237915039,-9.635464581298828,-2.1613655487060544
53.525256900000386,2.19608147277832,-9.636063131713867,-2.1308394775390624
53.5359490000119,2.1434090362548828,-9.62169792175293,-2.1062989105224608
53.54298870000639,2.1793220611572264,-9.612121115112304,-2.1541829437255857
53.5531869000115,2.1595698974609374,-9.60793126220703,-2.1248539733886718
53.56016040002578,2.1811177124023438,-9.582193594360351,-2.152387292480469
53.56801870002528,2.174533657836914,-9.6151138671875,-2.0973206542968748
53.575860000011744,2.1517887420654294,-9.595960253906249,-2.1260510742187497
53.585067500011064,2.1422119354248044,-9.58339069519043,-2.0943279022216794
53.59243850002531,2.1871032165527344,-9.64025298461914,-2.1027076080322264
53.59955310000805,2.1709423553466793,-9.596558804321289,-2.1410148345947264
53.606465800025035,2.203862628173828,-9.580996493530273,-2.117671368408203
53.61464120002347,2.1811177124023438,-9.578602291870117,-2.1116858642578125
53.62159300001804,2.1709423553466793,-9.626486325073241,-2.136824981689453
53.62844150001183,2.1583727966308595,-9.580397943115234,-2.1505916412353514
53.63611839999794,2.1350293304443357,-9.622895022583007,-2.129642376708984
53.64328889999888,2.166153952026367,-9.592368951416015,-2.114678616333008
53.65038400000776,2.1930887207031247,-9.612121115112304,-2.100911956787109
53.65727620001417,2.166752502441406,-9.592967501831055,-2.136226431274414
53.66481370001566,2.1218612213134764,-9.617508068847656,-2.1122844146728514
53.672317999997176,2.1823148132324217,-9.622296472167967,-2.147598889160156
53.679260100005195,2.1625626495361328,-9.625887774658203,-2.1152771667480468
53.686496000009356,2.1631611999511717,-9.580996493530273,-2.1535843933105467
53.69316730002174,2.152387292480469,-9.616909518432617,-2.127846725463867
53.700563799997326,2.1685481536865234,-9.549273321533203,-2.1511901916503904
53.70835940001416,2.13862063293457,-9.600150106811522,-2.1314380279541014
53.71556360000977,2.15777424621582,-9.560645779418945,-2.1601684478759764
53.72494220000226,2.1601684478759764,-9.617508068847656,-2.1422119354248044
53.734049100021366,2.1446061370849607,-9.603741409301758,-2.1344307800292968
53.74322730000131,2.175730758666992,-9.637858782958984,-2.1607669982910154
53.75114760000724,2.1829133636474607,-9.612121115112304,-2.1254525238037107
53.76119750001817,2.1775264099121094,-9.619902270507811,-2.155978594970703
53.76958950000699,2.1595698974609374,-9.585784896850585,-2.157175695800781
53.77792040002532,2.166153952026367,-9.620500820922851,-2.152387292480469
53.78773470001761,2.1068974609374997,-9.64025298461914,-2.080561242675781
53.80465420000837,2.142810485839844,-9.60194575805664,-2.117072817993164
53.81935980002163,2.155978594970703,-9.584587796020507,-2.1218612213134764
53.83564699999988,2.1434090362548828,-9.637260232543944,-2.1499930908203124
53.846002100006444,2.147000338745117,-9.620500820922851,-2.13862063293457
53.85602150001796,2.1517887420654294,-9.605537060546874,-2.117671368408203
53.86666810000315,2.152387292480469,-9.626486325073241,-2.1607669982910154
53.87601000000723,2.1685481536865234,-9.6013472076416,-2.117072817993164
53.88853170000948,2.1517887420654294,-9.602544308471678,-2.060809078979492
53.90135480000754,2.1715409057617188,-9.574412438964844,-2.123656872558594
53.915663899999345,2.1446061370849607,-9.617508068847656,-2.138022082519531
53.926280400017276,2.1793220611572264,-9.609128363037108,-2.1206641204833985
53.9391217000084,2.1499930908203124,-9.596558804321289,-2.136824981689453
53.9472206000064,2.15777424621582,-9.641450085449218,-2.129642376708984
53.95557760001975,2.1440075866699217,-9.613916766357422,-2.138022082519531
53.964876500016544,2.1697452545166014,-9.651026892089844,-2.1230583221435544
53.971764700021595,2.1697452545166014,-9.630077627563477,-2.118868469238281
53.98052810001536,2.142810485839844,-9.572018237304688,-2.095525003051758
53.987622500018915,2.176329309082031,-9.589974749755859,-2.15777424621582
53.993245300021954,2.1643583007812497,-9.580996493530273,-2.1727380065917967
53.999040399998194,2.1978771240234374,-9.606135610961914,-2.1254525238037107
54.00585640000645,2.1529858428955078,-9.64025298461914,-2.104503259277344
54.01311160001205,2.1416133850097654,-9.635464581298828,-2.1350293304443357
54.020672300015576,2.1619640991210938,-9.642048635864258,-2.175132208251953
54.028283000021474,2.138022082519531,-9.59536170349121,-2.104503259277344
54.03781180002261,2.136226431274414,-9.620500820922851,-2.118269918823242
54.048362900008215,2.17692785949707,-9.572018237304688,-2.136824981689453
54.05579720000969,2.1906945190429687,-9.612121115112304,-2.1164742675781247
54.06344510000781,2.1452046874999997,-9.6013472076416,-2.155978594970703
54.07068530001561,2.1805191619873048,-9.623493572998047,-2.118868469238281
54.079934500012314,2.136824981689453,-9.62169792175293,-2.1685481536865234
54.090056700020796,2.1703438049316404,-9.565434182739256,-2.108693112182617
54.10013970002183,2.1930887207031247,-9.589376199340819,-2.1356278808593747
54.11029010001221,2.1721394561767577,-9.602544308471678,-2.128445275878906
54.12232780002523,2.1643583007812497,-9.615712417602538,-2.148197439575195
54.13323920001858,2.1308394775390624,-9.627683425903319,-2.1511901916503904
54.14098660001764,2.184110464477539,-9.624092123413085,-2.1607669982910154
54.148369600006845,2.1697452545166014,-9.62169792175293,-2.1517887420654294
54.15580120001687,2.1529858428955078,-9.579799392700195,-2.11946701965332
54.16384670001571,2.175730758666992,-9.595960253906249,-2.1398177337646485
54.17115249999915,2.176329309082031,-9.593566052246093,-2.133233679199219
54.17792470002314,2.2182278381347653,-9.645041387939452,-2.1404162841796874
54.184742900019046,2.174533657836914,-9.599551556396484,-2.1505916412353514
54.192761500016786,2.1410148345947264,-9.583989245605467,-2.120065570068359
54.20767460000934,2.1422119354248044,-9.611522564697266,-2.1398177337646485
54.22494430001825,2.174533657836914,-9.60793126220703,-2.136226431274414
54.24122510000598,2.1404162841796874,-9.62169792175293,-2.146401788330078
54.25639439999941,2.133233679199219,-9.613318215942382,-2.120065570068359
54.272043500008294,2.152387292480469,-9.626486325073241,-2.1505916412353514
54.289802500017686,2.1350293304443357,-9.64623848876953,-2.1787235107421874
54.306813600007445,2.1697452545166014,-9.609128363037108,-2.1344307800292968
54.32312240000465,2.1709423553466793,-9.603741409301758,-2.1212626708984375
54.33984650002094,2.2116437835693357,-9.598953005981445,-2.1416133850097654
54.35726830002386,2.1344307800292968,-9.667786303710937,-2.133233679199219
54.37241460001678,2.1326351287841794,-9.624092123413085,-2.1326351287841794
54.38817890000064,2.1829133636474607,-9.613916766357422,-2.1416133850097654
54.406241900025634,2.1499930908203124,-9.625887774658203,-2.126649624633789
54.421539700008,2.1416133850097654,-9.647435589599608,-2.139219183349609
54.438214800000424,2.127846725463867,-9.609128363037108,-2.1164742675781247
54.45556339999894,2.1793220611572264,-9.637260232543944,-2.1212626708984375
54.472120799997356,2.1487959899902345,-9.593566052246093,-2.1158757171630858
54.48794320001616,2.1404162841796874,-9.619902270507811,-2.137423532104492
54.50246280001011,2.147000338745117,-9.642647186279296,-2.1398177337646485
54.51695540000219,2.138022082519531,-9.606135610961914,-2.1607669982910154
54.53298499999801,2.1206641204833985,-9.624690673828125,-2.109890213012695
54.55012700002408,2.126649624633789,-9.570821136474608,-2.148197439575195
54.56773670000257,2.1517887420654294,-9.60194575805664,-2.127846725463867
54.58580120000988,2.1739351074218747,-9.643245736694336,-2.129043826293945
54.6036243000126,2.1062989105224608,-9.56962403564453,-2.1344307800292968
54.62173110002186,2.1410148345947264,-9.624690673828125,-2.1781249603271484
54.6399518000253,2.1900959686279298,-9.679158761596678,-2.146401788330078
54.659130500018364,2.203264077758789,-9.603142858886718,-2.138022082519531
54.674777100008214,2.1924901702880857,-9.588179098510741,-2.1230583221435544
54.68842260001111,2.136824981689453,-9.58279214477539,-2.1505916412353514
54.700236800010316,2.1829133636474607,-9.619303720092773,-2.1487959899902345
54.71020070000668,2.1308394775390624,-9.599551556396484,-2.1350293304443357
54.71824080002261,2.1344307800292968,-9.625887774658203,-2.1248539733886718
54.72335600000224,2.133233679199219,-9.606135610961914,-2.1260510742187497
54.7330749000248,2.1871032165527344,-9.604339959716796,-2.147000338745117
54.74023060000036,2.1637597503662107,-9.622895022583007,-2.142810485839844
54.750759300019126,2.081758343505859,-9.642647186279296,-2.1027076080322264
54.75880500001949,2.1715409057617188,-9.643844287109374,-2.1027076080322264
54.772000700002536,2.1601684478759764,-9.619902270507811,-2.136824981689453
54.78414010000415,2.152387292480469,-9.628281976318359,-2.108693112182617
54.794455100025516,2.174533657836914,-9.629479077148437,-2.123656872558594
54.803737500013085,2.1619640991210938,-9.589974749755859,-2.1230583221435544
54.81606280000415,2.1350293304443357,-9.58339069519043,-2.1410148345947264
54.82577380002476,2.1721394561767577,-9.596558804321289,-2.1224597717285154
54.84045040002093,2.15777424621582,-9.612719665527344,-2.127248175048828
54.85317250000662,2.1643583007812497,-9.631274728393555,-2.1529858428955078
54.864523900003405,2.123656872558594,-9.587580548095703,-2.1218612213134764
54.8770222000021,2.1535843933105467,-9.567828384399414,-2.1320365783691404
54.88775039999746,2.204461178588867,-9.588179098510741,-2.1416133850097654
54.89989770000102,2.1817162628173827,-9.6013472076416,-2.104503259277344
54.90831350002554,2.147000338745117,-9.611522564697266,-2.1398177337646485
54.921167200023774,2.2260089935302734,-9.59476315307617,-2.085948196411133
54.930061300023226,2.139219183349609,-9.589376199340819,-2.114080065917969
54.93879750001361,2.147598889160156,-9.606135610961914,-2.1356278808593747
54.9531664000242,2.174533657836914,-9.649231240844726,-2.117072817993164
54.96813380002277,2.1529858428955078,-9.606734161376952,-2.1110873138427735
54.97856540000066,2.164956851196289,-9.618705169677733,-2.1308394775390624
54.99459120002575,2.139219183349609,-9.611522564697266,-2.085948196411133
55.01345030000084,2.1805191619873048,-9.661800799560547,-2.127846725463867
55.03558840000187,2.1452046874999997,-9.607332711791992,-2.137423532104492
55.05517430001055,2.156577145385742,-9.600748657226562,-2.129642376708984
55.07283320001443,2.1446061370849607,-9.612121115112304,-2.099714855957031
55.0935539000202,2.1224597717285154,-9.591770401000977,-2.123656872558594
55.11455990001559,2.142810485839844,-9.624690673828125,-2.1416133850097654
55.130741100001615,2.1398177337646485,-9.631873278808593,-2.1248539733886718
55.14475420000963,2.1625626495361328,-9.625887774658203,-2.1637597503662107
55.15886660001706,2.13862063293457,-9.625887774658203,-2.133233679199219
55.169460400007665,2.1398177337646485,-9.57022258605957,-2.1068974609374997
55.18091170000844,2.1924901702880857,-9.567229833984374,-2.1152771667480468
55.19310570001835,2.167351052856445,-9.573215338134766,-2.1350293304443357
55.20372530000168,2.1422119354248044,-9.616310968017578,-2.1254525238037107
55.21469730001991,2.1254525238037107,-9.579200842285156,-2.1218612213134764
55.22523770001135,2.165555401611328,-9.606135610961914,-2.120065570068359
55.234724300011294,2.1452046874999997,-9.581595043945311,-2.11946701965332
55.24425380001776,2.1835119140624997,-9.63307037963867,-2.1224597717285154
55.25193280001986,2.138022082519531,-9.60852981262207,-2.109890213012695
55.261092700005975,2.1511901916503904,-9.630077627563477,-2.099116305541992
55.27027580002323,2.186504666137695,-9.579200842285156,-2.1499930908203124
55.278502000001026,2.1978771240234374,-9.637260232543944,-2.1984756744384764
55.28777819999959,2.1601684478759764,-9.603741409301758,-2.1356278808593747
55.297757200023625,2.1733365570068357,-9.597755905151367,-2.117072817993164
55.30550730001414,2.1715409057617188,-9.586383447265625,-2.133832229614258
55.31318880000617,2.137423532104492,-9.573215338134766,-2.110488763427734
55.321349100006046,2.1727380065917967,-9.578003741455078,-2.1074960113525387
55.32953090002411,2.1912930694580077,-9.58279214477539,-2.0847510955810544
55.339668500004336,2.136824981689453,-9.609726913452148,-2.1039047088623044
55.34782170000835,2.165555401611328,-9.592967501831055,-2.1158757171630858
55.35590950000915,2.174533657836914,-9.589376199340819,-2.133832229614258
55.36418590001995,2.1697452545166014,-9.629479077148437,-2.1440075866699217
55.37280150002334,2.1206641204833985,-9.595960253906249,-2.1033061584472654
55.388503900001524,2.157175695800781,-9.600748657226562,-2.13862063293457
55.398548400000436,2.1619640991210938,-9.60852981262207,-2.123656872558594
55.40974730000016,2.194884371948242,-9.603142858886718,-2.104503259277344
55.42028260001098,2.176329309082031,-9.610325463867188,-2.1164742675781247
55.42997009999817,2.1703438049316404,-9.595960253906249,-2.1452046874999997
55.43797340002493,2.142810485839844,-9.607332711791992,-2.076371389770508
55.445529999997234,2.1679496032714844,-9.57620809020996,-2.1446061370849607
55.45593820000067,2.203264077758789,-9.589376199340819,-2.1440075866699217
55.470495800022036,2.1493945404052734,-9.576806640625,-2.156577145385742
55.48563420001301,2.1888988677978514,-9.670779055786133,-2.117072817993164
55.49525639999774,2.1410148345947264,-9.624690673828125,-2.1308394775390624
55.506289600016316,2.195482922363281,-9.658808047485351,-2.1398177337646485
55.51512550000916,2.1547814941406247,-9.6151138671875,-2.1027076080322264
55.52312990001519,2.1984756744384764,-9.613318215942382,-2.1422119354248044
55.53004850001889,2.2272060943603513,-9.582193594360351,-2.128445275878906
55.53747090001707,2.1631611999511717,-9.581595043945311,-2.085349645996094
55.54482970002573,2.176329309082031,-9.594164602661133,-2.157175695800781
55.55255220000981,2.1685481536865234,-9.627084875488281,-2.1529858428955078
55.56215300000622,2.148197439575195,-9.59536170349121,-2.1254525238037107
55.57166200000211,2.1446061370849607,-9.573813888549804,-2.1158757171630858
55.585623400023906,2.147000338745117,-9.579200842285156,-2.104503259277344
55.596858900011284,2.19608147277832,-9.541492166137695,-2.118868469238281
55.608199700014666,2.155380044555664,-9.594164602661133,-2.1134815155029294
55.619170500023756,2.1912930694580077,-9.6151138671875,-2.147598889160156
55.62957620000816,2.174533657836914,-9.599551556396484,-2.1637597503662107
55.639674900012324,2.1631611999511717,-9.627084875488281,-2.123656872558594
55.64917060002335,2.1883003173828124,-9.56962403564453,-2.1314380279541014
55.658917100023245,2.1679496032714844,-9.564835632324218,-2.0937293518066404
55.668561400001636,2.1709423553466793,-9.59536170349121,-2.1404162841796874
55.677587200014386,2.1164742675781247,-9.57022258605957,-2.129642376708984
55.68680770002538,2.1733365570068357,-9.565434182739256,-2.1152771667480468
55.69661330000963,2.166752502441406,-9.598354455566406,-2.1314380279541014
55.70668890001252,2.1835119140624997,-9.597755905151367,-2.1248539733886718
55.71539290001965,2.1404162841796874,-9.606734161376952,-2.1230583221435544
55.72590990000754,2.1727380065917967,-9.589376199340819,-2.1643583007812497
55.735226100019645,2.2062568298339844,-9.627683425903319,-2.1230583221435544
55.74591900000814,2.1888988677978514,-9.592368951416015,-2.1398177337646485
55.754374800017104,2.1434090362548828,-9.591171850585937,-2.120065570068359
55.76417229999788,2.1829133636474607,-9.589974749755859,-2.137423532104492
55.77371390000917,2.204461178588867,-9.625887774658203,-2.1260510742187497
55.782725500001106,2.1434090362548828,-9.592368951416015,-2.11946701965332
55.79109720000997,2.175132208251953,-9.582193594360351,-2.120065570068359
55.79894000000786,2.1978771240234374,-9.612719665527344,-2.1110873138427735
55.80810350002139,2.1398177337646485,-9.619303720092773,-2.1230583221435544
55.818960100004915,2.1733365570068357,-9.60194575805664,-2.1218612213134764
55.82868000000599,2.1505916412353514,-9.619902270507811,-2.129043826293945
55.83753879999858,2.1547814941406247,-9.631274728393555,-2.1152771667480468
55.84654520000913,2.1308394775390624,-9.62109937133789,-2.1487959899902345
55.85613359999843,2.152387292480469,-9.628880526733397,-2.1547814941406247
55.86567080000532,2.1535843933105467,-9.578602291870117,-2.164956851196289
55.875665900006425,2.15777424621582,-9.616909518432617,-2.1440075866699217
55.88533099999768,2.1805191619873048,-9.61451531677246,-2.109291662597656
55.89477970000007,2.155978594970703,-9.590573300170897,-2.114678616333008
55.90445750000072,2.147598889160156,-9.627683425903319,-2.127846725463867
55.91368600001442,2.114080065917969,-9.624092123413085,-2.1356278808593747
55.92289120002533,2.129043826293945,-9.582193594360351,-2.123656872558594
55.93330750000314,2.1350293304443357,-9.603142858886718,-2.133832229614258
55.94343400001526,2.1691467041015624,-9.59536170349121,-2.1068974609374997
55.95294350001495,2.1260510742187497,-9.637260232543944,-2.109890213012695
55.96227430002182,2.1398177337646485,-9.598354455566406,-2.1308394775390624
55.97072959999787,2.184709014892578,-9.61451531677246,-2.1260510742187497
55.97890770001686,2.133233679199219,-9.645639938354492,-2.120065570068359
55.985813300008886,2.142810485839844,-9.590573300170897,-2.129642376708984
55.9940448999987,2.1601684478759764,-9.620500820922851,-2.1505916412353514
56.003051900013816,2.157175695800781,-9.599551556396484,-2.110488763427734
56.011410700011766,2.176329309082031,-9.60194575805664,-2.1499930908203124
56.02245550000225,2.129642376708984,-9.599551556396484,-2.109291662597656
56.03741310001351,2.1314380279541014,-9.613916766357422,-2.129642376708984
56.05557470000349,2.129642376708984,-9.6151138671875,-2.104503259277344
56.06947040001978,2.1978771240234374,-9.609726913452148,-2.127248175048828
56.07885580000584,2.127248175048828,-9.588777648925781,-2.1062989105224608
56.09224430000177,2.195482922363281,-9.616310968017578,-2.080561242675781
56.10321770000155,2.175730758666992,-9.597755905151367,-2.117671368408203
56.11257470000419,2.1823148132324217,-9.624690673828125,-2.126649624633789
56.12523410000722,2.1601684478759764,-9.604938510131836,-2.1314380279541014
56.13547800001106,2.1877017669677734,-9.58279214477539,-2.1074960113525387
56.14705870000762,2.1685481536865234,-9.584587796020507,-2.1446061370849607
56.1579519000079,2.1643583007812497,-9.590573300170897,-2.124255422973633
56.16958240000531,2.166153952026367,-9.591770401000977,-2.108094561767578
56.180480200011516,2.1356278808593747,-9.579799392700195,-2.0973206542968748
56.19308320002165,2.1452046874999997,-9.619902270507811,-2.138022082519531
56.20493050001096,2.1835119140624997,-9.613318215942382,-2.1416133850097654
56.21653450001031,2.1529858428955078,-9.606135610961914,-2.1326351287841794
56.2262316000124,2.152387292480469,-9.626486325073241,-2.1158757171630858
56.236693200015,2.1589713470458984,-9.61451531677246,-2.1356278808593747
56.24796600002446,2.1505916412353514,-9.58339069519043,-2.1021090576171875
56.2583235000202,2.1829133636474607,-9.628880526733397,-2.1631611999511717
56.27097660000436,2.17692785949707,-9.62109937133789,-2.1434090362548828
56.28123829999822,2.186504666137695,-9.586383447265625,-2.1110873138427735
56.291291700006695,2.1547814941406247,-9.603741409301758,-2.1314380279541014
56.301896300021326,2.1709423553466793,-9.58279214477539,-2.1499930908203124
56.312472899997374,2.175132208251953,-9.626486325073241,-2.1302409271240235
56.323440700012725,2.155380044555664,-9.642647186279296,-2.1206641204833985
56.334584399999585,2.1589713470458984,-9.641450085449218,-2.155978594970703
56.34435980001581,2.1877017669677734,-9.613318215942382,-2.1116858642578125
56.351284900010796,2.155380044555664,-9.613318215942382,-2.138022082519531
56.35814170000958,2.164956851196289,-9.630077627563477,-2.104503259277344
56.366219000017736,2.1924901702880857,-9.628281976318359,-2.1416133850097654
56.373646000021836,2.1793220611572264,-9.596558804321289,-2.1547814941406247
56.38184960000217,2.21523508605957,-9.612121115112304,-2.120065570068359
56.39141060001566,2.166752502441406,-9.591171850585937,-2.155380044555664
56.40709280001465,2.156577145385742,-9.582193594360351,-2.105700360107422
56.41712150000967,2.166752502441406,-9.579799392700195,-2.1613655487060544
56.42461290000938,2.118868469238281,-9.561842880249023,-2.1033061584472654
56.4326225000259,2.184709014892578,-9.627084875488281,-2.0973206542968748
56.44640840002103,2.1583727966308595,-9.647435589599608,-2.128445275878906
56.46901739999885,2.1930887207031247,-9.616909518432617,-2.1517887420654294
56.49193220000598,2.1416133850097654,-9.617508068847656,-2.1350293304443357
56.51268670000718,2.166153952026367,-9.603741409301758,-2.1230583221435544
56.531316200009314,2.185906115722656,-9.598354455566406,-2.1356278808593747
56.55650560001959,2.1781249603271484,-9.618106619262695,-2.109890213012695
56.57535920001101,2.1811177124023438,-9.63307037963867,-2.1033061584472654
56.59588330000406,2.1805191619873048,-9.572616787719726,-2.1350293304443357
56.61718960001599,2.1906945190429687,-9.622895022583007,-2.124255422973633
56.637395199999446,2.1541829437255857,-9.616310968017578,-2.109890213012695
56.65594220001367,2.1511901916503904,-9.549273321533203,-2.152387292480469
56.67439140001079,2.1906945190429687,-9.625289224243163,-2.120065570068359
56.690758700016886,2.155380044555664,-9.580996493530273,-2.1074960113525387
56.70730410001124,2.1511901916503904,-9.610325463867188,-2.133832229614258
56.72228180000093,2.156577145385742,-9.630077627563477,-2.126649624633789
56.73672600000282,2.1505916412353514,-9.631274728393555,-2.1487959899902345
56.751839200005634,2.174533657836914,-9.60194575805664,-2.146401788330078
56.76369980000891,2.1703438049316404,-9.60852981262207,-2.139219183349609
56.775571000005584,2.142810485839844,-9.586981997680663,-2.1248539733886718
56.786787100019865,2.1679496032714844,-9.577405191040038,-2.1122844146728514
56.79634880000958,2.1230583221435544,-9.61451531677246,-2.1326351287841794
56.814665400015656,2.129043826293945,-9.585784896850585,-2.1697452545166014
56.8341999000113,2.1601684478759764,-9.579799392700195,-2.1033061584472654
56.85316560001229,2.1685481536865234,-9.634866030883789,-2.1116858642578125
56.87362710002344,2.1697452545166014,-9.587580548095703,-2.1404162841796874
56.89187540000421,2.1487959899902345,-9.651625442504882,-2.1434090362548828
56.911120900011156,2.1613655487060544,-9.59476315307617,-2.1260510742187497
56.93403820000822,2.175132208251953,-9.600748657226562,-2.110488763427734
56.95458879999933,2.1452046874999997,-9.576806640625,-2.15777424621582
56.97422110001207,2.1721394561767577,-9.606734161376952,-2.1410148345947264
56.99341920000734,2.1739351074218747,-9.616310968017578,-2.1122844146728514
57.012171900016256,2.1344307800292968,-9.630077627563477,-2.1260510742187497
57.028567200002726,2.1715409057617188,-9.613916766357422,-2.104503259277344
57.04405530000804,2.1446061370849607,-9.623493572998047,-2.080561242675781
57.0592768000206,2.1493945404052734,-9.620500820922851,-2.11946701965332
57.072441600001184,2.1883003173828124,-9.609726913452148,-2.142810485839844
57.0842814000207,2.145803237915039,-9.569025485229492,-2.1122844146728514
57.096858200005954,2.214636535644531,-9.61451531677246,-2.1511901916503904
57.10699950001435,2.118868469238281,-9.65342109375,-2.1398177337646485
57.1207243000099,2.1326351287841794,-9.61451531677246,-2.155380044555664
57.13335960000404,2.156577145385742,-9.64025298461914,-2.127248175048828
57.147484500019345,2.1302409271240235,-9.63366893005371,-2.155978594970703
57.16249080002308,2.1595698974609374,-9.62169792175293,-2.1739351074218747
57.17534600000363,2.1625626495361328,-9.603741409301758,-2.090138049316406
57.18765940002049,2.127846725463867,-9.591171850585937,-2.117671368408203
57.20027060000575,2.1398177337646485,-9.627084875488281,-2.126649624633789
57.212761900009355,2.1505916412353514,-9.575609539794922,-2.1637597503662107
57.22551650000969,2.1685481536865234,-9.578003741455078,-2.1541829437255857
57.23809440000332,2.1966800231933594,-9.612121115112304,-2.1314380279541014
57.251413999998476,2.184110464477539,-9.553463174438477,-2.146401788330078
57.26922860002378,2.1529858428955078,-9.594164602661133,-2.1356278808593747
57.281280700000934,2.1715409057617188,-9.600748657226562,-2.166752502441406
57.29460069999914,2.129043826293945,-9.63307037963867,-2.105101809692383
57.31004589999793,2.1637597503662107,-9.566631283569336,-2.148197439575195
57.324502200004645,2.185906115722656,-9.597755905151367,-2.139219183349609
57.33686040001339,2.1972785736083984,-9.606734161376952,-2.117671368408203
57.34889100000146,2.1505916412353514,-9.583989245605467,-2.127248175048828
57.36064730002545,2.1422119354248044,-9.585784896850585,-2.1302409271240235
57.37482570001157,2.166153952026367,-9.586981997680663,-2.114678616333008
57.388226700015366,2.155380044555664,-9.627084875488281,-2.1440075866699217
57.40049700002419,2.1062989105224608,-9.610924014282226,-2.1152771667480468
57.41259300001548,2.165555401611328,-9.579200842285156,-2.13862063293457
57.43736940002418,2.1613655487060544,-9.627683425903319,-2.118868469238281
57.458340500015765,2.1326351287841794,-9.602544308471678,-2.1122844146728514
57.47902090000571,2.156577145385742,-9.583989245605467,-2.1404162841796874
57.501327800011495,2.165555401611328,-9.632471829223633,-2.137423532104492
57.52236130001256,2.1781249603271484,-9.597755905151367,-2.0931308013916015
57.54482300000382,2.1703438049316404,-9.617508068847656,-2.1326351287841794
57.56503110000631,2.166752502441406,-9.632471829223633,-2.147598889160156
57.58683280000696,2.165555401611328,-9.62169792175293,-2.1487959899902345
57.60924520000117,2.2002713256835937,-9.631274728393555,-2.1254525238037107
57.62956700002542,2.152387292480469,-9.63366893005371,-2.1164742675781247
57.64786090000416,2.139219183349609,-9.60793126220703,-2.126649624633789
57.6617619000026,2.194285821533203,-9.622895022583007,-2.152387292480469
57.676911800022935,2.147598889160156,-9.61451531677246,-2.0967221038818358
57.68933910000487,2.1781249603271484,-9.616909518432617,-2.0973206542968748
57.70278469999903,2.175132208251953,-9.592967501831055,-2.146401788330078
57.71698280001874,2.1811177124023438,-9.620500820922851,-2.1440075866699217
57.73094810001203,2.1619640991210938,-9.609128363037108,-2.117072817993164
57.74354930000845,2.166153952026367,-9.592967501831055,-2.108693112182617
57.7564146000077,2.1679496032714844,-9.59536170349121,-2.114678616333008
57.768805900006555,2.1781249603271484,-9.628880526733397,-2.1356278808593747
57.781761500024004,2.1511901916503904,-9.59536170349121,-2.110488763427734
57.795181699999375,2.137423532104492,-9.612121115112304,-2.146401788330078
57.80902600000263,2.138022082519531,-9.593566052246093,-2.1637597503662107
57.82256560001406,2.138022082519531,-9.589376199340819,-2.147598889160156
57.836048400000436,2.1685481536865234,-9.60194575805664,-2.1206641204833985
57.85077320001437,2.1416133850097654,-9.559448678588867,-2.1404162841796874
57.864707000000635,2.136824981689453,-9.586981997680663,-2.166153952026367
57.88281970002572,2.186504666137695,-9.598953005981445,-2.1440075866699217
57.90201250000973,2.1631611999511717,-9.59476315307617,-2.142810485839844
57.9215485000168,2.1535843933105467,-9.603741409301758,-2.1212626708984375
57.94111460002023,2.15777424621582,-9.624690673828125,-2.118868469238281
57.95791080000345,2.155978594970703,-9.60793126220703,-2.1164742675781247
57.97801660001278,2.1733365570068357,-9.551667523193359,-2.1158757171630858
57.99696190000395,2.1637597503662107,-9.60793126220703,-2.1619640991210938
58.01540360000217,2.146401788330078,-9.626486325073241,-2.1218612213134764
58.02936860002228,2.1434090362548828,-9.613318215942382,-2.114080065917969
58.04322030002368,2.1733365570068357,-9.588179098510741,-2.1110873138427735
58.05887430001167,2.1505916412353514,-9.589974749755859,-2.1260510742187497
58.07446530001471,2.1254525238037107,-9.596558804321289,-2.095525003051758
58.0890875000041,2.123656872558594,-9.587580548095703,-2.1589713470458984
58.104044400010025,2.1320365783691404,-9.599551556396484,-2.11946701965332
58.11848220002139,2.1637597503662107,-9.595960253906249,-2.128445275878906
58.1373653000046,2.1643583007812497,-9.602544308471678,-2.0979192047119137
58.15743140000268,2.164956851196289,-9.591770401000977,-2.1308394775390624
58.173359900014475,2.1631611999511717,-9.591770401000977,-2.139219183349609
58.19241489999695,2.1900959686279298,-9.59476315307617,-2.090138049316406
58.212374299997464,2.1625626495361328,-9.588777648925781,-2.1505916412353514
58.23330350001925,2.186504666137695,-9.610325463867188,-2.138022082519531
58.253257300006226,2.1452046874999997,-9.561244329833984,-2.1027076080322264
58.27386040001875,2.137423532104492,-9.627683425903319,-2.1326351287841794
58.292503600008786,2.147598889160156,-9.603741409301758,-2.127248175048828
58.327054399996996,2.1529858428955078,-9.628880526733397,-2.1302409271240235
58.354531300021335,2.2002713256835937,-9.64025298461914,-2.166752502441406
58.368515300011495,2.1727380065917967,-9.602544308471678,-2.1416133850097654
58.38147160000517,2.1434090362548828,-9.613916766357422,-2.1122844146728514
58.39835390000371,2.1493945404052734,-9.600150106811522,-2.1314380279541014
58.411338800011436,2.1535843933105467,-9.59476315307617,-2.147000338745117
58.42576900002314,2.1248539733886718,-9.645639938354492,-2.1487959899902345
58.43852210001205,2.1631611999511717,-9.619902270507811,-2.1613655487060544
58.45137250001426,2.1493945404052734,-9.617508068847656,-2.129043826293945
58.4643144000147,2.1314380279541014,-9.57022258605957,-2.11946701965332
58.47805590002099,2.1410148345947264,-9.613916766357422,-2.118269918823242
58.492789500014624,2.194884371948242,-9.610325463867188,-2.1404162841796874
58.506299200002104,2.1446061370849607,-9.60852981262207,-2.118269918823242
58.51957630002289,2.1817162628173827,-9.628281976318359,-2.128445275878906
58.533859300019685,2.167351052856445,-9.625887774658203,-2.0925322509765625
58.55264710000483,2.139219183349609,-9.592967501831055,-2.133233679199219
58.571783100022,2.1739351074218747,-9.598953005981445,-2.142810485839844
58.591998700023396,2.146401788330078,-9.639055883789062,-2.117072817993164
58.61254790000385,2.1883003173828124,-9.596558804321289,-2.117072817993164
58.63201040000422,2.142810485839844,-9.577405191040038,-2.1416133850097654
58.65222400001949,2.13862063293457,-9.561244329833984,-2.118269918823242
58.67335870000534,2.138022082519531,-9.588777648925781,-2.175730758666992
58.69305910001276,2.2487539093017577,-9.638457333374022,-2.118868469238281
58.71309660002589,2.2403742034912106,-9.607332711791992,-2.1116858642578125
58.733416800008854,2.1888988677978514,-9.651026892089844,-2.1344307800292968
58.75060349999694,2.114678616333008,-9.510966094970703,-2.1541829437255857
58.767470999999205,2.1122844146728514,-9.606734161376952,-2.1326351287841794
58.78628900001058,2.123656872558594,-9.603142858886718,-2.1398177337646485
58.80258020001929,2.15777424621582,-9.642647186279296,-2.1308394775390624
58.82005830001435,2.1679496032714844,-9.595960253906249,-2.1416133850097654
58.839114700007485,2.1811177124023438,-9.623493572998047,-2.1589713470458984
58.85675330000231,2.0979192047119137,-9.560047229003906,-2.1158757171630858
58.874180500017246,2.133233679199219,-9.618705169677733,-2.1015105072021485
58.889297700021416,2.156577145385742,-9.613916766357422,-2.147000338745117
58.90603559999727,2.133233679199219,-9.577405191040038,-2.1230583221435544
58.925049200013746,2.1595698974609374,-9.565434182739256,-2.1541829437255857
58.94061800002237,2.1350293304443357,-9.60194575805664,-2.1595698974609374
58.95781020002323,2.1398177337646485,-9.63307037963867,-2.126649624633789
58.97521030000644,2.138022082519531,-9.574412438964844,-2.11946701965332
58.99431960002403,2.184709014892578,-9.617508068847656,-2.099714855957031
59.011944500001846,2.1535843933105467,-9.605537060546874,-2.128445275878906
59.032872100011446,2.142810485839844,-9.626486325073241,-2.1529858428955078
59.051904699997976,2.1440075866699217,-9.610924014282226,-2.1122844146728514
59.075195100012934,2.1739351074218747,-9.589376199340819,-2.155978594970703
59.09703520001494,2.232593048095703,-9.650428341674804,-2.1015105072021485
59.11351520000608,2.1541829437255857,-9.597157354736327,-2.1260510742187497
59.131322300003376,2.098517755126953,-9.585186346435547,-2.1260510742187497
59.146643300016876,2.1541829437255857,-9.597755905151367,-2.142810485839844
59.1621129999985,2.1883003173828124,-9.64623848876953,-2.129642376708984
59.17446030001156,2.1452046874999997,-9.652223992919922,-2.1356278808593747
59.188368200004334,2.185307565307617,-9.65342109375,-2.123656872558594
59.202113400009694,2.1446061370849607,-9.630077627563477,-2.099714855957031
59.216733300010674,2.1679496032714844,-9.616310968017578,-2.1601684478759764
59.231578000006266,2.2026655273437497,-9.602544308471678,-2.139219183349609
59.2475803999987,2.175132208251953,-9.629479077148437,-2.139219183349609
59.264532100001816,2.1643583007812497,-9.603142858886718,-2.136824981689453
59.2833250000258,2.1452046874999997,-9.605537060546874,-2.108693112182617
59.295765500020934,2.1733365570068357,-9.624092123413085,-2.147000338745117
59.30626510002185,2.152387292480469,-9.60793126220703,-2.104503259277344
59.316930700006196,2.1619640991210938,-9.623493572998047,-2.109291662597656
59.32928800000809,2.1631611999511717,-9.576806640625,-2.1535843933105467
59.34083010000177,2.17692785949707,-9.60194575805664,-2.120065570068359
59.35634410000057,2.1404162841796874,-9.609128363037108,-2.1224597717285154
59.37173530002474,2.1685481536865234,-9.616909518432617,-2.136824981689453
59.38285250001354,2.1452046874999997,-9.585186346435547,-2.1452046874999997
59.39340240001911,2.164956851196289,-9.596558804321289,-2.10031340637207
59.404607100004796,2.1685481536865234,-9.598953005981445,-2.117072817993164
59.41883210002561,2.155978594970703,-9.592368951416015,-2.128445275878906
59.432693500013556,2.13862063293457,-9.59536170349121,-2.1039047088623044
59.44292170001427,2.203264077758789,-9.586383447265625,-2.1314380279541014
59.454036200011615,2.1996727752685548,-9.592967501831055,-2.1134815155029294
59.46929780000937,2.142810485839844,-9.606734161376952,-2.117072817993164
59.480761800019536,2.13862063293457,-9.628281976318359,-2.1434090362548828
59.50324510000064,2.1440075866699217,-9.580996493530273,-2.1260510742187497
59.521123000013176,2.185307565307617,-9.632471829223633,-2.094926452636719
59.53670310002053,2.1434090362548828,-9.63366893005371,-2.147000338745117
59.55889700000989,2.1535843933105467,-9.628281976318359,-2.1158757171630858
59.57700520000071,2.1643583007812497,-9.592368951416015,-2.1158757171630858
59.593024700006936,2.1589713470458984,-9.634267480468749,-2.1416133850097654
59.61047620000318,2.1350293304443357,-9.634866030883789,-2.108094561767578
59.62827310001012,2.147598889160156,-9.605537060546874,-2.127248175048828
59.648731200024486,2.1883003173828124,-9.602544308471678,-2.1224597717285154
59.66570420001517,2.1487959899902345,-9.595960253906249,-2.1068974609374997
59.68281620001653,2.212242333984375,-9.595960253906249,-2.1152771667480468
59.700035000016214,2.184110464477539,-9.624092123413085,-2.1410148345947264
59.714665300009074,2.1601684478759764,-9.591171850585937,-2.133233679199219
59.729028800007654,2.167351052856445,-9.612121115112304,-2.099714855957031
59.74115220000385,2.1601684478759764,-9.604339959716796,-2.128445275878906
59.7522737000254,2.157175695800781,-9.603741409301758,-2.1033061584472654
59.76580829999875,2.152387292480469,-9.612719665527344,-2.142810485839844
59.78027060002205,2.1446061370849607,-9.58279214477539,-2.157175695800781
59.7951656000223,2.1535843933105467,-9.625289224243163,-2.1583727966308595
59.81231220002519,2.152387292480469,-9.610924014282226,-2.137423532104492
59.82441940001445,2.133233679199219,-9.644442837524414,-2.108094561767578
59.837046600005124,2.1601684478759764,-9.615712417602538,-2.104503259277344
59.84862430000794,2.1398177337646485,-9.59536170349121,-2.136824981689453
59.858828299999004,2.1637597503662107,-9.60852981262207,-2.1254525238037107
59.869680600007996,2.1829133636474607,-9.654019644165038,-2.1212626708984375
59.88022140000248,2.1224597717285154,-9.65282254333496,-2.138022082519531
59.890176100016106,2.1793220611572264,-9.620500820922851,-2.104503259277344
59.89896960000624,2.164956851196289,-9.569025485229492,-2.110488763427734
59.909157900023274,2.1224597717285154,-9.586383447265625,-2.0937293518066404
59.9229363000195,2.1422119354248044,-9.610325463867188,-2.1068974609374997
59.93827350001084,2.139219183349609,-9.622895022583007,-2.137423532104492
59.95548620002228,2.2014684265136717,-9.572616787719726,-2.1206641204833985
59.97253290002118,2.184709014892578,-9.613916766357422,-2.1547814941406247
59.9900054000027,2.1206641204833985,-9.612719665527344,-2.1326351287841794
60.00751640001545,2.1511901916503904,-9.558251577758789,-2.1027076080322264
