time_s,ax_m_s2,ay_m_s2,az_m_s2
0.011392699991120026,2.1398177337646485,-9.585784896850585,-2.205658279418945
0.022304699989035726,2.1404162841796874,-9.584587796020507,-2.224811892700195
0.03397129999939352,2.1715409057617188,-9.571419686889648,-2.231395947265625
0.04752089999965392,2.157175695800781,-9.554061724853515,-2.1829133636474607
0.05796149998786859,2.1517887420654294,-9.590573300170897,-2.223614791870117
0.06987089998438023,2.147000338745117,-9.59476315307617,-2.241571304321289
0.07814729999518022,2.204461178588867,-9.606734161376952,-2.231994497680664
0.08564689999911934,2.194285821533203,-9.589974749755859,-2.2403742034912106
0.09236260000034235,2.1320365783691404,-9.6013472076416,-2.2565350646972653
0.1008981000049971,2.2457611572265623,-9.549273321533203,-2.164956851196289
0.10829169998760335,2.1990742248535153,-9.57620809020996,-2.223016241455078
0.11889889999292791,2.1511901916503904,-9.578602291870117,-2.212840884399414
0.1283380999811925,2.1990742248535153,-9.578602291870117,-2.252345211791992
0.1382593000016641,2.193687271118164,-9.623493572998047,-2.2206220397949217
0.14841779999551363,2.1894974182128903,-9.624690673828125,-2.2397756530761717
0.15815039997687563,2.155978594970703,-9.573813888549804,-2.175132208251953
0.16968699998687953,2.1416133850097654,-9.570821136474608,-2.1972785736083984
0.17946990000200458,2.137423532104492,-9.576806640625,-2.2266075439453124
0.18722989998059347,2.13862063293457,-9.604938510131836,-2.243366955566406
0.19438279999303631,2.1547814941406247,-9.610924014282226,-2.1781249603271484
0.20152420000522397,2.1799206115722654,-9.562441430664062,-2.1978771240234374
0.20867719998932444,2.155978594970703,-9.594164602661133,-2.2098481323242187
0.21669819997623563,2.185307565307617,-9.579200842285156,-2.1894974182128903
0.2240713999781292,2.138022082519531,-9.588777648925781,-2.2062568298339844
0.23175269999774173,2.1823148132324217,-9.589974749755859,-2.214636535644531
0.23939319999772124,2.152387292480469,-9.564835632324218,-2.2254104431152344
0.24679119998472743,2.142810485839844,-9.61451531677246,-2.2170307373046874
0.25395769998431206,2.147598889160156,-9.5630399810791,-2.231994497680664
0.26144339999882504,2.1697452545166014,-9.585186346435547,-2.224811892700195
0.2688586000003852,2.142810485839844,-9.613916766357422,-2.1912930694580077
0.2760561000031885,2.155380044555664,-9.598953005981445,-2.1984756744384764
0.28328020000481047,2.186504666137695,-9.63307037963867,-2.185906115722656
0.2905290999915451,2.1487959899902345,-9.560645779418945,-2.2403742034912106
0.2981697999930475,2.1984756744384764,-9.572018237304688,-2.205059729003906
0.3057991999958176,2.117072817993164,-9.604938510131836,-2.2284031951904297
0.3123835999867879,2.1547814941406247,-9.589376199340819,-2.2170307373046874
0.3221456999890506,2.1529858428955078,-9.616909518432617,-2.2080524810791013
0.3411928999994416,2.1511901916503904,-9.600150106811522,-2.224811892700195
0.3566067999927327,2.166752502441406,-9.612121115112304,-2.2284031951904297
0.36962009998387657,2.1511901916503904,-9.594164602661133,-2.2475568084716797
0.3868493000045419,2.165555401611328,-9.532513909912108,-2.2020669769287107
0.4039917000045534,2.1529858428955078,-9.622296472167967,-2.1990742248535153
0.42188189999433234,2.157175695800781,-9.636063131713867,-2.203862628173828
0.4404997999954503,2.1607669982910154,-9.594164602661133,-2.185906115722656
0.45619989998522215,2.1691467041015624,-9.6151138671875,-2.2391771026611327
0.47396639999351464,2.1583727966308595,-9.627084875488281,-2.2301988464355467
0.48919480000040494,2.1835119140624997,-9.547477670288085,-2.203862628173828
0.5044505999831017,2.1589713470458984,-9.47445451965332,-2.2200234893798827
0.5197981999954209,2.204461178588867,-9.652223992919922,-2.1511901916503904
0.5389636000036262,1.2198457458496093,-9.62169792175293,-1.599925259399414
0.5561647999857087,0.39983167724609375,-11.03906530456543,0.6572083557128906
0.5805608999799006,-1.1516109985351561,-12.937068670654297,0.49260699157714843
0.5897583999903873,5.417479806518554,7.940369805908203,-15.77539473876953
0.5992642999917734,10.40639751586914,-19.6133,-4.661510632324219
0.6104364999919198,1.8411410766601561,-8.79749400024414,-0.20470424194335937
0.6260974000033457,2.418143676757812,-10.8409451171875,0.9564835632324218
0.6365627000050154,3.450044592285156,-8.902240322875976,-0.5781997009277343
0.6507333999907132,4.285022421264649,-8.56765064086914,-1.044470474243164
0.6649165999842808,3.354875076293945,-9.075819943237304,-1.208473287963867
0.6799876999866683,3.417722869873047,-9.683348614501952,-1.859097589111328
0.6912546999810729,3.4350808319091795,-9.59536170349121,-1.7477672119140624
0.7013852999953087,1.9662381134033202,-9.6013472076416,-0.12449848632812499
0.7118353999976534,2.455253802490234,-9.737816702270507,-0.4417302062988281
0.721657399990363,2.8317420135498046,-9.53790086364746,-1.543062969970703
0.7281648999778554,2.712630480957031,-9.545682019042967,-1.467047067260742
0.7344008999934886,2.066794583129883,-9.309254605102538,-1.2204442962646485
0.7418371999810915,2.4756045166015626,-10.045471615600585,-0.8469488372802734
0.7497118999890517,2.6036943054199218,-9.935936889648437,-1.1713631622314453
0.7577243999985512,2.6755203552246094,-9.447519750976562,-1.4125789794921875
0.7636794999998529,2.645592834472656,-9.606135610961914,-0.8475473876953125
0.7715972999867518,2.2188263885498047,-9.521141452026367,-0.5255272644042969
0.7830148999928497,2.433107437133789,-9.721655841064452,-1.042674822998047
0.7945878999889828,2.6850971618652344,-9.573813888549804,-1.1845312713623046
0.8067971999989823,2.415150924682617,-9.566032733154296,-0.7709329345703124
0.8204158000007737,2.492363928222656,-9.652223992919922,-1.2102689392089843
0.8312787000031676,2.4779987182617185,-9.713276135253906,-0.8840589630126953
0.8415300999768078,2.42592483215332,-9.553463174438477,-0.8732850555419921
0.8522582000005059,2.541445062255859,-9.660603698730467,-1.0438719238281249
0.863960099988617,2.4863784240722655,-9.734225399780273,-0.8954314208984374
0.8731001999985892,2.46423205871582,-9.632471829223633,-0.9810241302490234
0.8788270999793895,2.513313192749023,-9.658808047485351,-0.9804255798339843
0.8854453999956604,2.4672248107910155,-9.674968908691406,-0.9900023864746094
0.8945212999824435,2.493561029052734,-9.627084875488281,-0.9576806640625
0.9021380000049248,2.551021868896484,-9.62169792175293,-1.1623849060058593
0.9104233999969438,2.6204537170410154,-9.819818109130859,-1.3305775726318358
0.9178474999789614,2.492363928222656,-9.634267480468749,-0.9247603912353515
0.927223699982278,2.3523031311035156,-9.636661682128906,-0.5877765075683593
0.9352018999925349,2.597110250854492,-9.636063131713867,-0.8547299926757812
0.9495932999998331,2.5761609863281247,-9.694721072387695,-1.0486603271484374
0.9666949999809731,2.491765377807617,-9.706692080688477,-0.9091980804443359
0.9856551999982912,2.450465399169922,-9.622895022583007,-0.9498995086669921
1.0037268000014592,2.4971523315429685,-9.635464581298828,-0.9989806427001953
1.0238364999822807,2.540247961425781,-9.537302313232422,-1.111508120727539
1.042710799985798,2.3774422485351563,-9.758765966796874,-0.9020154754638672
1.0631755999929737,2.4953566802978515,-9.60852981262207,-0.9427169036865234
1.083687899983488,2.536656658935547,-9.662399349975585,-1.0989385620117187
1.1030006999790203,2.5438392639160154,-9.719261639404296,-0.9941922393798828
1.123701100004837,2.518101596069336,-9.766547122192382,-0.9816226806640624
1.1423259000002872,2.518700146484375,-9.55106897277832,-0.9546879119873046
1.1629970999783836,2.4947581298828125,-9.718064538574218,-1.044470474243164
1.1815841999778058,2.455852352905273,-9.600748657226562,-0.9612719665527343
1.2013647999847308,2.480991470336914,-9.658209497070311,-0.9876081848144531
1.2199811000027694,2.4774001678466795,-9.607332711791992,-0.9433154541015625
1.2368954999838024,2.54084651184082,-9.681552963256836,-1.005564697265625
1.2552269999869168,2.531868255615234,-9.656413845825195,-0.9708487731933593
1.274234799988335,2.4768016174316405,-9.688137017822266,-0.9762357269287109
1.2937177999992855,2.516904495239258,-9.603142858886718,-0.9433154541015625
1.313075599988224,2.463633508300781,-9.68454571533203,-0.9600748657226562
1.3329061999975238,2.498947982788086,-9.672574707031249,-0.9726444244384765
1.3492270999995526,2.445676995849609,-9.686939916992188,-0.9720458740234375
1.3661520000023302,2.5288755035400388,-9.680954412841796,-0.9876081848144531
1.3855499999772292,2.522889999389648,-9.631274728393555,-0.968454571533203
1.4056631999847014,2.491765377807617,-9.667187753295899,-0.9995791931152344
1.4242811999865808,2.522291448974609,-9.654019644165038,-0.9361328491210937
1.4425673999940045,2.5378537597656248,-9.673771807861328,-0.939125601196289
1.4618518999777734,2.4869769744873045,-9.661800799560547,-1.0001777435302734
1.4784625000029337,2.4911668273925778,-9.595960253906249,-0.9750386260986328
1.4951429999782704,2.461837857055664,-9.706093530273437,-1.015740054321289
1.5107769999885932,2.4516625,-9.655216744995117,-0.93852705078125
1.5270677999942563,2.539649411010742,-9.594164602661133,-1.0193313568115234
1.5430292999953963,2.464830609130859,-9.630077627563477,-0.9594763153076171
1.5578593999962322,2.52169289855957,-9.750386260986328,-0.9852139831542969
1.5735820999834687,2.527079852294922,-9.651625442504882,-0.9636661682128905
1.5888698999769986,2.473808865356445,-9.692326870727538,-0.9840168823242187
1.6067517999908887,2.513313192749023,-9.64623848876953,-0.9145850341796874
1.6260576999920886,2.492363928222656,-9.71028338317871,-0.9756371765136718
1.643381000001682,2.437297290039062,-9.72285294189453,-0.8924386688232422
1.661849500000244,2.6306290740966793,-9.6917283203125,-1.1324573852539062
1.6805021000036504,2.3738509460449215,-9.557653027343749,-0.8798691101074219
1.698008299979847,2.4899697265625,-9.686939916992188,-0.9666589202880859
1.7149930000014137,2.497750881958008,-9.629479077148437,-0.9911994873046874
1.7328621000051498,2.4690204620361325,-9.724648593139648,-1.0235212097167967
1.7487186999933328,2.4953566802978515,-9.57620809020996,-0.9109937316894531
1.7650391999923158,2.4756045166015626,-9.69771382446289,-1.0115502014160156
1.781336599990027,2.480991470336914,-9.631873278808593,-0.9726444244384765
1.797466899995925,2.500145083618164,-9.7162688873291,-0.97683427734375
1.8133550999918953,2.4768016174316405,-9.654618194580078,-0.9415198028564452
1.8301917999924626,2.4211364288330075,-9.624092123413085,-1.0091559997558592
1.8464787999982946,2.460042205810547,-9.672574707031249,-0.9744400756835937
1.862084699998377,2.5240871002197265,-9.667786303710937,-0.9594763153076171
1.8782364999933634,2.4672248107910155,-9.670180505371093,-0.9858125335693358
1.8937338999821804,2.517503045654297,-9.67856021118164,-1.0001777435302734
1.9092966000025626,2.490568276977539,-9.663596450805663,-0.9558850128173828
1.9249432999931742,2.4666262603759765,-9.662997900390625,-1.006761798095703
1.9395892999891657,2.4863784240722655,-9.699509475708007,-0.9648632690429687
1.954558099998394,2.475005966186523,-9.705494979858399,-0.9864110839843749
1.969028099993011,2.4857798736572265,-9.695918173217773,-0.9900023864746094
1.9837906000029761,2.435501638793945,-9.654618194580078,-1.004966146850586
2.00008169998182,2.461837857055664,-9.686341366577148,-1.052251629638672
2.0163161999953445,2.4857798736572265,-9.63366893005371,-0.9618705169677734
2.0320661999867298,2.4594436553955075,-9.679158761596678,-1.0025719451904296
2.0463062999770045,2.421734979248047,-9.681552963256836,-1.0133458526611328
2.063782999990508,2.443282794189453,-9.658808047485351,-0.9846154327392578
2.0804843999794684,2.442085693359375,-9.651625442504882,-0.977432827758789
2.096276399999624,2.470217562866211,-9.667786303710937,-0.9798270294189453
2.1114520999835804,2.469619012451172,-9.692326870727538,-1.0109516510009764
2.1261090000043623,2.471414663696289,-9.627084875488281,-0.9528922607421875
2.14265309998882,2.4785972686767574,-9.649829791259766,-1.025316860961914
2.1606103999947663,2.4594436553955075,-9.599551556396484,-0.958877764892578
2.1789400999841746,2.473210314941406,-9.672574707031249,-0.9917980377197265
2.1966074999945704,2.4779987182617185,-9.67197615661621,-0.9822212310791015
2.2134111000050325,2.4959552307128905,-9.69831237487793,-0.9864110839843749
2.229106299986597,2.4768016174316405,-9.673771807861328,-0.9612719665527343
2.2417751000029966,2.513313192749023,-9.649829791259766,-0.9888052856445312
2.2582761999801733,2.4534581512451172,-9.66000514831543,-1.0031704956054688
2.2757504000037443,2.469619012451172,-9.651625442504882,-0.97683427734375
2.2958390999992844,2.4857798736572265,-9.69831237487793,-0.9630676177978515
2.315605899988441,2.4875755249023435,-9.71028338317871,-0.9834183319091796
2.3361297999799717,2.427720483398437,-9.612719665527344,-0.9756371765136718
2.350704799988307,2.480392919921875,-9.695918173217773,-0.9947907897949219
2.3657136999827344,2.488772625732422,-9.661202249145507,-0.9612719665527343
2.3804277000017464,2.455253802490234,-9.681552963256836,-0.9798270294189453
2.3948271999834105,2.503137835693359,-9.705494979858399,-1.0205284576416016
2.4115957999893,2.4486697479248045,-9.639055883789062,-0.9636661682128905
2.4275452999863774,2.490568276977539,-9.670779055786133,-1.014542953491211
2.44514959998196,2.461239306640625,-9.675567459106444,-0.9834183319091796
2.46460449998267,2.469619012451172,-9.650428341674804,-0.9840168823242187
2.483993100002408,2.4630349578857422,-9.712079034423828,-0.9540893615722655
2.5030204999784473,2.517503045654297,-9.68514426574707,-0.9558850128173828
2.5220681999926455,2.4785972686767574,-9.674968908691406,-0.9630676177978515
2.5368592999875546,2.48338567199707,-9.665990652465819,-1.0001777435302734
2.5514363999827765,2.482188571166992,-9.682750064086914,-0.9660603698730468
2.565013799990993,2.470217562866211,-9.683947164916992,-0.9977835418701171
2.5766039000009187,2.4444798950195312,-9.6917283203125,-0.9475053070068359
2.5902295999985654,2.469619012451172,-9.672574707031249,-0.9894038360595703
2.6007104000018444,2.4247277313232423,-9.674968908691406,-0.9558850128173828
2.613323700003093,2.518101596069336,-9.638457333374022,-0.9522937103271484
2.628215699980501,2.473808865356445,-9.667187753295899,-0.97683427734375
2.6362213999964297,2.4779987182617185,-9.697115274047851,-0.9917980377197265
2.644674099981785,2.4486697479248045,-9.673771807861328,-0.9696516723632812
2.655852900003083,2.454655252075195,-9.661202249145507,-0.9696516723632812
2.662902199983364,2.4756045166015626,-9.695319622802733,-0.9923965881347656
2.672518199979095,2.475005966186523,-9.649829791259766,-0.967856021118164
2.6871685999794863,2.4768016174316405,-9.674968908691406,-0.928950244140625
2.7027098999824375,2.4899697265625,-9.667187753295899,-0.9756371765136718
2.7172410999774,2.497750881958008,-9.67856021118164,-0.9834183319091796
2.7348341000033543,2.4444798950195312,-9.620500820922851,-0.9804255798339843
2.7477043999824673,2.509721890258789,-9.630676177978515,-1.004966146850586
2.7582059999986086,2.442085693359375,-9.644442837524414,-0.9750386260986328
2.769817599997623,2.472611764526367,-9.642048635864258,-0.948702407836914
2.780600300000515,2.4851813232421875,-9.669581954956055,-1.006761798095703
2.7909480999805965,2.47081611328125,-9.642647186279296,-0.987009634399414
2.8057210999832023,2.50253928527832,-9.655815295410155,-1.007360348510742
2.8217796999961138,2.484582772827148,-9.658209497070311,-0.9786299285888671
2.8387102999840863,2.482787121582031,-9.593566052246093,-0.9409212524414062
2.85488929998246,2.461837857055664,-9.662997900390625,-0.958877764892578
2.871490499994252,2.461837857055664,-9.664793551635741,-0.9959878906249999
2.889395699981833,2.483984222412109,-9.662399349975585,-0.9708487731933593
2.908314500004053,2.4774001678466795,-9.68514426574707,-0.9804255798339843
2.927772700000787,2.472611764526367,-9.62169792175293,-0.9983820922851562
2.94613009999739,2.501342184448242,-9.719261639404296,-0.9929951385498046
2.9650030999910086,2.491765377807617,-9.692326870727538,-0.9403227020263671
2.980792099988321,2.522291448974609,-9.702502227783203,-0.9433154541015625
2.999294799985364,2.443282794189453,-9.649829791259766,-0.987009634399414
3.0145482999796513,2.480392919921875,-9.703100778198241,-0.9708487731933593
3.0288440999865998,2.433107437133789,-9.631274728393555,-0.9906009368896483
3.042476699978579,2.50253928527832,-9.63307037963867,-0.9606734161376953
3.0567605999822263,2.470217562866211,-9.619303720092773,-0.968454571533203
3.072193600004539,2.46423205871582,-9.686341366577148,-0.9917980377197265
3.0905792999838013,2.488174075317383,-9.682151513671874,-0.9600748657226562
3.111056900001131,2.500145083618164,-9.637858782958984,-0.9528922607421875
3.129681199992774,2.454655252075195,-9.73661960144043,-0.9253589416503906
3.14447579998523,2.503137835693359,-9.64623848876953,-0.9804255798339843
3.1595397999917623,2.4762030670166015,-9.694122521972655,-0.9594763153076171
3.1746738999790978,2.4690204620361325,-9.744999307250977,-0.9732429748535155
3.188364699977683,2.5139117431640625,-9.625887774658203,-0.9618705169677734
3.203899599990109,2.492363928222656,-9.700706576538085,-0.9510966094970703
3.2147617999871727,2.4851813232421875,-9.658209497070311,-0.9858125335693358
3.228946899995208,2.4947581298828125,-9.64623848876953,-0.978031378173828
3.2425971999764442,2.5043349365234375,-9.66000514831543,-0.9463082061767577
3.260496000002604,2.4480711975097655,-9.654618194580078,-0.93852705078125
3.2751293999899644,2.483984222412109,-9.651026892089844,-0.9373299499511718
3.290199399983976,2.4971523315429685,-9.68514426574707,-0.9307458953857422
3.3028870999987703,2.479794369506836,-9.65282254333496,-0.9624690673828125
3.31702379998751,2.4390929412841795,-9.700706576538085,-0.910395181274414
3.3261930999869946,2.454056701660156,-9.67137760620117,-0.9331400970458984
3.3349425999913365,2.488174075317383,-9.666589202880859,-0.9618705169677734
3.3431947999924887,2.494159579467773,-9.704297879028319,-0.9618705169677734
3.3513945000013337,2.5145102935791015,-9.667187753295899,-0.939125601196289
3.362769799976377,2.4390929412841795,-9.664793551635741,-0.9576806640625
3.375549199990928,2.492962478637695,-9.667187753295899,-0.9301473449707031
3.383589299977757,2.5007436340332028,-9.620500820922851,-0.9738415252685546
3.392887800000608,2.471414663696289,-9.661202249145507,-0.9307458953857422
3.401645899983123,2.474407415771484,-9.65282254333496,-0.9433154541015625
3.4075508999812882,2.4899697265625,-9.683947164916992,-0.9026140258789062
3.4149321999866515,2.445676995849609,-9.624690673828125,-0.968454571533203
3.4226450999849476,2.455253802490234,-9.685742816162108,-0.9660603698730468
3.4309911000018474,2.469619012451172,-9.66000514831543,-0.9181763366699218
3.4390695999900345,2.4875755249023435,-9.651026892089844,-0.9331400970458984
3.4510341999994125,2.4863784240722655,-9.654019644165038,-0.9804255798339843
3.4588083999988157,2.4947581298828125,-9.658209497070311,-0.9552864624023437
3.4668009000015445,2.464830609130859,-9.64683703918457,-0.9367313995361327
3.4744375000009313,2.4768016174316405,-9.664793551635741,-0.9127893829345702
3.4819149999821093,2.489371176147461,-9.664793551635741,-0.9062053283691406
3.4890328999899793,2.455253802490234,-9.676166009521484,-0.9816226806640624
3.4964244999864604,2.510918991088867,-9.69831237487793,-0.9475053070068359
3.5071448999806307,2.464830609130859,-9.745597857666015,-0.968454571533203
3.520090199977858,2.479794369506836,-9.67856021118164,-0.93852705078125
3.5361494999960996,2.4438813446044922,-9.664793551635741,-0.967257470703125
3.5514737000048626,2.461837857055664,-9.666589202880859,-0.9510966094970703
3.5668141999922227,2.47081611328125,-9.700108026123047,-0.9504980590820312
3.5827831999922637,2.469619012451172,-9.636063131713867,-0.9564835632324218
3.5983455999812577,2.44507844543457,-9.650428341674804,-0.9660603698730468
3.615091299987398,2.4756045166015626,-9.692326870727538,-0.9630676177978515
3.63579440000467,2.464830609130859,-9.655815295410155,-0.9516951599121093
3.657201599999098,2.463633508300781,-9.654618194580078,-0.9714473236083984
3.6758221999916714,2.481590020751953,-9.667187753295899,-0.9445125549316405
3.695947999978671,2.4959552307128905,-9.670180505371093,-0.9062053283691406
3.717514099989785,2.507926239013672,-9.667187753295899,-0.9720458740234375
3.7350396999972872,2.498349432373047,-9.643844287109374,-0.9367313995361327
3.753004099999089,2.445676995849609,-9.681552963256836,-1.0031704956054688
3.7738873999915086,2.4576480041503905,-9.645041387939452,-0.9606734161376953
3.7947100999881513,2.4630349578857422,-9.63307037963867,-0.9558850128173828
3.8156804000027478,2.503137835693359,-9.67137760620117,-0.9373299499511718
3.8327128999808338,2.4971523315429685,-9.683947164916992,-0.9301473449707031
3.8525083999847993,2.482188571166992,-9.694721072387695,-0.958279214477539
3.8748799999884795,2.461239306640625,-9.645639938354492,-0.9307458953857422
3.896272699988913,2.498947982788086,-9.672574707031249,-0.958279214477539
3.9186230000050273,2.475005966186523,-9.706692080688477,-0.9409212524414062
3.9391642999835312,2.4953566802978515,-9.676764559936522,-0.9409212524414062
3.9609937999921385,2.451063949584961,-9.666589202880859,-0.9445125549316405
3.97698209999362,2.4774001678466795,-9.639055883789062,-0.9361328491210937
3.99732049999875,2.4378958404541016,-9.630676177978515,-0.9696516723632812
4.019319299986819,2.4875755249023435,-9.637858782958984,-0.9475053070068359
4.039335599984042,2.540247961425781,-9.683348614501952,-0.9702502227783203
4.056970699981321,2.483984222412109,-9.664793551635741,-0.9618705169677734
4.07740769998054,2.4857798736572265,-9.677363110351562,-0.958877764892578
4.099277200002689,2.4378958404541016,-9.67197615661621,-0.9564835632324218
4.1218699000019114,2.480392919921875,-9.627084875488281,-0.8900444671630859
4.1431908999802545,2.4857798736572265,-9.628880526733397,-0.9564835632324218
4.163284599984763,2.4768016174316405,-9.674370358276366,-0.9540893615722655
4.182738299976336,2.461837857055664,-9.674370358276366,-0.9451111053466796
4.196573099994566,2.461239306640625,-9.702502227783203,-0.9415198028564452
4.214285499998368,2.5151088439941405,-9.700108026123047,-0.9169792358398436
4.231572399992729,2.531269705200195,-9.645639938354492,-0.9445125549316405
4.2478984000044875,2.518101596069336,-9.728838446044922,-0.9451111053466796
4.264668099989649,2.4678233612060545,-9.649231240844726,-0.9421183532714843
4.283963299996685,2.4785972686767574,-9.682151513671874,-0.910395181274414
4.304743299988331,2.454655252075195,-9.65940659790039,-0.948103857421875
4.322238399996422,2.469619012451172,-9.654019644165038,-0.9570821136474609
4.343804699979955,2.492962478637695,-9.677363110351562,-0.9546879119873046
4.365989499987336,2.4785972686767574,-9.67856021118164,-0.9331400970458984
4.387606000003871,2.4869769744873045,-9.713276135253906,-0.9415198028564452
4.409061099984683,2.471414663696289,-9.662997900390625,-0.9379285003662109
4.430418299976736,2.437297290039062,-9.641450085449218,-0.93852705078125
4.445189899997786,2.500145083618164,-9.675567459106444,-0.9696516723632812
4.460036599979503,2.437297290039062,-9.661202249145507,-0.9810241302490234
4.479632599977776,2.5163059448242184,-9.670779055786133,-0.9510966094970703
4.496370499982731,2.455852352905273,-9.65940659790039,-0.9319429962158202
4.515132200001972,2.4672248107910155,-9.676764559936522,-0.9343371978759765
4.535079599998426,2.422333529663086,-9.644442837524414,-0.928950244140625
4.556003199977567,2.4851813232421875,-9.686341366577148,-0.9540893615722655
4.575102399976458,2.511517541503906,-9.696516723632811,-0.9726444244384765
4.592877599992789,2.488772625732422,-9.650428341674804,-0.9331400970458984
4.6108905999863055,2.5157073944091795,-9.655815295410155,-0.910395181274414
4.629536399996141,2.4875755249023435,-9.660603698730467,-0.9570821136474609
4.648025000002235,2.422333529663086,-9.676764559936522,-0.9211690887451172
4.665402599988738,2.461239306640625,-9.655815295410155,-0.9552864624023437
4.685209799994482,2.480991470336914,-9.725845693969726,-0.9283516937255859
4.707622299989453,2.463633508300781,-9.656413845825195,-1.0079588989257813
4.726864800002659,2.4594436553955075,-9.709086282348633,-0.9325415466308593
4.749593699991237,2.4756045166015626,-9.623493572998047,-0.9552864624023437
4.76653309998801,2.460640756225586,-9.618705169677733,-0.958279214477539
4.78075710000121,2.48338567199707,-9.683947164916992,-0.9379285003662109
4.799062599980971,2.4582465545654295,-9.64683703918457,-0.9576806640625
4.81695559999207,2.4690204620361325,-9.658808047485351,-0.9355342987060546
4.8340188000001945,2.4690204620361325,-9.685742816162108,-0.9433154541015625
4.850563299987698,2.47081611328125,-9.686939916992188,-0.9702502227783203
4.867315799987409,2.4899697265625,-9.654019644165038,-0.9648632690429687
4.884471800003666,2.4756045166015626,-9.59536170349121,-0.9642647186279296
4.900900799984811,2.4630349578857422,-9.658808047485351,-0.9558850128173828
4.916593699977966,2.472611764526367,-9.67137760620117,-0.9654618194580078
4.931761299987556,2.480991470336914,-9.655216744995117,-0.9534908111572266
4.947573799989186,2.5246856506347655,-9.676166009521484,-0.9307458953857422
4.962187700002687,2.4863784240722655,-9.658808047485351,-0.8972270721435547
4.97776049998356,2.5139117431640625,-9.695319622802733,-0.9504980590820312
4.994082099990919,2.5240871002197265,-9.661800799560547,-0.9313444458007812
5.010152300004847,2.461239306640625,-9.677363110351562,-0.9403227020263671
5.025622099987231,2.4863784240722655,-9.655815295410155,-0.9247603912353515
5.04249739999068,2.4576480041503905,-9.724648593139648,-0.9445125549316405
5.057041899999604,2.503137835693359,-9.68454571533203,-0.9451111053466796
5.07612689997768,2.46423205871582,-9.644442837524414,-0.9469067565917968
5.097575899999356,2.474407415771484,-9.650428341674804,-0.948103857421875
5.119170699996175,2.5103204406738278,-9.668384854125977,-0.9798270294189453
5.136438999994425,2.480991470336914,-9.663596450805663,-0.9463082061767577
5.158167199988384,2.4666262603759765,-9.637858782958984,-0.93852705078125
5.180184900003951,2.503137835693359,-9.711480484008788,-0.9133879333496093
5.200351999985287,2.4953566802978515,-9.627683425903319,-0.9211690887451172
5.217788199981442,2.507327688598633,-9.675567459106444,-0.9439140045166015
5.2326553000020795,2.483984222412109,-9.648632690429688,-0.9540893615722655
5.249588399979984,2.463633508300781,-9.698910925292969,-0.9349357482910156
5.27102929999819,2.5049334869384765,-9.647435589599608,-0.9361328491210937
5.293731499987189,2.460640756225586,-9.669581954956055,-0.9415198028564452
5.31537169998046,2.469619012451172,-9.686939916992188,-0.9666589202880859
5.336943200003589,2.4498668487548825,-9.632471829223633,-1.0079588989257813
5.355420099978801,2.426523382568359,-9.634866030883789,-0.9451111053466796
5.373119299998507,2.4516625,-9.685742816162108,-0.9475053070068359
5.393183699983638,2.473210314941406,-9.68514426574707,-0.9253589416503906
5.411602399981348,2.4947581298828125,-9.631274728393555,-0.9409212524414062
5.428339599980973,2.446275546264648,-9.655216744995117,-0.97683427734375
5.445515600004001,2.4480711975097655,-9.639055883789062,-0.9558850128173828
5.462037399993278,2.480991470336914,-9.669581954956055,-0.9558850128173828
5.4794526000041515,2.4672248107910155,-9.654019644165038,-0.9427169036865234
5.495526899991091,2.499546533203125,-9.681552963256836,-0.939724151611328
5.5162436999962665,2.4684219116210935,-9.704297879028319,-0.949300958251953
5.532899399986491,2.460640756225586,-9.685742816162108,-0.9139864837646484
5.552863499993691,2.441487142944336,-9.649231240844726,-0.9361328491210937
5.570773699990241,2.48338567199707,-9.712677584838866,-0.9708487731933593
5.587093399983132,2.4869769744873045,-9.667786303710937,-0.9433154541015625
5.6055429999832995,2.493561029052734,-9.6779616607666,-0.9696516723632812
5.624135399993975,2.4588451049804685,-9.622895022583007,-0.9355342987060546
5.643795999989379,2.4690204620361325,-9.664793551635741,-0.9469067565917968
5.665458000003127,2.469619012451172,-9.668384854125977,-0.9576806640625
5.6835912999813445,2.513313192749023,-9.674968908691406,-0.9463082061767577
5.703952099982416,2.4947581298828125,-9.685742816162108,-0.9379285003662109
5.725194700004067,2.5157073944091795,-9.654618194580078,-0.9355342987060546
5.74551499998779,2.4594436553955075,-9.654618194580078,-0.9445125549316405
5.765904700005194,2.481590020751953,-9.650428341674804,-0.9463082061767577
5.783152399992105,2.482188571166992,-9.706692080688477,-0.9343371978759765
5.8041022999968845,2.4444798950195312,-9.698910925292969,-0.9714473236083984
5.820705599995563,2.4660277099609376,-9.722254391479492,-0.9193734375
5.841622399981134,2.499546533203125,-9.67856021118164,-0.9044096771240234
5.863832399976673,2.4582465545654295,-9.667187753295899,-0.9433154541015625
5.882589999993797,2.4588451049804685,-9.673173257446289,-0.9690531219482421
5.9033144999993965,2.4774001678466795,-9.680954412841796,-0.9439140045166015
5.9242415000044275,2.481590020751953,-9.670779055786133,-0.9415198028564452
5.943418599985307,2.454655252075195,-9.664195001220703,-0.9546879119873046
5.965202799998224,2.481590020751953,-9.668384854125977,-0.9319429962158202
5.9864613999961875,2.4785972686767574,-9.658808047485351,-0.9403227020263671
6.008286099997349,2.4953566802978515,-9.670779055786133,-0.9528922607421875
6.027883699978702,2.4965537811279295,-9.685742816162108,-0.9451111053466796
6.04661579997628,2.501940734863281,-9.705494979858399,-0.9367313995361327
6.068080700002611,2.491765377807617,-9.666589202880859,-0.9421183532714843
6.090104000002611,2.4971523315429685,-9.65940659790039,-0.939125601196289
6.111544999992475,2.460640756225586,-9.673173257446289,-0.9528922607421875
6.133586899988586,2.469619012451172,-9.632471829223633,-0.9792284790039062
6.156055799976457,2.4492682983398435,-9.683947164916992,-0.928950244140625
6.176979699986987,2.473808865356445,-9.707889181518555,-0.9217676391601562
6.195064100000309,2.4163480255126952,-9.706692080688477,-0.9558850128173828
6.208679999981541,2.4576480041503905,-9.667187753295899,-0.9229647399902343
6.22558569998364,2.426523382568359,-9.679757312011718,-0.9229647399902343
6.243595599982655,2.4630349578857422,-9.668983404541015,-0.9600748657226562
6.263314099982381,2.480392919921875,-9.689334118652344,-0.9068038787841797
6.284191899991129,2.4301146850585935,-9.682750064086914,-0.9026140258789062
6.306710699980613,2.4768016174316405,-9.710881933593749,-0.9415198028564452
6.3288218999805395,2.50253928527832,-9.669581954956055,-0.9211690887451172
6.348034099995857,2.542043612670898,-9.664793551635741,-0.9247603912353515
6.370710399991367,2.4474726470947266,-9.674968908691406,-0.8840589630126953
6.392067299981136,2.490568276977539,-9.664195001220703,-0.9516951599121093
6.413484699995024,2.4965537811279295,-9.709086282348633,-0.9421183532714843
6.435137599997688,2.5043349365234375,-9.649829791259766,-0.9361328491210937
6.456289199995808,2.4690204620361325,-9.668983404541015,-0.9630676177978515
6.475693599990336,2.479794369506836,-9.707889181518555,-0.949300958251953
6.498205399984727,2.4516625,-9.704297879028319,-0.948702407836914
6.516447899979539,2.452859600830078,-9.718663088989258,-0.8828618621826171
6.53786339997896,2.511517541503906,-9.65342109375,-0.93852705078125
6.5538895999779925,2.4630349578857422,-9.6779616607666,-0.939125601196289
6.571553699992364,2.4947581298828125,-9.674968908691406,-0.9038111267089843
6.594692499988014,2.454056701660156,-9.670180505371093,-0.967257470703125
6.615546399989398,2.4672248107910155,-9.6917283203125,-0.9313444458007812
6.636471999983769,2.488772625732422,-9.705494979858399,-0.9121908325195311
6.655179499997757,2.471414663696289,-9.66000514831543,-0.9367313995361327
6.674495099985506,2.488174075317383,-9.64623848876953,-0.9097966308593749
6.689851000002818,2.492363928222656,-9.690531219482422,-0.9457096557617187
6.7088523999846075,2.470217562866211,-9.694721072387695,-0.9439140045166015
6.724639699998079,2.491765377807617,-9.673771807861328,-0.9510966094970703
6.745617399981711,2.464830609130859,-9.696516723632811,-0.8906430175781249
6.765621700003976,2.47081611328125,-9.689334118652344,-0.9367313995361327
6.783373499987647,2.48338567199707,-9.726444244384766,-0.928950244140625
6.801379199983785,2.4396914916992185,-9.674968908691406,-0.9331400970458984
6.820006900001317,2.4785972686767574,-9.651625442504882,-0.9660603698730468
6.838310499995714,2.4534581512451172,-9.672574707031249,-0.9229647399902343
6.857365899981232,2.4690204620361325,-9.660603698730467,-0.9606734161376953
6.875581799977226,2.4875755249023435,-9.694721072387695,-0.9319429962158202
6.89348249998875,2.4863784240722655,-9.694122521972655,-0.9648632690429687
6.913572099991143,2.4911668273925778,-9.665990652465819,-0.9379285003662109
6.934565100003965,2.4630349578857422,-9.667786303710937,-0.9115922821044922
6.955804700002773,2.518101596069336,-9.670180505371093,-0.9301473449707031
6.97433229998569,2.492962478637695,-9.674968908691406,-0.9654618194580078
6.997421099978965,2.48338567199707,-9.707889181518555,-0.9301473449707031
7.014191599999322,2.4965537811279295,-9.707290631103515,-0.9253589416503906
7.031856599991443,2.5067291381835934,-9.68514426574707,-0.9145850341796874
7.046394999983022,2.4684219116210935,-9.655815295410155,-0.8924386688232422
7.0620924999821,2.471414663696289,-9.686939916992188,-0.928950244140625
7.076279899978545,2.460640756225586,-9.69112976989746,-0.939125601196289
7.09457059999113,2.463633508300781,-9.674370358276366,-0.949300958251953
7.115139500005171,2.4911668273925778,-9.631274728393555,-0.8972270721435547
7.131502999982331,2.483984222412109,-9.6779616607666,-0.8996212738037109
7.149685299984412,2.4869769744873045,-9.650428341674804,-0.9475053070068359
7.167368700000225,2.5103204406738278,-9.686939916992188,-0.9409212524414062
7.183949800004484,2.4947581298828125,-9.685742816162108,-0.9080009796142577
7.2021701999765355,2.4869769744873045,-9.670180505371093,-0.9331400970458984
7.221086199977435,2.482787121582031,-9.698910925292969,-0.9307458953857422
7.238619199983077,2.50253928527832,-9.68514426574707,-0.9379285003662109
7.255776799982414,2.5163059448242184,-9.686939916992188,-0.9403227020263671
7.273068299982697,2.4774001678466795,-9.693523971557617,-0.9109937316894531
7.290415299998131,2.4576480041503905,-9.68454571533203,-0.93852705078125
7.307594599988079,2.4851813232421875,-9.649231240844726,-0.8571241943359375
7.324951799993869,2.4911668273925778,-9.705494979858399,-0.9074024291992187
7.341378099983558,2.500145083618164,-9.655216744995117,-0.9325415466308593
7.358983399986755,2.475005966186523,-9.6779616607666,-0.9253589416503906
7.375835999991978,2.508524789428711,-9.722254391479492,-0.9080009796142577
7.391897800000152,2.497750881958008,-9.660603698730467,-0.9026140258789062
7.408520199998748,2.4768016174316405,-9.67856021118164,-0.8888473663330078
7.429667799995514,2.492962478637695,-9.68454571533203,-0.928950244140625
7.452336799993645,2.4959552307128905,-9.663596450805663,-0.9558850128173828
7.467871000000741,2.446874096679687,-9.662399349975585,-0.9187748870849609
7.483222599985311,2.497750881958008,-9.696516723632811,-0.9133879333496093
7.5001677999971434,2.442684243774414,-9.613318215942382,-0.9145850341796874
7.517533599981107,2.4857798736572265,-9.6917283203125,-0.9157821350097656
7.534747500001686,2.497750881958008,-9.679158761596678,-0.9409212524414062
7.55385299999034,2.4684219116210935,-9.63307037963867,-0.9157821350097656
7.571835499984445,2.4492682983398435,-9.63307037963867,-0.9379285003662109
7.590006099984748,2.5007436340332028,-9.68514426574707,-0.9355342987060546
7.607845099992119,2.454056701660156,-9.634267480468749,-0.9463082061767577
7.625118099997053,2.480991470336914,-9.712677584838866,-0.9528922607421875
7.642995899979724,2.4851813232421875,-9.672574707031249,-0.9151835845947265
7.660794299998088,2.4953566802978515,-9.670779055786133,-0.9235632904052734
7.678522999980487,2.5055320373535155,-9.69771382446289,-0.8768763580322265
7.695717499998864,2.472013214111328,-9.656413845825195,-0.9427169036865234
7.711930199991912,2.5055320373535155,-9.624690673828125,-0.9181763366699218
7.729136499983724,2.48338567199707,-9.68514426574707,-0.9415198028564452
7.746185399999376,2.465429159545898,-9.65282254333496,-0.9157821350097656
7.761651799984975,2.4756045166015626,-9.692326870727538,-0.9229647399902343
7.777632599987555,2.4875755249023435,-9.713874685668944,-0.8960299713134765
7.796651599986944,2.473808865356445,-9.71686743774414,-0.9331400970458984
7.8156225999991875,2.497750881958008,-9.666589202880859,-0.9469067565917968
7.834257499984233,2.4684219116210935,-9.639055883789062,-0.9157821350097656
7.850560499995481,2.484582772827148,-9.686341366577148,-0.9223661895751952
7.86619079997763,2.492962478637695,-9.720458740234374,-0.9427169036865234
7.886037899996154,2.435501638793945,-9.683947164916992,-0.9163806854248047
7.908210699999472,2.4953566802978515,-9.67856021118164,-0.968454571533203
7.9285530999768525,2.4899697265625,-9.652223992919922,-0.9259574920654297
7.947609199996805,2.4851813232421875,-9.696516723632811,-0.9115922821044922
7.967129500000738,2.507926239013672,-9.687538467407226,-0.9367313995361327
7.987230999977328,2.4660277099609376,-9.699509475708007,-0.9229647399902343
8.003302500001155,2.475005966186523,-9.662997900390625,-0.9618705169677734
8.01933789998293,2.480392919921875,-9.657610946655273,-0.8888473663330078
8.033993699995335,2.3714567443847656,-9.364919793701171,-1.052850180053711
8.051611200004118,2.81558115234375,-10.409390267944335,-0.7278373046875
8.070886100002099,2.2014684265136717,-9.042899670410156,-1.197699380493164
8.089307799993549,2.3726538452148436,-9.688735568237304,-0.8810662109374999
8.107701400003862,2.422932080078125,-9.645041387939452,-1.0588356842041016
8.126367199991364,2.499546533203125,-9.588777648925781,-0.8774749084472656
8.144517799984897,2.446874096679687,-9.683348614501952,-0.9181763366699218
8.162816399999429,2.5240871002197265,-9.689932669067382,-0.8804676605224608
8.179850099986652,2.4343045379638673,-9.69771382446289,-0.9415198028564452
8.196826500003226,2.5007436340332028,-9.596558804321289,-0.900818374633789
8.213649899989832,2.503736386108398,-9.7683427734375,-0.9570821136474609
8.23087420000229,2.512116091918945,-9.637858782958984,-0.8678981018066406
8.24637690000236,2.5145102935791015,-9.731232647705077,-0.97683427734375
8.263540699990699,2.497750881958008,-9.701305126953125,-0.9121908325195311
8.27901440000278,2.501940734863281,-9.668983404541015,-0.9115922821044922
8.29645709999022,2.5157073944091795,-9.664793551635741,-0.9696516723632812
8.313109999988228,2.5049334869384765,-9.677363110351562,-0.8882488159179687
8.33041629998479,2.4666262603759765,-9.705494979858399,-0.910395181274414
8.348514299985254,2.4863784240722655,-9.669581954956055,-0.9139864837646484
8.366705899999943,2.498947982788086,-9.682750064086914,-0.9373299499511718
8.384957000002032,2.480991470336914,-9.670779055786133,-0.9301473449707031
8.403245599998627,2.4863784240722655,-9.668983404541015,-0.9696516723632812
8.421604000002844,2.471414663696289,-9.679158761596678,-0.8984241729736328
8.440619200002402,2.492962478637695,-9.683348614501952,-0.8780734588623046
8.45794520000345,2.501342184448242,-9.682151513671874,-0.9319429962158202
8.476039599976502,2.4678233612060545,-9.643245736694336,-0.9091980804443359
8.492174099985277,2.47081611328125,-9.694122521972655,-0.9283516937255859
8.509549099981086,2.472611764526367,-9.719261639404296,-0.9265560424804687
8.526441299996804,2.472013214111328,-9.66000514831543,-0.9169792358398436
8.543768000003183,2.4564509033203126,-9.6779616607666,-0.9169792358398436
8.560042500001146,2.479794369506836,-9.696516723632811,-0.9283516937255859
8.581831599993166,2.4965537811279295,-9.686939916992188,-0.9349357482910156
8.595669599977555,2.472013214111328,-9.69771382446289,-0.9319429962158202
8.609781499981182,2.492363928222656,-9.649231240844726,-0.9109937316894531
8.624493099981919,2.497750881958008,-9.661202249145507,-0.9325415466308593
8.64162270000088,2.490568276977539,-9.686341366577148,-0.9002198242187499
8.656958299980033,2.492962478637695,-9.686341366577148,-0.9014169250488281
8.672030399990035,2.454655252075195,-9.700108026123047,-0.948103857421875
8.687681199982762,2.539649411010742,-9.669581954956055,-0.9415198028564452
8.698007099999813,2.500145083618164,-9.688735568237304,-0.9026140258789062
8.714081799989799,2.4785972686767574,-9.687538467407226,-0.9331400970458984
8.733433299988974,2.464830609130859,-9.661202249145507,-0.9109937316894531
8.753447600000072,2.512714642333984,-9.65342109375,-0.8942343200683593
8.770692299993243,2.503137835693359,-9.726444244384766,-0.8942343200683593
8.785546500002965,2.4756045166015626,-9.643844287109374,-0.9014169250488281
8.808266199979698,2.4588451049804685,-9.706692080688477,-0.9169792358398436
8.827569299988681,2.4768016174316405,-9.687538467407226,-0.9241618408203125
8.842662899987772,2.484582772827148,-9.725247143554688,-0.9020154754638672
8.853436099976534,2.44507844543457,-9.692326870727538,-0.9810241302490234
8.864383099979023,2.472013214111328,-9.714473236083984,-0.9558850128173828
8.874916500004474,2.4774001678466795,-9.68514426574707,-0.9157821350097656
8.884073599998374,2.490568276977539,-9.692925421142577,-0.9121908325195311
8.891802400001325,2.4971523315429685,-9.718064538574218,-0.8936357696533203
8.89890909998212,2.452859600830078,-9.694721072387695,-0.929548794555664
8.904948999988846,2.490568276977539,-9.667187753295899,-0.9415198028564452
8.911616900004447,2.4588451049804685,-9.662997900390625,-0.9241618408203125
8.917641799984267,2.440888592529297,-9.656413845825195,-0.9014169250488281
8.926026100001764,2.498349432373047,-9.677363110351562,-0.9026140258789062
8.935244199994486,2.4570494537353516,-9.682750064086914,-0.9175777862548827
8.941877599980216,2.46423205871582,-9.720458740234374,-0.9403227020263671
8.949575899983756,2.4660277099609376,-9.6779616607666,-0.9235632904052734
8.95767409997643,2.527678402709961,-9.712677584838866,-0.9265560424804687
8.968314999976428,2.4660277099609376,-9.642647186279296,-0.9271545928955077
8.981013299984625,2.4953566802978515,-9.721057290649414,-0.8984241729736328
8.995343799993861,2.4869769744873045,-9.649829791259766,-0.9121908325195311
9.004313499986893,2.4971523315429685,-9.66000514831543,-0.9181763366699218
9.017967699997826,2.531269705200195,-9.670779055786133,-0.9223661895751952
9.032862499996554,2.470217562866211,-9.712677584838866,-0.9325415466308593
9.049511099990923,2.461239306640625,-9.649829791259766,-0.9127893829345702
9.061975899996469,2.47081611328125,-9.731831198120117,-0.8858546142578124
9.070508799981326,2.464830609130859,-9.670779055786133,-0.9038111267089843
9.080533500004094,2.4756045166015626,-9.675567459106444,-0.9211690887451172
9.087646600004518,2.492962478637695,-9.679757312011718,-0.9277531433105468
9.097955599980196,2.489371176147461,-9.668384854125977,-0.8984241729736328
9.104889199981699,2.488174075317383,-9.649829791259766,-0.9265560424804687
9.113641399977496,2.501940734863281,-9.700706576538085,-0.9109937316894531
9.120761999976821,2.460042205810547,-9.674968908691406,-0.8972270721435547
9.130517899990082,2.512116091918945,-9.67856021118164,-0.939125601196289
9.137742099992465,2.473210314941406,-9.680355862426758,-0.891241567993164
9.147352600004524,2.500145083618164,-9.687538467407226,-0.9074024291992187
9.158071499987273,2.4768016174316405,-9.696516723632811,-0.9451111053466796
9.16699339999468,2.4857798736572265,-9.662399349975585,-0.9205705383300781
9.177322899980936,2.461837857055664,-9.68514426574707,-0.9235632904052734
9.185840899997856,2.465429159545898,-9.662399349975585,-0.9139864837646484
9.197797000000719,2.482787121582031,-9.669581954956055,-0.9259574920654297
9.208652500004973,2.50912333984375,-9.680954412841796,-0.9097966308593749
9.226639300002716,2.4630349578857422,-9.720458740234374,-0.9044096771240234
9.245397399994545,2.489371176147461,-9.702502227783203,-0.9235632904052734
9.261534099990968,2.4756045166015626,-9.694122521972655,-0.9433154541015625
9.279075700003887,2.445676995849609,-9.688137017822266,-0.9187748870849609
9.29641619999893,2.5067291381835934,-9.683947164916992,-0.9044096771240234
9.31369929999346,2.4911668273925778,-9.668384854125977,-0.910395181274414
9.332077899976866,2.4630349578857422,-9.73063409729004,-0.949300958251953
9.350032099988312,2.4899697265625,-9.635464581298828,-0.939724151611328
9.363409899990074,2.500145083618164,-9.695918173217773,-0.9044096771240234
9.374767799978144,2.497750881958008,-9.6779616607666,-0.9325415466308593
9.384210099990014,2.460640756225586,-9.664793551635741,-0.9062053283691406
9.396421099983854,2.508524789428711,-9.650428341674804,-0.9169792358398436
9.413361199985957,2.4953566802978515,-9.657012396240233,-0.8930372192382812
9.430634999996983,2.480392919921875,-9.664793551635741,-0.9062053283691406
9.445561899978202,2.479794369506836,-9.622296472167967,-0.9163806854248047
9.462614099989878,2.464830609130859,-9.683348614501952,-0.8990227233886718
9.4794490999775,2.5151088439941405,-9.677363110351562,-0.900818374633789
9.49774379999144,2.499546533203125,-9.68454571533203,-0.8726865051269531
9.515596999990521,2.43250888671875,-9.657012396240233,-0.9127893829345702
9.532771800004411,2.4863784240722655,-9.645639938354492,-0.9032125762939452
9.552770699985558,2.501940734863281,-9.688735568237304,-0.9139864837646484
9.57113919997937,2.490568276977539,-9.664793551635741,-0.9331400970458984
9.590660499990918,2.532466806030273,-9.673771807861328,-0.9115922821044922
9.608744400000433,2.4756045166015626,-9.649829791259766,-0.8936357696533203
9.625180499977432,2.445676995849609,-9.658808047485351,-0.9415198028564452
9.64241889998084,2.4774001678466795,-9.692925421142577,-0.9133879333496093
9.66047350000008,2.500145083618164,-9.685742816162108,-0.9349357482910156
9.678396799979964,2.501940734863281,-9.685742816162108,-0.939125601196289
9.695252099976642,2.492962478637695,-9.655216744995117,-0.9271545928955077
9.710652699985076,2.488772625732422,-9.668384854125977,-0.9373299499511718
9.724744699982693,2.4965537811279295,-9.647435589599608,-0.9020154754638672
9.739683299994795,2.480991470336914,-9.68454571533203,-0.8984241729736328
9.75262909999583,2.47081611328125,-9.674370358276366,-0.9175777862548827
9.764316599990707,2.4953566802978515,-9.651625442504882,-0.8846575134277344
9.775372200005222,2.4785972686767574,-9.661202249145507,-0.9283516937255859
9.783889899990754,2.4965537811279295,-9.661202249145507,-0.9062053283691406
9.79590999998618,2.4768016174316405,-9.687538467407226,-0.9612719665527343
9.804427199997008,2.503137835693359,-9.69771382446289,-0.9109937316894531
9.812470999982907,2.481590020751953,-9.685742816162108,-0.9169792358398436
9.82026279999991,2.498349432373047,-9.669581954956055,-0.8858546142578124
9.828500599978724,2.470217562866211,-9.651625442504882,-0.8684966522216796
9.836257199989632,2.4785972686767574,-9.658808047485351,-0.9181763366699218
9.845633999997517,2.512116091918945,-9.68454571533203,-0.9313444458007812
9.855338599998504,2.481590020751953,-9.656413845825195,-0.9151835845947265
9.86548369997763,2.463633508300781,-9.679158761596678,-0.9175777862548827
9.873600699997041,2.4911668273925778,-9.631873278808593,-0.891241567993164
9.881040799984476,2.4965537811279295,-9.662997900390625,-0.852335791015625
9.88799580000341,2.4570494537353516,-9.7162688873291,-0.9032125762939452
9.895757199992659,2.4756045166015626,-9.657012396240233,-0.8726865051269531
9.905815399979474,2.5151088439941405,-9.637260232543944,-0.8984241729736328
9.912632199993823,2.5049334869384765,-9.683947164916992,-0.8792705596923828
9.91993099998217,2.4869769744873045,-9.660603698730467,-0.9145850341796874
9.926755699998466,2.471414663696289,-9.67197615661621,-0.9415198028564452
9.934468499996001,2.509721890258789,-9.709086282348633,-0.9301473449707031
9.941509700001916,2.4756045166015626,-9.64683703918457,-0.9319429962158202
9.949316799989901,2.4516625,-9.655216744995117,-0.9415198028564452
9.956092899985379,2.479195819091797,-9.679757312011718,-0.928950244140625
9.964301100000739,2.473808865356445,-9.67137760620117,-0.9253589416503906
9.97098559999722,2.484582772827148,-9.660603698730467,-0.8804676605224608
9.979212899983395,2.483984222412109,-9.669581954956055,-0.9331400970458984
9.987253400002373,2.4684219116210935,-9.664793551635741,-0.9062053283691406
9.99446089999401,2.4390929412841795,-9.658209497070311,-0.8672995513916015
10.002004499983741,2.4899697265625,-9.624690673828125,-0.8876502655029296
10.009313999995356,2.4965537811279295,-9.677363110351562,-0.8996212738037109
10.016336699976819,2.508524789428711,-9.701305126953125,-0.93852705078125
10.023750599997584,2.5192986968994138,-9.688137017822266,-0.9085995300292968
10.031229099986376,2.473808865356445,-9.694721072387695,-0.8996212738037109
10.04504050000105,2.493561029052734,-9.709086282348633,-0.9127893829345702
10.05639319997863,2.4779987182617185,-9.701903677368163,-0.9205705383300781
10.067006900004344,2.474407415771484,-9.699509475708007,-0.8984241729736328
10.0801722999895,2.4630349578857422,-9.699509475708007,-0.9157821350097656
10.090813499991782,2.5055320373535155,-9.685742816162108,-0.9050082275390624
10.097333699988667,2.518101596069336,-9.670779055786133,-0.8966285217285156
10.105131299991626,2.484582772827148,-9.700706576538085,-0.8984241729736328
10.112921399995685,2.5103204406738278,-9.683947164916992,-0.9373299499511718
10.120134400000097,2.469619012451172,-9.655815295410155,-0.8882488159179687
10.129877899977146,2.498947982788086,-9.67137760620117,-0.8972270721435547
10.143139799998607,2.508524789428711,-9.687538467407226,-0.9157821350097656
10.157366100000218,2.507327688598633,-9.682750064086914,-0.8876502655029296
10.17321449998417,2.497750881958008,-9.662997900390625,-0.9361328491210937
10.182664199994178,2.492962478637695,-9.683947164916992,-0.9109937316894531
10.193013999989489,2.5067291381835934,-9.630077627563477,-0.8882488159179687
10.201799799979199,2.460042205810547,-9.703100778198241,-0.928950244140625
10.214112699992256,2.4672248107910155,-9.654019644165038,-0.8930372192382812
10.225710300001083,2.464830609130859,-9.656413845825195,-0.9187748870849609
10.237835699983407,2.516904495239258,-9.6917283203125,-0.9139864837646484
10.251801099977456,2.471414663696289,-9.628281976318359,-0.9211690887451172
10.269389299995964,2.482787121582031,-9.65940659790039,-0.8870517150878906
10.284380299999611,2.454056701660156,-9.665392102050781,-0.9373299499511718
10.301118299976224,2.46423205871582,-9.658209497070311,-0.9169792358398436
10.317037500004517,2.492962478637695,-9.655216744995117,-0.8894459167480468
10.329418399982387,2.4498668487548825,-9.70369932861328,-0.9193734375
10.338882999989437,2.4875755249023435,-9.65342109375,-0.8960299713134765
10.347772499982966,2.4678233612060545,-9.654019644165038,-0.9307458953857422
10.356549799995264,2.4911668273925778,-9.661800799560547,-0.9427169036865234
10.367025899991859,2.4779987182617185,-9.673771807861328,-0.9277531433105468
10.377749699982814,2.4857798736572265,-9.69771382446289,-0.9361328491210937
10.385154399991734,2.481590020751953,-9.673771807861328,-0.9038111267089843
10.393514900002629,2.488772625732422,-9.683947164916992,-0.9121908325195311
10.403736199979903,2.47081611328125,-9.647435589599608,-0.8762778076171874
10.413456899987068,2.520495797729492,-9.688137017822266,-0.9097966308593749
10.421643299981952,2.480991470336914,-9.665392102050781,-0.9241618408203125
10.430287499999395,2.461837857055664,-9.689334118652344,-0.9032125762939452
10.43713979999302,2.4756045166015626,-9.67197615661621,-0.9020154754638672
10.445595700002741,2.4971523315429685,-9.694721072387695,-0.9229647399902343
10.453560599999037,2.5049334869384765,-9.656413845825195,-0.8906430175781249
10.463632400002098,2.452859600830078,-9.715670336914062,-0.872087954711914
10.472503400000278,2.490568276977539,-9.692925421142577,-0.9133879333496093
10.482009400002426,2.492363928222656,-9.667786303710937,-0.9169792358398436
10.491936699982034,2.526481301879883,-9.697115274047851,-0.9157821350097656
10.50108590000309,2.470217562866211,-9.689932669067382,-0.9253589416503906
10.509952299995348,2.4851813232421875,-9.650428341674804,-0.9415198028564452
10.518626199977007,2.490568276977539,-9.693523971557617,-0.9109937316894531
10.531617000000551,2.4762030670166015,-9.624092123413085,-0.8792705596923828
10.539302899996983,2.462436407470703,-9.651026892089844,-0.9439140045166015
10.549501300003612,2.4779987182617185,-9.669581954956055,-0.9169792358398436
10.560231899988139,2.511517541503906,-9.698910925292969,-0.9277531433105468
10.570168399979593,2.4534581512451172,-9.655815295410155,-0.9068038787841797
10.578544399992097,2.5067291381835934,-9.675567459106444,-0.93852705078125
10.587567499984289,2.522291448974609,-9.679158761596678,-0.9283516937255859
10.59654739999678,2.5055320373535155,-9.680355862426758,-0.9044096771240234
10.606321500003105,2.5103204406738278,-9.700108026123047,-0.9085995300292968
10.616262299998198,2.4774001678466795,-9.657012396240233,-0.9223661895751952
10.626339899987215,2.4875755249023435,-9.656413845825195,-0.8690952026367187
10.633627599978354,2.482787121582031,-9.672574707031249,-0.8954314208984374
10.644086199987214,2.488772625732422,-9.701903677368163,-0.8942343200683593
10.651425299991388,2.47081611328125,-9.662997900390625,-0.9085995300292968
10.658605000004172,2.452261050415039,-9.655216744995117,-0.910395181274414
10.669656099984422,2.508524789428711,-9.682750064086914,-0.9205705383300781
10.681223499996122,2.498349432373047,-9.682151513671874,-0.9241618408203125
10.692576000001281,2.4851813232421875,-9.668384854125977,-0.9271545928955077
10.701461599994218,2.498349432373047,-9.689334118652344,-0.8876502655029296
10.709684799978277,2.461837857055664,-9.654019644165038,-0.9247603912353515
10.717202700005146,2.4588451049804685,-9.674370358276366,-0.9253589416503906
10.725209399999585,2.450465399169922,-9.661800799560547,-0.948103857421875
10.732560199976433,2.494159579467773,-9.644442837524414,-0.9325415466308593
10.740114899992477,2.503137835693359,-9.642647186279296,-0.910395181274414
10.747070199984591,2.475005966186523,-9.692326870727538,-0.9014169250488281
10.75449110000045,2.4953566802978515,-9.67137760620117,-0.9241618408203125
10.762644000002183,2.511517541503906,-9.69771382446289,-0.9187748870849609
10.781226099992637,2.480991470336914,-9.679757312011718,-0.8984241729736328
10.792875299986918,2.4564509033203126,-9.675567459106444,-0.9080009796142577
10.8040887999814,2.4684219116210935,-9.65342109375,-0.928950244140625
10.809899699990638,2.507926239013672,-9.641450085449218,-0.9032125762939452
10.814731699996628,2.480991470336914,-9.713276135253906,-0.9127893829345702
10.81946539998171,2.5061305877685545,-9.695319622802733,-0.8984241729736328
10.82490289999987,2.483984222412109,-9.605537060546874,-0.9361328491210937
10.830111199989915,2.531269705200195,-9.701305126953125,-0.8948328704833984
10.83608749997802,2.469619012451172,-9.643844287109374,-0.9313444458007812
10.849218499992276,2.503137835693359,-9.6779616607666,-0.9026140258789062
10.860142699995777,2.473210314941406,-9.668384854125977,-0.9032125762939452
10.867046100000152,2.4774001678466795,-9.694721072387695,-0.8732850555419921
10.872155599994585,2.479195819091797,-9.647435589599608,-0.8828618621826171
10.879133499984164,2.503736386108398,-9.700706576538085,-0.9211690887451172
10.884510999982012,2.5043349365234375,-9.68514426574707,-0.8942343200683593
10.8904161999817,2.492363928222656,-9.61451531677246,-0.9157821350097656
10.896728799998527,2.480392919921875,-9.60852981262207,-0.939125601196289
10.903602599981241,2.501940734863281,-9.688137017822266,-0.8852560638427733
10.916100899979938,2.461837857055664,-9.676166009521484,-0.9121908325195311
10.93195790000027,2.493561029052734,-9.68454571533203,-0.9097966308593749
10.946663699985947,2.4965537811279295,-9.643844287109374,-0.9175777862548827
10.953577599982964,2.4630349578857422,-9.66000514831543,-0.9271545928955077
10.961068399978103,2.451063949584961,-9.670180505371093,-0.8804676605224608
10.967359899979783,2.464830609130859,-9.683348614501952,-0.8984241729736328
10.973914799978957,2.491765377807617,-9.667187753295899,-0.8828618621826171
10.980918499990366,2.4774001678466795,-9.627683425903319,-0.8367734802246093
10.989908099989407,2.4869769744873045,-9.654618194580078,-0.9115922821044922
10.996360199991614,2.488772625732422,-9.648034140014648,-0.8852560638427733
11.001920799986692,2.465429159545898,-9.679158761596678,-0.9157821350097656
11.008093399985228,2.472013214111328,-9.662997900390625,-0.9014169250488281
11.013743599993177,2.4666262603759765,-9.670779055786133,-0.8840589630126953
11.019418799987761,2.491765377807617,-9.689932669067382,-0.891241567993164
11.02657819999149,2.512116091918945,-9.670779055786133,-0.8846575134277344
11.031748099980177,2.513313192749023,-9.629479077148437,-0.8990227233886718
11.040714300004765,2.501342184448242,-9.668384854125977,-0.9319429962158202
11.0549989999854,2.5450363647460934,-9.649231240844726,-0.9139864837646484
11.076258499990217,2.47081611328125,-9.686341366577148,-0.8936357696533203
11.097833299980266,2.4576480041503905,-9.681552963256836,-0.9026140258789062
11.118239699979313,2.4672248107910155,-9.643844287109374,-0.881664761352539
11.136706799996318,2.481590020751953,-9.660603698730467,-0.8894459167480468
11.154251500003738,2.500145083618164,-9.679158761596678,-0.891241567993164
11.171429099980742,2.4875755249023435,-9.679757312011718,-0.8643067993164062
11.184641300002113,2.479794369506836,-9.676166009521484,-0.8930372192382812
11.190323299990268,2.460640756225586,-9.6917283203125,-0.9115922821044922
11.197205000004033,2.516904495239258,-9.649231240844726,-0.8864531646728515
11.203467399987858,2.4875755249023435,-9.6396544342041,-0.8768763580322265
11.20992870000191,2.521094348144531,-9.655815295410155,-0.8756792572021483
11.216129299980821,2.4785972686767574,-9.639055883789062,-0.9133879333496093
11.223452099977294,2.5055320373535155,-9.663596450805663,-0.9115922821044922
11.229749699996319,2.4660277099609376,-9.688137017822266,-0.9157821350097656
11.235802999988664,2.488174075317383,-9.682750064086914,-0.8834604125976562
11.241927700000815,2.4774001678466795,-9.665990652465819,-0.9379285003662109
11.24875329999486,2.499546533203125,-9.656413845825195,-0.8906430175781249
11.25492849998409,2.5103204406738278,-9.67197615661621,-0.9062053283691406
11.26076629999443,2.519897247314453,-9.65282254333496,-0.8900444671630859
11.266692699980922,2.50253928527832,-9.645041387939452,-0.9080009796142577
11.273225799988722,2.480392919921875,-9.645639938354492,-0.9145850341796874
11.279671299998881,2.507926239013672,-9.679757312011718,-0.9002198242187499
11.286030599992955,2.5007436340332028,-9.651625442504882,-0.9050082275390624
11.292110499984119,2.469619012451172,-9.683947164916992,-0.8804676605224608
11.299392399989301,2.5342624572753905,-9.690531219482422,-0.86191259765625
11.305919099977473,2.503137835693359,-9.642647186279296,-0.9014169250488281
11.315005899989046,2.4785972686767574,-9.663596450805663,-0.8661024505615234
11.331414999993285,2.482188571166992,-9.657012396240233,-0.8918401184082031
11.342265299987048,2.4899697265625,-9.665990652465819,-0.9020154754638672
11.358374000003096,2.5007436340332028,-9.681552963256836,-0.8906430175781249
11.374731399992015,2.5007436340332028,-9.634267480468749,-0.8948328704833984
11.38936790000298,2.488174075317383,-9.65282254333496,-0.9163806854248047
11.406502199999522,2.4774001678466795,-9.688735568237304,-0.900818374633789
11.421847799996613,2.5139117431640625,-9.663596450805663,-0.9097966308593749
11.44272049999563,2.498349432373047,-9.674968908691406,-0.9056067779541015
11.46271500000148,2.4857798736572265,-9.636063131713867,-0.9109937316894531
11.486953899991931,2.494159579467773,-9.69771382446289,-0.8840589630126953
11.509170799981803,2.4857798736572265,-9.634267480468749,-0.891241567993164
11.532314199983375,2.440888592529297,-9.662997900390625,-0.9151835845947265
11.555543399997987,2.50912333984375,-9.675567459106444,-0.9169792358398436
11.572433299996192,2.4779987182617185,-9.658808047485351,-0.881664761352539
11.595597899984568,2.464830609130859,-9.630676177978515,-0.8852560638427733
11.613318899995647,2.5163059448242184,-9.630676177978515,-0.9133879333496093
11.63047109998297,2.44507844543457,-9.665990652465819,-0.8738836059570312
11.648481999989599,2.4875755249023435,-9.674370358276366,-0.9056067779541015
11.665933799988125,2.493561029052734,-9.658209497070311,-0.8894459167480468
11.682959600002505,2.5163059448242184,-9.680954412841796,-0.8888473663330078
11.699213399988366,2.471414663696289,-9.704297879028319,-0.9062053283691406
11.7159572999808,2.48338567199707,-9.665392102050781,-0.9139864837646484
11.733714000001783,2.433107437133789,-9.651625442504882,-0.9080009796142577
11.752244799979962,2.4684219116210935,-9.628281976318359,-0.9355342987060546
11.767735000001267,2.510918991088867,-9.587580548095703,-0.8858546142578124
11.789220799983013,2.5145102935791015,-9.708487731933593,-0.881664761352539
11.801665799983311,2.5151088439941405,-9.64025298461914,-0.8774749084472656
11.812684599979548,2.4857798736572265,-9.738415252685547,-0.8708908538818358
11.825884799996857,2.4247277313232423,-9.587580548095703,-0.9163806854248047
11.839413399982732,2.5252842010498044,-9.643245736694336,-0.9433154541015625
11.853062499983935,2.499546533203125,-9.724648593139648,-0.8319850769042968
11.866815899993526,2.5157073944091795,-9.724648593139648,-0.9020154754638672
11.880173299985472,2.4779987182617185,-9.677363110351562,-0.8445546356201171
11.894087900000159,2.511517541503906,-9.638457333374022,-0.8702923034667969
11.90835379998316,2.5007436340332028,-9.69831237487793,-0.9133879333496093
11.925126599991927,2.452859600830078,-9.680954412841796,-0.8637082489013671
11.942752399976598,2.511517541503906,-9.65282254333496,-0.8948328704833984
11.960747599980095,2.461239306640625,-9.68514426574707,-0.9020154754638672
11.977818199986359,2.492363928222656,-9.654618194580078,-0.9050082275390624
11.995026799995685,2.4438813446044922,-9.725845693969726,-0.8936357696533203
12.009891800000332,2.531269705200195,-9.650428341674804,-0.9223661895751952
12.02244349999819,2.460042205810547,-9.662997900390625,-0.8637082489013671
12.038466199999675,2.492962478637695,-9.676764559936522,-0.8696937530517578
12.054437199985841,2.527079852294922,-9.655815295410155,-0.9085995300292968
12.068286900001112,2.521094348144531,-9.670180505371093,-0.8780734588623046
12.081160200003069,2.527079852294922,-9.612121115112304,-0.9038111267089843
12.093806799995946,2.454655252075195,-9.676166009521484,-0.8391676818847655
12.10266489998321,2.492962478637695,-9.679757312011718,-0.8906430175781249
12.1101459999918,2.492363928222656,-9.685742816162108,-0.9307458953857422
12.116314199985936,2.5246856506347655,-9.667187753295899,-0.8864531646728515
12.12175419999403,2.501940734863281,-9.657012396240233,-0.9014169250488281
12.126825599989388,2.492962478637695,-9.709086282348633,-0.8936357696533203
12.135021599999163,2.480392919921875,-9.683947164916992,-0.8696937530517578
12.14030499997898,2.545634915161133,-9.652223992919922,-0.8918401184082031
12.14512959998683,2.513313192749023,-9.616310968017578,-0.8774749084472656
12.1502270999772,2.492962478637695,-9.655815295410155,-0.8870517150878906
12.155585999978939,2.513313192749023,-9.655815295410155,-0.9074024291992187
12.161141799995676,2.472611764526367,-9.689932669067382,-0.9163806854248047
12.16717199998675,2.494159579467773,-9.688137017822266,-0.8846575134277344
12.176506399991922,2.5049334869384765,-9.651625442504882,-0.8858546142578124
12.18242879997706,2.512116091918945,-9.700706576538085,-0.8732850555419921
12.190928399999393,2.520495797729492,-9.67197615661621,-0.9014169250488281
12.197705099999439,2.4564509033203126,-9.660603698730467,-0.8756792572021483
12.204922100005206,2.465429159545898,-9.688137017822266,-0.9020154754638672
12.213239699980477,2.5192986968994138,-9.674370358276366,-0.9247603912353515
12.220467799983453,2.494159579467773,-9.677363110351562,-0.8996212738037109
12.227663700003177,2.494159579467773,-9.672574707031249,-0.8607154968261719
12.2349948999763,2.4564509033203126,-9.670180505371093,-0.8762778076171874
12.24208539997926,2.5354595581054684,-9.695918173217773,-0.9271545928955077
12.248870099982014,2.540247961425781,-9.713874685668944,-0.9211690887451172
12.256249400001252,2.5157073944091795,-9.645639938354492,-0.8690952026367187
12.26348599998164,2.482787121582031,-9.623493572998047,-0.8942343200683593
12.270866099977866,2.455852352905273,-9.692326870727538,-0.9151835845947265
12.27848529999028,2.513313192749023,-9.670779055786133,-0.919971987915039
12.292227999976603,2.471414663696289,-9.682750064086914,-0.8756792572021483
12.30181740000262,2.4911668273925778,-9.654618194580078,-0.891241567993164
12.316570599999977,2.521094348144531,-9.712079034423828,-0.8810662109374999
12.3289625000034,2.490568276977539,-9.672574707031249,-0.8810662109374999
12.340789799985941,2.4785972686767574,-9.699509475708007,-0.9002198242187499
12.351964300003601,2.522889999389648,-9.672574707031249,-0.8589198455810546
12.366210299980594,2.4857798736572265,-9.675567459106444,-0.8744821563720703
12.380291399982525,2.507327688598633,-9.65342109375,-0.8792705596923828
12.392547299998114,2.510918991088867,-9.665392102050781,-0.8678981018066406
12.405225499998778,2.4953566802978515,-9.665392102050781,-0.9026140258789062
12.424262199987425,2.492363928222656,-9.630077627563477,-0.8684966522216796
12.439449099998455,2.501940734863281,-9.675567459106444,-0.8942343200683593
12.454559199977666,2.50912333984375,-9.6917283203125,-0.9175777862548827
12.475005799991777,2.4947581298828125,-9.657012396240233,-0.8684966522216796
12.496544099994935,2.4779987182617185,-9.657610946655273,-0.8846575134277344
12.510552599997027,2.499546533203125,-9.683348614501952,-0.8894459167480468
12.517225899995537,2.474407415771484,-9.707889181518555,-0.9080009796142577
12.524082299991278,2.4857798736572265,-9.68454571533203,-0.8607154968261719
12.536335299984785,2.474407415771484,-9.685742816162108,-0.9121908325195311
12.546497799979988,2.501342184448242,-9.666589202880859,-0.881664761352539
12.553924699983327,2.5061305877685545,-9.683348614501952,-0.8607154968261719
12.560779399995226,2.509721890258789,-9.682151513671874,-0.9097966308593749
12.567422099993564,2.5067291381835934,-9.685742816162108,-0.9133879333496093
12.57666709998739,2.484582772827148,-9.657012396240233,-0.9056067779541015
12.583732899976894,2.50253928527832,-9.680954412841796,-0.8804676605224608
12.593206199991982,2.5192986968994138,-9.68454571533203,-0.8924386688232422
12.600604199978989,2.501940734863281,-9.686341366577148,-0.8792705596923828
12.608621399995172,2.483984222412109,-9.62109937133789,-0.8924386688232422
12.616008199984208,2.5007436340332028,-9.67856021118164,-0.9157821350097656
12.623266699985834,2.500145083618164,-9.667786303710937,-0.8589198455810546
12.630698799999664,2.4953566802978515,-9.674968908691406,-0.9121908325195311
12.637909899989609,2.513313192749023,-9.694122521972655,-0.900818374633789
12.645611399988411,2.549824768066406,-9.701305126953125,-0.8888473663330078
12.652994000003673,2.473808865356445,-9.65342109375,-0.8996212738037109
12.6602304999833,2.482787121582031,-9.65282254333496,-0.9151835845947265
12.66859299998032,2.50912333984375,-9.652223992919922,-0.8565256439208984
12.676234199985629,2.4851813232421875,-9.687538467407226,-0.8696937530517578
12.684019599983003,2.498349432373047,-9.67137760620117,-0.8643067993164062
12.69629839999834,2.5007436340332028,-9.686341366577148,-0.8924386688232422
12.713009400002193,2.532466806030273,-9.673173257446289,-0.8828618621826171
12.728663499990944,2.4899697265625,-9.656413845825195,-0.8798691101074219
12.74278139998205,2.488174075317383,-9.718064538574218,-0.8978256225585937
12.756019299995387,2.5240871002197265,-9.6779616607666,-0.833182177734375
12.772921299998416,2.5378537597656248,-9.701903677368163,-0.910395181274414
12.791700100002345,2.507926239013672,-9.694122521972655,-0.8780734588623046
12.810958799993386,2.503137835693359,-9.634866030883789,-0.8667010009765624
12.82849559999886,2.4672248107910155,-9.67197615661621,-0.8948328704833984
12.84588419998181,2.498947982788086,-9.668384854125977,-0.852934341430664
12.86287209999864,2.5240871002197265,-9.682750064086914,-0.891241567993164
12.880577799980529,2.452859600830078,-9.6779616607666,-0.8744821563720703
12.898052699980326,2.4965537811279295,-9.674968908691406,-0.8846575134277344
12.914637199981371,2.4857798736572265,-9.647435589599608,-0.8810662109374999
12.93339979997836,2.5067291381835934,-9.645041387939452,-0.9044096771240234
12.95303679999779,2.4690204620361325,-9.628880526733397,-0.8469488372802734
12.966769799997564,2.4863784240722655,-9.662399349975585,-0.8990227233886718
12.98326690000249,2.461837857055664,-9.66000514831543,-0.8876502655029296
13.006959499994991,2.508524789428711,-9.655216744995117,-0.8289923248291016
13.017259699990973,2.4953566802978515,-9.67137760620117,-0.8930372192382812
13.028112500003772,2.4869769744873045,-9.641450085449218,-0.843357534790039
13.040793599997414,2.4576480041503905,-9.64623848876953,-0.8559270935058593
13.05534219997935,2.503736386108398,-9.673771807861328,-0.8774749084472656
13.07325149999815,2.517503045654297,-9.67137760620117,-0.8678981018066406
13.088911899976665,2.498947982788086,-9.70369932861328,-0.8750807067871094
13.10369669998181,2.509721890258789,-9.674370358276366,-0.8595183959960937
13.119170499994652,2.512116091918945,-9.657610946655273,-0.8948328704833984
13.134182299982058,2.4947581298828125,-9.651026892089844,-0.8882488159179687
13.149518599995645,2.4851813232421875,-9.667187753295899,-0.8918401184082031
13.162821099977009,2.498947982788086,-9.674370358276366,-0.9080009796142577
13.17783089997829,2.481590020751953,-9.689932669067382,-0.8810662109374999
13.193536299979314,2.50912333984375,-9.667786303710937,-0.9253589416503906
13.208176699990872,2.490568276977539,-9.651625442504882,-0.8858546142578124
13.223402100004023,2.513313192749023,-9.662399349975585,-0.9211690887451172
13.238907699997071,2.454655252075195,-9.674370358276366,-0.891241567993164
13.256229599996004,2.4899697265625,-9.6779616607666,-0.9193734375
13.277728799992474,2.492363928222656,-9.658209497070311,-0.8894459167480468
13.291869799984852,2.503736386108398,-9.636661682128906,-0.8942343200683593
13.310190799995326,2.5067291381835934,-9.698910925292969,-0.9002198242187499
13.327702799986582,2.546832015991211,-9.695918173217773,-0.8595183959960937
13.344688699988183,2.499546533203125,-9.703100778198241,-0.910395181274414
13.362601000000723,2.4875755249023435,-9.643844287109374,-0.9020154754638672
13.379074900003616,2.5043349365234375,-9.630676177978515,-0.8487444885253905
13.39646139999968,2.4785972686767574,-9.664793551635741,-0.8936357696533203
13.413829199998872,2.508524789428711,-9.632471829223633,-0.9229647399902343
13.427151999989292,2.4851813232421875,-9.706692080688477,-0.8738836059570312
13.440737900004024,2.4863784240722655,-9.642048635864258,-0.9056067779541015
13.453226099984022,2.503736386108398,-9.674370358276366,-0.9157821350097656
13.460277099977247,2.512116091918945,-9.658808047485351,-0.842758984375
13.469485599984182,2.460042205810547,-9.673173257446289,-0.8565256439208984
13.482452199998079,2.503137835693359,-9.676166009521484,-0.8511386901855468
13.494008699984988,2.4666262603759765,-9.675567459106444,-0.9097966308593749
13.505570799985435,2.5049334869384765,-9.650428341674804,-0.8607154968261719
13.516974800004391,2.507327688598633,-9.689932669067382,-0.8804676605224608
13.526505299989367,2.511517541503906,-9.710881933593749,-0.881664761352539
13.534604299988132,2.503736386108398,-9.683947164916992,-0.9253589416503906
13.546110499999486,2.4684219116210935,-9.704297879028319,-0.9038111267089843
13.554630800004816,2.501342184448242,-9.662997900390625,-0.8822633117675781
13.560749399999622,2.512714642333984,-9.657012396240233,-0.8738836059570312
13.56811779999407,2.493561029052734,-9.726444244384766,-0.8882488159179687
13.575216900004307,2.499546533203125,-9.682750064086914,-0.8505401397705078
13.580251199979102,2.4899697265625,-9.670180505371093,-0.900818374633789
13.587186899996595,2.509721890258789,-9.624690673828125,-0.8780734588623046
13.592319699993823,2.503137835693359,-9.703100778198241,-0.8487444885253905
13.6003174999787,2.5007436340332028,-9.627683425903319,-0.8918401184082031
13.606909800000722,2.5055320373535155,-9.683348614501952,-0.9193734375
13.613424599985592,2.522291448974609,-9.72345149230957,-0.8762778076171874
13.624792999995407,2.4899697265625,-9.703100778198241,-0.8870517150878906
13.637500999990152,2.4857798736572265,-9.649231240844726,-0.8493430389404296
13.653061099990737,2.4959552307128905,-9.674968908691406,-0.8924386688232422
13.670079399977112,2.4768016174316405,-9.692925421142577,-0.8607154968261719
13.687208999996074,2.5252842010498044,-9.655216744995117,-0.8840589630126953
13.705499499978032,2.4678233612060545,-9.673173257446289,-0.8643067993164062
13.723776500002714,2.540247961425781,-9.692925421142577,-0.8930372192382812
13.740464699978475,2.48338567199707,-9.657012396240233,-0.8996212738037109
13.752732399996603,2.4911668273925778,-9.675567459106444,-0.8966285217285156
13.760864499985473,2.494159579467773,-9.658808047485351,-0.8493430389404296
13.770657699991716,2.492962478637695,-9.665990652465819,-0.8846575134277344
13.77797549997922,2.4492682983398435,-9.674370358276366,-0.8846575134277344
13.78537279999,2.5151088439941405,-9.683348614501952,-0.8559270935058593
13.792236199980834,2.50253928527832,-9.676166009521484,-0.8900444671630859
13.799877599987667,2.5067291381835934,-9.618106619262695,-0.8822633117675781
13.810898600000655,2.461837857055664,-9.680355862426758,-0.8744821563720703
13.826373299991246,2.480991470336914,-9.645041387939452,-0.9091980804443359
13.840715600003023,2.527678402709961,-9.658808047485351,-0.8649053497314453
13.854635199997574,2.5055320373535155,-9.700706576538085,-0.8613140472412109
13.869640099990647,2.48338567199707,-9.662997900390625,-0.8798691101074219
13.883377999998629,2.475005966186523,-9.663596450805663,-0.9026140258789062
13.895378799992613,2.50253928527832,-9.644442837524414,-0.9325415466308593
13.908663799986243,2.488174075317383,-9.667786303710937,-0.8990227233886718
13.919412399991415,2.4959552307128905,-9.674370358276366,-0.8978256225585937
13.932345099980012,2.460042205810547,-9.670180505371093,-0.8595183959960937
13.945523400005186,2.5378537597656248,-9.683348614501952,-0.8840589630126953
13.958702499978244,2.501940734863281,-9.682151513671874,-0.8553285430908203
13.972047299990663,2.5049334869384765,-9.721057290649414,-0.8828618621826171
13.98474119999446,2.442684243774414,-9.631873278808593,-0.8541314422607421
14.00017429998843,2.509721890258789,-9.669581954956055,-0.8804676605224608
14.01232449998497,2.50253928527832,-9.67197615661621,-0.8900444671630859
14.026663099997677,2.48338567199707,-9.67856021118164,-0.8942343200683593
14.04114629997639,2.503736386108398,-9.689334118652344,-0.9187748870849609
14.057247499993537,2.469619012451172,-9.648034140014648,-0.9032125762939452
14.07153849999304,2.450465399169922,-9.683348614501952,-0.8505401397705078
14.087232799996855,2.4911668273925778,-9.657610946655273,-0.8876502655029296
14.10243420000188,2.528276953125,-9.677363110351562,-0.9097966308593749
14.117693499982124,2.503736386108398,-9.706093530273437,-0.8972270721435547
14.14047529999516,2.489371176147461,-9.686341366577148,-0.8487444885253905
14.15786459998344,2.499546533203125,-9.665990652465819,-0.9062053283691406
14.175744299980579,2.489371176147461,-9.674370358276366,-0.8840589630126953
14.193468599987682,2.4768016174316405,-9.693523971557617,-0.9253589416503906
14.211486599990167,2.4971523315429685,-9.643844287109374,-0.8864531646728515
14.231084300001385,2.482787121582031,-9.694122521972655,-0.8774749084472656
14.250002099986887,2.494159579467773,-9.665990652465819,-0.9091980804443359
14.267337500001304,2.513313192749023,-9.624092123413085,-0.8571241943359375
14.286195900000166,2.4678233612060545,-9.64683703918457,-0.8589198455810546
14.305208599980688,2.4762030670166015,-9.65940659790039,-0.8768763580322265
14.3248044999782,2.4666262603759765,-9.695319622802733,-0.8786720092773437
14.342730699980166,2.480392919921875,-9.686939916992188,-0.862511148071289
14.356896999990568,2.489371176147461,-9.669581954956055,-0.8367734802246093
14.371783499984303,2.4899697265625,-9.694122521972655,-0.9277531433105468
14.388177199987695,2.475005966186523,-9.688137017822266,-0.8846575134277344
14.402327199990395,2.522291448974609,-9.693523971557617,-0.8744821563720703
14.415421699988656,2.5061305877685545,-9.688735568237304,-0.8756792572021483
14.423461999977008,2.512116091918945,-9.687538467407226,-0.8798691101074219
14.43507690000115,2.482787121582031,-9.72285294189453,-0.8637082489013671
14.443931299989345,2.473210314941406,-9.661800799560547,-0.8864531646728515
14.45343279998633,2.471414663696289,-9.679757312011718,-0.8840589630126953
14.459606099990197,2.500145083618164,-9.650428341674804,-0.8834604125976562
14.466988699976355,2.4582465545654295,-9.695918173217773,-0.8972270721435547
14.475825200002873,2.479195819091797,-9.676764559936522,-0.9032125762939452
14.484458199993242,2.470217562866211,-9.62109937133789,-0.9068038787841797
14.50144929997623,2.508524789428711,-9.658808047485351,-0.8756792572021483
14.514620699977968,2.4959552307128905,-9.648034140014648,-0.8870517150878906
14.524346699996386,2.48338567199707,-9.674370358276366,-0.8972270721435547
14.53108099999372,2.4678233612060545,-9.692326870727538,-0.9032125762939452
14.540972299990244,2.4965537811279295,-9.676764559936522,-0.8966285217285156
14.548049599980004,2.473210314941406,-9.702502227783203,-0.9020154754638672
14.557817599998089,2.519897247314453,-9.682151513671874,-0.9187748870849609
14.568246299983002,2.4594436553955075,-9.675567459106444,-0.8882488159179687
14.582447499997215,2.4911668273925778,-9.655815295410155,-0.8756792572021483
14.596757099992828,2.5342624572753905,-9.676166009521484,-0.9115922821044922
14.606318799982546,2.484582772827148,-9.679757312011718,-0.8900444671630859
14.615540700004203,2.508524789428711,-9.644442837524414,-0.8810662109374999
14.626890599989565,2.5055320373535155,-9.656413845825195,-0.8810662109374999
14.63780629998655,2.521094348144531,-9.668384854125977,-0.8882488159179687
14.652881499991054,2.5546131713867184,-9.660603698730467,-0.9337386474609375
14.663816799991764,2.4672248107910155,-9.71686743774414,-0.8798691101074219
14.676909699977841,2.500145083618164,-9.693523971557617,-0.8792705596923828
14.687024599988945,2.522291448974609,-9.668983404541015,-0.8918401184082031
14.69345589997829,2.5007436340332028,-9.670779055786133,-0.8505401397705078
14.703232899977593,2.481590020751953,-9.648632690429688,-0.9080009796142577
14.711232999979984,2.501940734863281,-9.669581954956055,-0.8373720306396484
14.723029099986888,2.501342184448242,-9.661800799560547,-0.8738836059570312
14.73485769997933,2.469619012451172,-9.692326870727538,-0.8667010009765624
14.742201799992472,2.499546533203125,-9.689932669067382,-0.9121908325195311
14.751399100001436,2.482188571166992,-9.67197615661621,-0.8672995513916015
14.762184499995783,2.488772625732422,-9.690531219482422,-0.8738836059570312
14.772312999994028,2.481590020751953,-9.64623848876953,-0.8900444671630859
14.782359100005124,2.5157073944091795,-9.66000514831543,-0.843956085205078
14.791875599999912,2.4959552307128905,-9.626486325073241,-0.8762778076171874
14.799954599991906,2.4690204620361325,-9.68514426574707,-0.8750807067871094
14.809052399999928,2.4953566802978515,-9.6779616607666,-0.9002198242187499
14.820164899982046,2.492962478637695,-9.668983404541015,-0.8828618621826171
14.831457499996759,2.531269705200195,-9.725247143554688,-0.8756792572021483
14.841024199995445,2.497750881958008,-9.683947164916992,-0.8457517364501953
14.850043599988567,2.499546533203125,-9.667786303710937,-0.9145850341796874
14.858651399990777,2.4971523315429685,-9.624690673828125,-0.862511148071289
14.867236699996283,2.501940734863281,-9.701903677368163,-0.9187748870849609
14.877944199979538,2.507327688598633,-9.642048635864258,-0.9151835845947265
14.888393999979598,2.5252842010498044,-9.679158761596678,-0.8768763580322265
14.903474099992309,2.499546533203125,-9.696516723632811,-0.8714894042968749
14.916874299990013,2.5378537597656248,-9.686341366577148,-0.8792705596923828
14.929291299980832,2.516904495239258,-9.638457333374022,-0.8942343200683593
14.943565099994885,2.503736386108398,-9.665990652465819,-0.8966285217285156
14.960481099988101,2.530072604370117,-9.707290631103515,-0.8756792572021483
14.977280899998732,2.461239306640625,-9.66000514831543,-0.9187748870849609
14.995672299992293,2.511517541503906,-9.696516723632811,-0.8684966522216796
15.008954899996752,2.471414663696289,-9.72345149230957,-0.8924386688232422
15.019542599999113,2.479195819091797,-9.668384854125977,-0.9014169250488281
15.03175470000133,2.500145083618164,-9.695319622802733,-0.8631096984863281
15.042663200001698,2.512714642333984,-9.664793551635741,-0.8421604339599609
15.053519199980656,2.526481301879883,-9.638457333374022,-0.8744821563720703
15.06361559999641,2.518101596069336,-9.668384854125977,-0.8990227233886718
15.075298599986127,2.482188571166992,-9.69831237487793,-0.8415618835449218
15.086125899979379,2.4869769744873045,-9.679757312011718,-0.9026140258789062
15.10068339999998,2.522291448974609,-9.636661682128906,-0.8786720092773437
15.113561999984086,2.530072604370117,-9.660603698730467,-0.9050082275390624
15.126893699984066,2.508524789428711,-9.649231240844726,-0.9062053283691406
15.135673999990104,2.4672248107910155,-9.695319622802733,-0.9127893829345702
15.143751399999019,2.475005966186523,-9.666589202880859,-0.8810662109374999
15.15396269998746,2.508524789428711,-9.706093530273437,-0.8870517150878906
15.16629500000272,2.479794369506836,-9.67197615661621,-0.8924386688232422
15.181073899992043,2.4343045379638673,-9.696516723632811,-0.8678981018066406
15.190110900002765,2.52169289855957,-9.695319622802733,-0.8882488159179687
15.196273499983363,2.4851813232421875,-9.669581954956055,-0.8828618621826171
15.202351599989925,2.4959552307128905,-9.721057290649414,-0.9097966308593749
15.208244299981743,2.507327688598633,-9.67137760620117,-0.8846575134277344
15.214096999989124,2.5007436340332028,-9.654618194580078,-0.8828618621826171
15.222155499999644,2.5444378143310544,-9.697115274047851,-0.8643067993164062
15.228644999995595,2.5049334869384765,-9.700706576538085,-0.9307458953857422
15.237825699994573,2.5139117431640625,-9.673771807861328,-0.8463502868652343
15.256691199989291,2.4534581512451172,-9.701305126953125,-0.8960299713134765
15.274761199980276,2.4863784240722655,-9.667187753295899,-0.8631096984863281
15.28611240000464,2.501940734863281,-9.669581954956055,-0.8972270721435547
15.296485899976688,2.4582465545654295,-9.661202249145507,-0.8990227233886718
15.304677099979017,2.50912333984375,-9.6779616607666,-0.8996212738037109
15.31177159998333,2.519897247314453,-9.680355862426758,-0.8397662322998046
15.321689299977152,2.5252842010498044,-9.701903677368163,-0.8463502868652343
15.332591099984711,2.47081611328125,-9.695918173217773,-0.8768763580322265
15.341543599992292,2.529474053955078,-9.719261639404296,-0.8397662322998046
15.34972430000198,2.498947982788086,-9.696516723632811,-0.8732850555419921
15.357495000003837,2.527678402709961,-9.679158761596678,-0.8583212951660156
15.363863399979891,2.47081611328125,-9.666589202880859,-0.8834604125976562
15.373608499998227,2.4971523315429685,-9.686341366577148,-0.8672995513916015
15.382667300000321,2.471414663696289,-9.701903677368163,-0.9056067779541015
15.39060809998773,2.5330653564453125,-9.660603698730467,-0.8696937530517578
15.397218400001293,2.497750881958008,-9.657610946655273,-0.8577227447509765
15.406795899994904,2.5067291381835934,-9.674370358276366,-0.9115922821044922
15.419639500003541,2.4480711975097655,-9.657610946655273,-0.8726865051269531
15.440122899977723,2.4863784240722655,-9.675567459106444,-0.900818374633789
15.46615500000189,2.473210314941406,-9.654019644165038,-0.881664761352539
15.488912699976936,2.492962478637695,-9.694122521972655,-0.8661024505615234
15.511705599987181,2.5432407135009765,-9.667786303710937,-0.8451531860351562
15.5347841999901,2.4971523315429685,-9.725845693969726,-0.9044096771240234
15.554459999984829,2.508524789428711,-9.682750064086914,-0.8667010009765624
15.574212899984559,2.484582772827148,-9.664195001220703,-0.9127893829345702
15.591969899978722,2.469619012451172,-9.662997900390625,-0.8804676605224608
15.611951300001238,2.501940734863281,-9.626486325073241,-0.8792705596923828
15.632578499993542,2.512116091918945,-9.661202249145507,-0.86191259765625
15.650227199977962,2.5043349365234375,-9.645639938354492,-0.9301473449707031
15.667599499982316,2.5061305877685545,-9.669581954956055,-0.8672995513916015
15.684591900004307,2.489371176147461,-9.676764559936522,-0.8451531860351562
15.700425399991218,2.492962478637695,-9.635464581298828,-0.8990227233886718
15.715092300000833,2.5336639068603515,-9.631274728393555,-0.8846575134277344
15.731708699982846,2.479794369506836,-9.657012396240233,-0.8936357696533203
15.747896799992304,2.470217562866211,-9.676764559936522,-0.8786720092773437
15.764075299986871,2.491765377807617,-9.687538467407226,-0.8846575134277344
15.779946700000437,2.5145102935791015,-9.644442837524414,-0.8547299926757812
15.790350199997192,2.5007436340332028,-9.677363110351562,-0.8876502655029296
15.80147449998185,2.4971523315429685,-9.645041387939452,-0.8714894042968749
15.815755199990235,2.48338567199707,-9.692326870727538,-0.9056067779541015
15.828710400004638,2.454655252075195,-9.682151513671874,-0.8176198669433593
15.842011300002923,2.5067291381835934,-9.676764559936522,-0.8607154968261719
15.855784499988658,2.527079852294922,-9.651625442504882,-0.8828618621826171
15.870776900002966,2.498349432373047,-9.682750064086914,-0.8475473876953125
15.886190699995495,2.488174075317383,-9.662997900390625,-0.8822633117675781
15.902943699999014,2.473210314941406,-9.663596450805663,-0.8367734802246093
15.918601299985312,2.488174075317383,-9.664195001220703,-0.8936357696533203
15.934120699996129,2.5157073944091795,-9.683947164916992,-0.8768763580322265
15.950368699996034,2.4899697265625,-9.67137760620117,-0.8792705596923828
15.966332699987106,2.489371176147461,-9.683348614501952,-0.8870517150878906
15.981538299995009,2.4911668273925778,-9.626486325073241,-0.8613140472412109
15.996660100005101,2.4768016174316405,-9.719860189819336,-0.8643067993164062
16.011610399989877,2.513313192749023,-9.731232647705077,-0.8451531860351562
16.026333299989346,2.529474053955078,-9.662399349975585,-0.8678981018066406
16.04154069998185,2.508524789428711,-9.651625442504882,-0.9014169250488281
16.05664589998196,2.464830609130859,-9.707290631103515,-0.86191259765625
16.07228490000125,2.4785972686767574,-9.655216744995117,-0.8451531860351562
16.088054299994837,2.460640756225586,-9.605537060546874,-0.8732850555419921
16.102193600003375,2.482787121582031,-9.667187753295899,-0.8589198455810546
16.114855399995577,2.5049334869384765,-9.687538467407226,-0.8696937530517578
16.129991299996618,2.4576480041503905,-9.65342109375,-0.8990227233886718
16.14492659998359,2.488772625732422,-9.67137760620117,-0.8547299926757812
16.163762599986512,2.479794369506836,-9.649829791259766,-0.9205705383300781
16.17894109999179,2.472611764526367,-9.674968908691406,-0.9038111267089843
16.19498449997627,2.507926239013672,-9.688735568237304,-0.8708908538818358
16.211026199976914,2.4911668273925778,-9.714473236083984,-0.9109937316894531
16.22766189998947,2.503736386108398,-9.6396544342041,-0.8894459167480468
16.244268799986457,2.5061305877685545,-9.669581954956055,-0.8565256439208984
16.259695099986857,2.472611764526367,-9.682151513671874,-0.8708908538818358
16.273544499999844,2.4965537811279295,-9.693523971557617,-0.8744821563720703
16.28755330000422,2.4660277099609376,-9.636063131713867,-0.9157821350097656
16.300943899987033,2.494159579467773,-9.680954412841796,-0.8852560638427733
16.314005099993665,2.4666262603759765,-9.668384854125977,-0.8870517150878906
16.327135899977293,2.460640756225586,-9.706093530273437,-0.8984241729736328
16.338010299979942,2.4762030670166015,-9.65342109375,-0.8613140472412109
16.34589169998071,2.501342184448242,-9.693523971557617,-0.8774749084472656
16.35505389998434,2.508524789428711,-9.647435589599608,-0.8708908538818358
16.362274899991462,2.4660277099609376,-9.689334118652344,-0.9020154754638672
16.369816899998114,2.5336639068603515,-9.679757312011718,-0.9217676391601562
16.377168499981053,2.5145102935791015,-9.642647186279296,-0.8834604125976562
16.385028299991973,2.508524789428711,-9.689932669067382,-0.8493430389404296
16.391982899978757,2.484582772827148,-9.654019644165038,-0.8846575134277344
16.399333599983947,2.508524789428711,-9.692925421142577,-0.8762778076171874
16.406841799995163,2.503137835693359,-9.673771807861328,-0.8613140472412109
16.41419889999088,2.443282794189453,-9.695319622802733,-0.8762778076171874
16.420274699979927,2.488772625732422,-9.706692080688477,-0.9056067779541015
16.427465599990683,2.5378537597656248,-9.688137017822266,-0.8888473663330078
16.433342000003904,2.518700146484375,-9.698910925292969,-0.8762778076171874
16.43926559999818,2.546233465576172,-9.662997900390625,-0.8786720092773437
16.446411399985664,2.472013214111328,-9.643844287109374,-0.9133879333496093
16.45488099998329,2.5067291381835934,-9.669581954956055,-0.8852560638427733
16.471763699984876,2.488174075317383,-9.666589202880859,-0.8678981018066406
16.484338599984767,2.499546533203125,-9.669581954956055,-0.8990227233886718
16.499974099977408,2.488174075317383,-9.704896429443359,-0.8589198455810546
16.514141499996185,2.4779987182617185,-9.67856021118164,-0.8864531646728515
16.52902039999026,2.479195819091797,-9.649829791259766,-0.8780734588623046
16.542598600004567,2.5145102935791015,-9.674968908691406,-0.9020154754638672
16.553493699990213,2.546233465576172,-9.700706576538085,-0.900818374633789
16.56179529998917,2.518700146484375,-9.693523971557617,-0.8463502868652343
16.571108999982243,2.488174075317383,-9.685742816162108,-0.8415618835449218
16.580533799977275,2.5145102935791015,-9.66000514831543,-0.8858546142578124
16.594495199999074,2.4869769744873045,-9.664793551635741,-0.8655039001464844
16.608968799992,2.497750881958008,-9.672574707031249,-0.8667010009765624
16.621091499982867,2.479794369506836,-9.655815295410155,-0.8726865051269531
16.628862299985485,2.537255209350586,-9.65940659790039,-0.8978256225585937
16.638286899978993,2.4971523315429685,-9.673771807861328,-0.9127893829345702
16.649658599984832,2.5157073944091795,-9.65342109375,-0.8858546142578124
16.66084939998109,2.493561029052734,-9.649829791259766,-0.8696937530517578
16.668803299980937,2.530072604370117,-9.692925421142577,-0.8828618621826171
16.675458499987144,2.50253928527832,-9.669581954956055,-0.843357534790039
16.682143799989717,2.512714642333984,-9.707290631103515,-0.8493430389404296
16.69073989999015,2.5240871002197265,-9.657610946655273,-0.852934341430664
16.69907129998319,2.4684219116210935,-9.657012396240233,-0.8409633331298828
16.711613699997542,2.4959552307128905,-9.68514426574707,-0.8966285217285156
16.719294599985005,2.471414663696289,-9.669581954956055,-0.843357534790039
16.72634839999955,2.489371176147461,-9.641450085449218,-0.8337807281494141
16.733507600001758,2.4965537811279295,-9.651625442504882,-0.8559270935058593
16.74310669998522,2.498947982788086,-9.696516723632811,-0.8996212738037109
16.752788099984173,2.50253928527832,-9.655815295410155,-0.8631096984863281
16.760870500002056,2.5043349365234375,-9.657012396240233,-0.910395181274414
16.770482799998717,2.510918991088867,-9.704297879028319,-0.8259995727539062
16.778955599991605,2.46423205871582,-9.676166009521484,-0.8511386901855468
16.787674799998058,2.5163059448242184,-9.651625442504882,-0.8457517364501953
16.79650529997889,2.46423205871582,-9.688735568237304,-0.8846575134277344
16.8058483999921,2.48338567199707,-9.694122521972655,-0.8924386688232422
16.812467099982314,2.481590020751953,-9.674370358276366,-0.9283516937255859
16.821715999976732,2.521094348144531,-9.657610946655273,-0.8565256439208984
16.830313599988585,2.501342184448242,-9.719860189819336,-0.872087954711914
16.84602209998411,2.503736386108398,-9.654618194580078,-0.8744821563720703
16.861015899979975,2.452261050415039,-9.67137760620117,-0.8325836273193359
16.875512500002515,2.503137835693359,-9.682151513671874,-0.8858546142578124
16.88884979998693,2.460640756225586,-9.7162688873291,-0.8559270935058593
16.902791899978183,2.528276953125,-9.677363110351562,-0.8678981018066406
16.915988099994138,2.4965537811279295,-9.66000514831543,-0.8565256439208984
16.929828099993756,2.479794369506836,-9.694122521972655,-0.8786720092773437
16.944650499994168,2.4857798736572265,-9.64025298461914,-0.852934341430664
16.959153999981936,2.473210314941406,-9.655216744995117,-0.900818374633789
16.97704649998923,2.503736386108398,-9.675567459106444,-0.9181763366699218
16.99713079998037,2.509721890258789,-9.642647186279296,-0.9097966308593749
17.01682299998356,2.4947581298828125,-9.695319622802733,-0.8607154968261719
17.03258219998679,2.501940734863281,-9.637260232543944,-0.9026140258789062
17.047452899976633,2.500145083618164,-9.668384854125977,-0.9014169250488281
17.062000899983104,2.488174075317383,-9.667187753295899,-0.8972270721435547
17.079139499983285,2.475005966186523,-9.667786303710937,-0.9139864837646484
17.097354300000006,2.520495797729492,-9.670779055786133,-0.9133879333496093
17.115377799986163,2.4875755249023435,-9.664195001220703,-0.8690952026367187
17.127800899994327,2.48338567199707,-9.664793551635741,-0.8918401184082031
17.139091999997618,2.499546533203125,-9.660603698730467,-0.8708908538818358
17.15024529999937,2.501940734863281,-9.715670336914062,-0.8858546142578124
17.161687499989057,2.5288755035400388,-9.69771382446289,-0.872087954711914
17.173924200003967,2.44507844543457,-9.669581954956055,-0.86191259765625
17.18749620000017,2.4863784240722655,-9.679757312011718,-0.8655039001464844
17.19886149998638,2.4899697265625,-9.681552963256836,-0.8960299713134765
17.214485100004822,2.529474053955078,-9.701305126953125,-0.8750807067871094
17.22966079998878,2.488174075317383,-9.682151513671874,-0.8708908538818358
17.242713599989656,2.499546533203125,-9.727042794799804,-0.8822633117675781
17.250402000005124,2.4774001678466795,-9.701903677368163,-0.8756792572021483
17.256756199989468,2.512116091918945,-9.689334118652344,-0.8930372192382812
17.263029699999606,2.473210314941406,-9.718064538574218,-0.8972270721435547
17.269304899993585,2.4851813232421875,-9.651026892089844,-0.8259995727539062
17.276757099985844,2.528276953125,-9.662399349975585,-0.8732850555419921
17.284307099995203,2.530671154785156,-9.645639938354492,-0.8876502655029296
17.29539479999221,2.491765377807617,-9.670779055786133,-0.843956085205078
17.305669399996987,2.4947581298828125,-9.660603698730467,-0.8649053497314453
17.315558000002056,2.4911668273925778,-9.67197615661621,-0.8672995513916015
17.326313199999277,2.492962478637695,-9.686341366577148,-0.9014169250488281
17.33587899999111,2.501342184448242,-9.712677584838866,-0.8469488372802734
17.345570199977374,2.5043349365234375,-9.645041387939452,-0.872087954711914
17.35428459997638,2.470217562866211,-9.681552963256836,-0.8804676605224608
17.362865799979772,2.492962478637695,-9.648632690429688,-0.8493430389404296
17.371080299984897,2.470217562866211,-9.664793551635741,-0.8804676605224608
17.379386799992062,2.4564509033203126,-9.679158761596678,-0.8804676605224608
17.386993399995845,2.464830609130859,-9.667786303710937,-0.872087954711914
17.395146900002146,2.5067291381835934,-9.689932669067382,-0.8702923034667969
17.40299179998692,2.521094348144531,-9.647435589599608,-0.8948328704833984
17.411061799997697,2.4911668273925778,-9.644442837524414,-0.8924386688232422
17.418853399984073,2.4672248107910155,-9.664793551635741,-0.862511148071289
17.426358900003834,2.497750881958008,-9.688735568237304,-0.8792705596923828
17.434773999993922,2.479794369506836,-9.71028338317871,-0.8451531860351562
17.44198669999605,2.4971523315429685,-9.700108026123047,-0.8900444671630859
17.450966499978676,2.498947982788086,-9.661800799560547,-0.8738836059570312
17.45706459999201,2.480392919921875,-9.689932669067382,-0.8696937530517578
17.46391859999858,2.493561029052734,-9.679757312011718,-0.8762778076171874
17.47027170000365,2.555211721801758,-9.6779616607666,-0.8631096984863281
17.477512399986153,2.484582772827148,-9.65282254333496,-0.8840589630126953
17.48500749998493,2.4779987182617185,-9.688137017822266,-0.910395181274414
17.49264559999574,2.460640756225586,-9.69112976989746,-0.8780734588623046
17.500716699985787,2.5246856506347655,-9.69771382446289,-0.8942343200683593
17.50804829999106,2.5061305877685545,-9.637260232543944,-0.8589198455810546
17.515525299997535,2.497750881958008,-9.704297879028319,-0.8397662322998046
17.5225259999861,2.526481301879883,-9.657012396240233,-0.8972270721435547
17.529844399978174,2.511517541503906,-9.638457333374022,-0.8732850555419921
17.53738369999337,2.4953566802978515,-9.648632690429688,-0.8750807067871094
17.54458600000362,2.5426421630859375,-9.694122521972655,-0.8792705596923828
17.552421300002607,2.4959552307128905,-9.664195001220703,-0.8571241943359375
17.561712599999737,2.500145083618164,-9.70369932861328,-0.8906430175781249
17.56967589998385,2.472611764526367,-9.674968908691406,-0.8918401184082031
17.578595400002087,2.5067291381835934,-9.704297879028319,-0.86191259765625
17.595249999983935,2.5151088439941405,-9.719261639404296,-0.8349778289794921
17.609826100000646,2.539649411010742,-9.637260232543944,-0.8918401184082031
17.627401299978374,2.473808865356445,-9.668983404541015,-0.8684966522216796
17.643192499992438,2.529474053955078,-9.681552963256836,-0.8762778076171874
17.658286699996097,2.522889999389648,-9.673771807861328,-0.8846575134277344
17.673534599976847,2.494159579467773,-9.694122521972655,-0.834379278564453
17.689230399992084,2.470217562866211,-9.683947164916992,-0.9151835845947265
17.705237799993483,2.473210314941406,-9.676764559936522,-0.8792705596923828
17.72153429998434,2.5067291381835934,-9.687538467407226,-0.8631096984863281
17.742212499986636,2.50912333984375,-9.657012396240233,-0.8607154968261719
17.75585809999029,2.52169289855957,-9.64025298461914,-0.9121908325195311
17.76580729999114,2.508524789428711,-9.68454571533203,-0.8870517150878906
17.77366279999842,2.4774001678466795,-9.696516723632811,-0.8900444671630859
17.779177899996284,2.5192986968994138,-9.661800799560547,-0.8571241943359375
17.787247899977956,2.470217562866211,-9.711480484008788,-0.8798691101074219
17.792508399987128,2.4953566802978515,-9.674370358276366,-0.8960299713134765
17.79819729999872,2.4588451049804685,-9.679757312011718,-0.9283516937255859
17.804349399986677,2.491765377807617,-9.651625442504882,-0.8960299713134765
17.809482899989234,2.4779987182617185,-9.67856021118164,-0.9127893829345702
17.815891099977307,2.518101596069336,-9.676166009521484,-0.853532891845703
17.823583299992606,2.492363928222656,-9.683947164916992,-0.8864531646728515
17.831531399977393,2.4959552307128905,-9.657610946655273,-0.8924386688232422
17.83883949997835,2.5258827514648434,-9.6779616607666,-0.862511148071289
17.845913800003473,2.472013214111328,-9.69771382446289,-0.8283937744140625
17.853754799987655,2.5163059448242184,-9.680954412841796,-0.8924386688232422
17.8603490999958,2.488174075317383,-9.672574707031249,-0.8930372192382812
17.8676959000004,2.5240871002197265,-9.718663088989258,-0.8852560638427733
17.875251999998,2.4869769744873045,-9.667187753295899,-0.8589198455810546
17.88284889998613,2.4899697265625,-9.663596450805663,-0.8547299926757812
17.890358199976617,2.4785972686767574,-9.663596450805663,-0.8738836059570312
17.898597099992912,2.493561029052734,-9.662399349975585,-0.8361749298095703
17.90562819998013,2.475005966186523,-9.636661682128906,-0.8684966522216796
17.91312179999659,2.542043612670898,-9.675567459106444,-0.8672995513916015
17.920128800004022,2.490568276977539,-9.652223992919922,-0.8864531646728515
17.929118799977005,2.481590020751953,-9.665392102050781,-0.8954314208984374
17.94367079998483,2.50253928527832,-9.662997900390625,-0.8990227233886718
17.95982570000342,2.479794369506836,-9.682151513671874,-0.8601169464111328
17.97329809999792,2.5103204406738278,-9.69112976989746,-0.8750807067871094
17.988486499991268,2.490568276977539,-9.663596450805663,-0.8792705596923828
18.003722099994775,2.497750881958008,-9.686939916992188,-0.8936357696533203
18.019493899977533,2.461239306640625,-9.631274728393555,-0.8990227233886718
18.030578399979277,2.488174075317383,-9.679158761596678,-0.8876502655029296
18.038279500004137,2.536656658935547,-9.657012396240233,-0.8714894042968749
18.045351699984167,2.480392919921875,-9.67137760620117,-0.8493430389404296
18.05403089997708,2.465429159545898,-9.652223992919922,-0.9068038787841797
18.05936849999125,2.500145083618164,-9.638457333374022,-0.8541314422607421
18.064391899999464,2.4762030670166015,-9.692326870727538,-0.8738836059570312
18.07188029997633,2.508524789428711,-9.685742816162108,-0.8571241943359375
18.079279300000053,2.4965537811279295,-9.705494979858399,-0.8714894042968749
18.091010000003735,2.498349432373047,-9.683348614501952,-0.8696937530517578
18.10159229999408,2.4971523315429685,-9.664195001220703,-0.8445546356201171
18.110859999986133,2.529474053955078,-9.667187753295899,-0.8517372406005859
18.123213599988958,2.5348610076904294,-9.674370358276366,-0.8445546356201171
18.130343800003175,2.5043349365234375,-9.636661682128906,-0.8499415893554687
18.140121699980227,2.464830609130859,-9.628880526733397,-0.8792705596923828
18.14757709999685,2.4534581512451172,-9.677363110351562,-0.8852560638427733
18.159597699996084,2.512714642333984,-9.686939916992188,-0.8732850555419921
18.170507999981055,2.4774001678466795,-9.664195001220703,-0.8655039001464844
18.18093420000514,2.4869769744873045,-9.703100778198241,-0.8607154968261719
18.192458099976648,2.50912333984375,-9.67137760620117,-0.8888473663330078
18.20338299998548,2.5139117431640625,-9.674370358276366,-0.8696937530517578
18.217081299982965,2.511517541503906,-9.667786303710937,-0.8882488159179687
18.229901599988807,2.5151088439941405,-9.661800799560547,-0.8906430175781249
18.245348299999023,2.5163059448242184,-9.701305126953125,-0.8726865051269531
18.25498019999941,2.4390929412841795,-9.651026892089844,-0.872087954711914
18.264207600004738,2.482787121582031,-9.661800799560547,-0.8990227233886718
18.27386009998736,2.488772625732422,-9.612719665527344,-0.8655039001464844
18.280683999997564,2.4851813232421875,-9.649231240844726,-0.8810662109374999
18.290689099987503,2.5354595581054684,-9.667187753295899,-0.8403647827148437
18.295839800004615,2.5067291381835934,-9.667187753295899,-0.8631096984863281
18.30382629999076,2.5474305664062498,-9.661800799560547,-0.8726865051269531
18.310548899986316,2.52169289855957,-9.694721072387695,-0.8589198455810546
18.318277699989267,2.5432407135009765,-9.663596450805663,-0.8876502655029296
18.32814729999518,2.473210314941406,-9.627683425903319,-0.8930372192382812
18.337881299987203,2.4869769744873045,-9.668983404541015,-0.8774749084472656
18.3476088999887,2.5157073944091795,-9.668983404541015,-0.8655039001464844
18.35730179998791,2.510918991088867,-9.67137760620117,-0.8804676605224608
18.3648423999839,2.5192986968994138,-9.670779055786133,-0.8948328704833984
18.374680299981264,2.4875755249023435,-9.664793551635741,-0.8894459167480468
18.385378999984823,2.492363928222656,-9.649829791259766,-0.9097966308593749
18.40148329999647,2.5480291168212887,-9.654618194580078,-0.8888473663330078
18.422437999979593,2.4911668273925778,-9.676764559936522,-0.9151835845947265
18.442166499997256,2.480392919921875,-9.674370358276366,-0.8655039001464844
18.459344200004125,2.482188571166992,-9.695918173217773,-0.9002198242187499
18.473552699986612,2.489371176147461,-9.704896429443359,-0.8487444885253905
18.485696999996435,2.4678233612060545,-9.655815295410155,-0.8553285430908203
18.498713199980557,2.5067291381835934,-9.65342109375,-0.8978256225585937
18.512191999994684,2.522291448974609,-9.672574707031249,-0.8936357696533203
18.53028279999853,2.4899697265625,-9.679158761596678,-0.8589198455810546
18.54369229997974,2.522889999389648,-9.643844287109374,-0.8607154968261719
18.560713899991242,2.516904495239258,-9.677363110351562,-0.8702923034667969
18.57428619998973,2.4947581298828125,-9.66000514831543,-0.8762778076171874
18.589819899993017,2.5151088439941405,-9.674968908691406,-0.8283937744140625
18.601966199988965,2.4851813232421875,-9.710881933593749,-0.8672995513916015
18.608242999995127,2.4630349578857422,-9.665392102050781,-0.852934341430664
18.617333999980474,2.482787121582031,-9.692326870727538,-0.8942343200683593
18.624930699996185,2.4438813446044922,-9.661800799560547,-0.8780734588623046
18.634524299995974,2.509721890258789,-9.643245736694336,-0.8954314208984374
18.64304659998743,2.491765377807617,-9.67137760620117,-0.8762778076171874
18.65285449998919,2.4899697265625,-9.67197615661621,-0.842758984375
18.66103089999524,2.501940734863281,-9.682151513671874,-0.8750807067871094
18.671112699987134,2.492962478637695,-9.69112976989746,-0.8553285430908203
18.679546200000914,2.50912333984375,-9.688137017822266,-0.8780734588623046
18.688366699992912,2.5067291381835934,-9.651026892089844,-0.8756792572021483
18.695820599998115,2.5103204406738278,-9.680355862426758,-0.8870517150878906
18.705912399978843,2.4678233612060545,-9.65940659790039,-0.8499415893554687
18.71352509999997,2.480991470336914,-9.658209497070311,-0.8780734588623046
18.72245699999621,2.489371176147461,-9.695918173217773,-0.8678981018066406
18.73033249998116,2.5252842010498044,-9.651026892089844,-0.8936357696533203
18.738457400002517,2.494159579467773,-9.682151513671874,-0.8678981018066406
18.748596499994164,2.479195819091797,-9.622895022583007,-0.872087954711914
18.757816400000593,2.484582772827148,-9.692925421142577,-0.8780734588623046
18.768921699986095,2.4953566802978515,-9.65940659790039,-0.8882488159179687
18.77935329999309,2.490568276977539,-9.6917283203125,-0.8774749084472656
18.789540099998703,2.4953566802978515,-9.689334118652344,-0.8864531646728515
18.800170499976957,2.4660277099609376,-9.668983404541015,-0.8672995513916015
18.80897109999205,2.513313192749023,-9.679757312011718,-0.8589198455810546
18.821765500004403,2.488772625732422,-9.661800799560547,-0.833182177734375
18.83481469997787,2.527079852294922,-9.690531219482422,-0.8649053497314453
18.84622509998735,2.4971523315429685,-9.686939916992188,-0.9038111267089843
18.854083899990655,2.507327688598633,-9.662399349975585,-0.8966285217285156
18.859023400000297,2.480991470336914,-9.662997900390625,-0.842758984375
18.866368899994995,2.527079852294922,-9.687538467407226,-0.8499415893554687
18.872560299991164,2.5139117431640625,-9.661202249145507,-0.8768763580322265
18.879577599989716,2.518101596069336,-9.664793551635741,-0.8469488372802734
18.885407900001155,2.511517541503906,-9.67137760620117,-0.8684966522216796
18.89104819999193,2.473808865356445,-9.641450085449218,-0.9026140258789062
18.8982092999795,2.5246856506347655,-9.664195001220703,-0.8499415893554687
18.908648399985395,2.499546533203125,-9.682750064086914,-0.8487444885253905
18.91797919999226,2.4953566802978515,-9.685742816162108,-0.9080009796142577
18.926854999997886,2.5067291381835934,-9.70369932861328,-0.8565256439208984
18.935706699994626,2.4971523315429685,-9.67856021118164,-0.8655039001464844
18.94234479998704,2.5192986968994138,-9.667786303710937,-0.8768763580322265
18.954046099999687,2.473808865356445,-9.662997900390625,-0.8559270935058593
18.963935499981744,2.531269705200195,-9.68514426574707,-0.8954314208984374
18.97907619999023,2.4774001678466795,-9.682151513671874,-0.8409633331298828
18.994766499992693,2.501940734863281,-9.679158761596678,-0.8744821563720703
19.00685059998068,2.513313192749023,-9.669581954956055,-0.8762778076171874
19.016809199994896,2.5151088439941405,-9.682750064086914,-0.8762778076171874
19.025544499978423,2.501940734863281,-9.673771807861328,-0.8954314208984374
19.036481499992078,2.4851813232421875,-9.66000514831543,-0.8870517150878906
19.044175199989695,2.501342184448242,-9.68514426574707,-0.8319850769042968
19.052894099993864,2.508524789428711,-9.664793551635741,-0.8798691101074219
19.061287599994102,2.481590020751953,-9.696516723632811,-0.872087954711914
19.07035199998063,2.461239306640625,-9.700706576538085,-0.8948328704833984
19.07966999997734,2.509721890258789,-9.670180505371093,-0.8678981018066406
19.08882169998833,2.508524789428711,-9.649231240844726,-0.8613140472412109
19.096088399994187,2.503137835693359,-9.654618194580078,-0.8469488372802734
19.107403100002557,2.4875755249023435,-9.674370358276366,-0.8649053497314453
19.114337199978763,2.4947581298828125,-9.688137017822266,-0.853532891845703
19.128497400000924,2.5192986968994138,-9.670180505371093,-0.8864531646728515
19.141755799995735,2.4756045166015626,-9.680355862426758,-0.8948328704833984
19.158069900004193,2.522291448974609,-9.649829791259766,-0.8637082489013671
19.17385339998873,2.541445062255859,-9.645639938354492,-0.8451531860351562
19.1887084999762,2.4779987182617185,-9.65342109375,-0.8882488159179687
19.201681799982907,2.489371176147461,-9.694122521972655,-0.843357534790039
19.211292699998012,2.5163059448242184,-9.649829791259766,-0.8786720092773437
19.219706599978963,2.488174075317383,-9.670779055786133,-0.8457517364501953
19.228493799979333,2.50253928527832,-9.649829791259766,-0.8577227447509765
19.239659799990477,2.46423205871582,-9.67856021118164,-0.8565256439208984
19.24832789998618,2.472611764526367,-9.700706576538085,-0.8565256439208984
19.264642499998445,2.5067291381835934,-9.668384854125977,-0.8511386901855468
19.279470899986336,2.541445062255859,-9.657012396240233,-0.8601169464111328
19.292825399985304,2.492962478637695,-9.6396544342041,-0.8744821563720703
19.305974899994908,2.5163059448242184,-9.674968908691406,-0.8696937530517578
19.313814399996772,2.503736386108398,-9.65940659790039,-0.8254010223388671
19.324167499988107,2.5061305877685545,-9.681552963256836,-0.8708908538818358
19.334558799979277,2.47081611328125,-9.714473236083984,-0.8744821563720703
19.345210600004066,2.4492682983398435,-9.677363110351562,-0.862511148071289
19.355500999983633,2.488772625732422,-9.72345149230957,-0.8661024505615234
19.368483600002946,2.509721890258789,-9.661800799560547,-0.8655039001464844
19.38459469997906,2.4899697265625,-9.616310968017578,-0.8541314422607421
19.39715289999731,2.494159579467773,-9.701903677368163,-0.8637082489013671
19.407424499979243,2.5139117431640625,-9.672574707031249,-0.8942343200683593
19.415330299991183,2.4768016174316405,-9.6917283203125,-0.8834604125976562
19.423550499981502,2.5103204406738278,-9.675567459106444,-0.8774749084472656
19.430193499982124,2.482188571166992,-9.695319622802733,-0.8655039001464844
19.43766759999562,2.5336639068603515,-9.68454571533203,-0.8589198455810546
19.444407000002684,2.513313192749023,-9.652223992919922,-0.8948328704833984
19.45354459999362,2.455253802490234,-9.6917283203125,-0.8655039001464844
19.459894400002668,2.479794369506836,-9.673771807861328,-0.8577227447509765
19.467702900001314,2.465429159545898,-9.655216744995117,-0.8750807067871094
19.473969999991823,2.50912333984375,-9.654019644165038,-0.8804676605224608
19.480270500003826,2.4672248107910155,-9.618106619262695,-0.8672995513916015
19.488191399985226,2.499546533203125,-9.682750064086914,-0.8649053497314453
19.494474799983436,2.536058108520508,-9.664195001220703,-0.872087954711914
19.50189759998466,2.501940734863281,-9.674968908691406,-0.8583212951660156
19.510188399988692,2.529474053955078,-9.72285294189453,-0.8804676605224608
19.516954599996097,2.460640756225586,-9.68514426574707,-0.843956085205078
19.52465320000192,2.5145102935791015,-9.724648593139648,-0.8954314208984374
19.5323293999827,2.48338567199707,-9.648632690429688,-0.8744821563720703
19.544418899982702,2.5103204406738278,-9.700108026123047,-0.8990227233886718
19.553523499984294,2.499546533203125,-9.676764559936522,-0.8840589630126953
19.5608174999943,2.491765377807617,-9.64025298461914,-0.8780734588623046
19.567958500003442,2.4630349578857422,-9.656413845825195,-0.8254010223388671
19.574463700002525,2.5163059448242184,-9.650428341674804,-0.8966285217285156
19.583386099984637,2.4869769744873045,-9.667187753295899,-0.8900444671630859
19.592710500000976,2.4857798736572265,-9.647435589599608,-0.8451531860351562
19.60168789999443,2.507926239013672,-9.674968908691406,-0.8613140472412109
19.611106099997414,2.4756045166015626,-9.668983404541015,-0.8942343200683593
19.620488699991256,2.47081611328125,-9.710881933593749,-0.8493430389404296
19.628472199983662,2.492363928222656,-9.658808047485351,-0.8684966522216796
19.64304519997677,2.4947581298828125,-9.695918173217773,-0.8726865051269531
19.658669900003588,2.5043349365234375,-9.67197615661621,-0.8385691314697266
19.67344489999232,2.46423205871582,-9.689334118652344,-0.8768763580322265
19.687307199987117,2.503137835693359,-9.634866030883789,-0.8798691101074219
19.696455700002844,2.472013214111328,-9.686341366577148,-0.8655039001464844
19.707411399984267,2.512714642333984,-9.680954412841796,-0.8559270935058593
19.714126699982444,2.513313192749023,-9.672574707031249,-0.8780734588623046
19.721492199983913,2.492962478637695,-9.710881933593749,-0.8637082489013671
19.728885899996385,2.4971523315429685,-9.719860189819336,-0.8517372406005859
19.73619830000098,2.4899697265625,-9.705494979858399,-0.8774749084472656
19.743904000002658,2.494159579467773,-9.690531219482422,-0.8684966522216796
19.752211499988334,2.491765377807617,-9.689334118652344,-0.8810662109374999
19.758959700004198,2.516904495239258,-9.665990652465819,-0.9085995300292968
19.767969499982428,2.4762030670166015,-9.677363110351562,-0.843956085205078
19.777360399981262,2.480991470336914,-9.654618194580078,-0.900818374633789
19.787334399996325,2.4630349578857422,-9.635464581298828,-0.8984241729736328
19.800411100004567,2.494159579467773,-9.649829791259766,-0.853532891845703
19.811496999987867,2.4666262603759765,-9.6779616607666,-0.8313865264892578
19.819122499990044,2.464830609130859,-9.617508068847656,-0.8744821563720703
19.827037399983965,2.4953566802978515,-9.670180505371093,-0.8792705596923828
19.834850499988534,2.47081611328125,-9.645639938354492,-0.8643067993164062
19.841551799996523,2.488772625732422,-9.700706576538085,-0.8655039001464844
19.847599899978377,2.465429159545898,-9.68514426574707,-0.8667010009765624
19.85583659997792,2.517503045654297,-9.6779616607666,-0.8996212738037109
19.86298129998613,2.5007436340332028,-9.64683703918457,-0.8565256439208984
19.871721899980912,2.503137835693359,-9.683947164916992,-0.891241567993164
19.878991199977463,2.5103204406738278,-9.655216744995117,-0.8571241943359375
19.887236599985044,2.507327688598633,-9.687538467407226,-0.8487444885253905
19.894527399999788,2.519897247314453,-9.702502227783203,-0.8541314422607421
19.90326379999169,2.480392919921875,-9.665990652465819,-0.8762778076171874
19.910519199998816,2.4959552307128905,-9.682151513671874,-0.8678981018066406
19.919787599996198,2.474407415771484,-9.665990652465819,-0.852335791015625
19.92688630000339,2.491765377807617,-9.68514426574707,-0.8583212951660156
19.93548539999756,2.5103204406738278,-9.65282254333496,-0.8355763793945312
19.94238569997833,2.4863784240722655,-9.631274728393555,-0.8708908538818358
19.95144049997907,2.501342184448242,-9.664195001220703,-0.8631096984863281
19.958723299991107,2.494159579467773,-9.669581954956055,-0.8583212951660156
19.967009499989217,2.480392919921875,-9.65940659790039,-0.8852560638427733
19.97426779998932,2.492363928222656,-9.643245736694336,-0.8798691101074219
19.983906299981754,2.480991470336914,-9.677363110351562,-0.9002198242187499
19.999965499999234,2.510918991088867,-9.679158761596678,-0.8852560638427733
20.013208899996243,2.501940734863281,-9.618106619262695,-0.8577227447509765
20.027746199979447,2.492962478637695,-9.676764559936522,-0.8445546356201171
20.042373899981612,2.500145083618164,-9.64025298461914,-0.8864531646728515
20.055874899990158,2.507926239013672,-9.658808047485351,-0.8613140472412109
20.06846539999242,2.489371176147461,-9.713276135253906,-0.8786720092773437
20.08121169998776,2.508524789428711,-9.649829791259766,-0.8643067993164062
20.09576939998078,2.508524789428711,-9.630676177978515,-0.9127893829345702
20.10817719998886,2.4911668273925778,-9.692326870727538,-0.8367734802246093
20.121847300004447,2.500145083618164,-9.662997900390625,-0.8762778076171874
20.134189100004733,2.5043349365234375,-9.651026892089844,-0.8475473876953125
20.142656299984083,2.501342184448242,-9.670779055786133,-0.8822633117675781
20.149364399985643,2.5055320373535155,-9.657012396240233,-0.8661024505615234
20.156166999979177,2.446275546264648,-9.651625442504882,-0.8954314208984374
20.16234449998592,2.549824768066406,-9.65940659790039,-0.8858546142578124
20.171689999988303,2.461239306640625,-9.661800799560547,-0.8864531646728515
20.178728500002762,2.479794369506836,-9.68514426574707,-0.8708908538818358
20.191330300003756,2.4959552307128905,-9.657012396240233,-0.8996212738037109
20.20434299999033,2.479195819091797,-9.68514426574707,-0.8511386901855468
20.21659830000135,2.452859600830078,-9.694721072387695,-0.8649053497314453
20.229942099977052,2.4851813232421875,-9.695918173217773,-0.8780734588623046
20.24366129998816,2.4959552307128905,-9.673771807861328,-0.8882488159179687
20.25793579997844,2.4678233612060545,-9.717465988159178,-0.8810662109374999
20.270871099986834,2.5163059448242184,-9.6917283203125,-0.9050082275390624
20.283201299986104,2.479195819091797,-9.627683425903319,-0.910395181274414
20.29521680000471,2.499546533203125,-9.637260232543944,-0.8649053497314453
20.311914999998407,2.493561029052734,-9.679757312011718,-0.8708908538818358
20.325782500003697,2.50253928527832,-9.670180505371093,-0.8876502655029296
20.336393199977465,2.518101596069336,-9.667187753295899,-0.8780734588623046
20.34385539998766,2.518101596069336,-9.664195001220703,-0.9020154754638672
20.354481299989857,2.4684219116210935,-9.664195001220703,-0.910395181274414
20.362595899990993,2.479794369506836,-9.674968908691406,-0.8589198455810546
20.37355249997927,2.542043612670898,-9.713874685668944,-0.8960299713134765
20.381841099995654,2.503736386108398,-9.687538467407226,-0.8631096984863281
20.390779899986228,2.482188571166992,-9.668983404541015,-0.8702923034667969
20.4024192999932,2.4785972686767574,-9.645639938354492,-0.9020154754638672
20.410983399982797,2.498947982788086,-9.648034140014648,-0.8565256439208984
20.42085969998152,2.5103204406738278,-9.680355862426758,-0.8499415893554687
20.432463299977826,2.4756045166015626,-9.651026892089844,-0.8595183959960937
20.447545499977423,2.474407415771484,-9.649231240844726,-0.8661024505615234
20.462976399983745,2.5049334869384765,-9.676166009521484,-0.8421604339599609
20.473807200003648,2.5067291381835934,-9.67197615661621,-0.8451531860351562
20.484255399991525,2.461837857055664,-9.697115274047851,-0.8583212951660156
20.492331699992064,2.461837857055664,-9.71028338317871,-0.8409633331298828
20.500246399984462,2.490568276977539,-9.665990652465819,-0.8541314422607421
20.507507899979828,2.4869769744873045,-9.670180505371093,-0.8589198455810546
20.5157910999842,2.490568276977539,-9.731831198120117,-0.8373720306396484
20.52292089999537,2.5103204406738278,-9.666589202880859,-0.8732850555419921
20.52947320000385,2.46423205871582,-9.672574707031249,-0.8595183959960937
20.535642000002554,2.501342184448242,-9.686341366577148,-0.8738836059570312
20.542210299987346,2.516904495239258,-9.676166009521484,-0.8678981018066406
20.548071099998197,2.499546533203125,-9.668384854125977,-0.8367734802246093
20.55744579999009,2.5330653564453125,-9.682151513671874,-0.8954314208984374
20.564430899976287,2.4690204620361325,-9.698910925292969,-0.8738836059570312
20.57100189998164,2.461239306640625,-9.69831237487793,-0.8966285217285156
20.57759529998293,2.470217562866211,-9.69831237487793,-0.8421604339599609
20.583715099986875,2.490568276977539,-9.655815295410155,-0.8409633331298828
20.58957039998495,2.473808865356445,-9.676764559936522,-0.8583212951660156
20.59571870000218,2.4774001678466795,-9.650428341674804,-0.8702923034667969
20.601625899987994,2.4498668487548825,-9.693523971557617,-0.8565256439208984
20.60959079998429,2.52169289855957,-9.69771382446289,-0.8738836059570312
20.616726399981417,2.501940734863281,-9.682750064086914,-0.8589198455810546
20.62259109999286,2.500145083618164,-9.664793551635741,-0.9026140258789062
20.62734730000375,2.5049334869384765,-9.666589202880859,-0.8744821563720703
20.632308500004,2.503137835693359,-9.667786303710937,-0.8451531860351562
20.637782399979187,2.4690204620361325,-9.675567459106444,-0.8463502868652343
20.642987999977777,2.517503045654297,-9.664793551635741,-0.8655039001464844
20.6483427999774,2.5157073944091795,-9.65940659790039,-0.9056067779541015
20.653396299981978,2.5049334869384765,-9.693523971557617,-0.8661024505615234
20.6591867999814,2.50253928527832,-9.68514426574707,-0.8894459167480468
20.66516419997788,2.481590020751953,-9.667786303710937,-0.8900444671630859
20.670353599998634,2.4660277099609376,-9.661800799560547,-0.929548794555664
20.6758585999778,2.437297290039062,-9.624690673828125,-0.8960299713134765
20.68132879998302,2.5007436340332028,-9.673173257446289,-0.872087954711914
20.688857300003292,2.508524789428711,-9.679158761596678,-0.910395181274414
20.698788799985778,2.5151088439941405,-9.695918173217773,-0.852934341430664
20.70801509998273,2.469619012451172,-9.6779616607666,-0.8768763580322265
20.71826019999571,2.499546533203125,-9.674968908691406,-0.8403647827148437
20.725909999979194,2.546233465576172,-9.657012396240233,-0.8834604125976562
20.735100399993826,2.455852352905273,-9.672574707031249,-0.8403647827148437
20.74559949999093,2.5055320373535155,-9.69112976989746,-0.8708908538818358
20.760283399984473,2.5055320373535155,-9.665392102050781,-0.8667010009765624
20.77620160000515,2.488772625732422,-9.704896429443359,-0.8541314422607421
20.792102099978365,2.501940734863281,-9.687538467407226,-0.8613140472412109
20.808236099983333,2.5192986968994138,-9.670180505371093,-0.8750807067871094
20.82488099997863,2.516904495239258,-9.652223992919922,-0.8672995513916015
20.84282119999989,2.5151088439941405,-9.662997900390625,-0.9056067779541015
20.861198600003263,2.493561029052734,-9.694721072387695,-0.86191259765625
20.878198699996574,2.517503045654297,-9.680954412841796,-0.8499415893554687
20.895422999979928,2.5139117431640625,-9.68514426574707,-0.8589198455810546
20.913149899977725,2.4863784240722655,-9.680355862426758,-0.8577227447509765
20.930446099984692,2.537255209350586,-9.651026892089844,-0.8565256439208984
20.944198899989715,2.5192986968994138,-9.652223992919922,-0.8451531860351562
20.9600955999922,2.5288755035400388,-9.656413845825195,-0.8750807067871094
20.976786099985475,2.481590020751953,-9.65342109375,-0.8858546142578124
20.993981899984647,2.507327688598633,-9.692326870727538,-0.8391676818847655
21.00970519997645,2.498947982788086,-9.688735568237304,-0.9038111267089843
21.024951899977168,2.4959552307128905,-9.649829791259766,-0.834379278564453
21.04034700000193,2.500145083618164,-9.662399349975585,-0.8607154968261719
21.05653629999142,2.4779987182617185,-9.64025298461914,-0.8780734588623046
21.07325149999815,2.5246856506347655,-9.687538467407226,-0.852934341430664
21.08886150000035,2.492363928222656,-9.69831237487793,-0.8732850555419921
21.10526359998039,2.5061305877685545,-9.681552963256836,-0.8421604339599609
21.11943940000492,2.4690204620361325,-9.668983404541015,-0.9038111267089843
21.134083399985684,2.4899697265625,-9.69831237487793,-0.8505401397705078
21.14639779998106,2.539050860595703,-9.628281976318359,-0.8744821563720703
21.160060199996224,2.498349432373047,-9.665392102050781,-0.8469488372802734
21.177238899981603,2.479794369506836,-9.685742816162108,-0.8864531646728515
21.19103719998384,2.4588451049804685,-9.70369932861328,-0.8511386901855468
21.204839799989713,2.481590020751953,-9.65940659790039,-0.8499415893554687
21.21647019998636,2.520495797729492,-9.668384854125977,-0.82360537109375
21.230855300003896,2.5342624572753905,-9.681552963256836,-0.8631096984863281
21.245623399998294,2.498947982788086,-9.661800799560547,-0.8840589630126953
21.262237399991136,2.4947581298828125,-9.651026892089844,-0.8188169677734375
21.281125799985602,2.519897247314453,-9.682151513671874,-0.8517372406005859
21.296627000003355,2.4756045166015626,-9.660603698730467,-0.8900444671630859
21.311241299990797,2.4768016174316405,-9.673771807861328,-0.8631096984863281
21.327522999985376,2.4785972686767574,-9.668983404541015,-0.8505401397705078
21.345790799998213,2.484582772827148,-9.649231240844726,-0.8637082489013671
21.362122899998212,2.4774001678466795,-9.693523971557617,-0.8876502655029296
21.37623149997671,2.526481301879883,-9.664195001220703,-0.8930372192382812
21.392052399984095,2.508524789428711,-9.654618194580078,-0.8511386901855468
21.406326900003478,2.498947982788086,-9.634866030883789,-0.8708908538818358
21.42204259999562,2.532466806030273,-9.652223992919922,-0.8726865051269531
21.45041369998944,2.518101596069336,-9.707889181518555,-0.8559270935058593
21.470123299979605,2.526481301879883,-9.692326870727538,-0.8319850769042968
21.483562899986282,2.4899697265625,-9.694721072387695,-0.8571241943359375
21.494860899983905,2.4851813232421875,-9.657610946655273,-0.8637082489013671
21.500326599983964,2.4869769744873045,-9.683348614501952,-0.843956085205078
21.50819279998541,2.484582772827148,-9.649829791259766,-0.8834604125976562
21.514026599994395,2.497750881958008,-9.673173257446289,-0.8672995513916015
21.520301099983044,2.5151088439941405,-9.69112976989746,-0.8421604339599609
21.529886499978602,2.517503045654297,-9.673173257446289,-0.8684966522216796
21.53885119999177,2.5438392639160154,-9.664195001220703,-0.8367734802246093
21.54775030000019,2.454056701660156,-9.702502227783203,-0.8481459381103515
21.557547799980966,2.497750881958008,-9.71686743774414,-0.8990227233886718
21.56478009998682,2.484582772827148,-9.665392102050781,-0.8667010009765624
21.5776729999925,2.50912333984375,-9.688137017822266,-0.8864531646728515
21.60190710000461,2.508524789428711,-9.662997900390625,-0.8738836059570312
21.614879999979166,2.4899697265625,-9.664195001220703,-0.8565256439208984
21.625432599976193,2.4863784240722655,-9.658209497070311,-0.8254010223388671
21.634776499995496,2.503736386108398,-9.622296472167967,-0.8714894042968749
21.644138399977237,2.4965537811279295,-9.642647186279296,-0.8445546356201171
21.654128399997717,2.4899697265625,-9.690531219482422,-0.8373720306396484
21.664475199999288,2.4774001678466795,-9.675567459106444,-0.8589198455810546
21.67352209999808,2.472013214111328,-9.663596450805663,-0.8798691101074219
21.682222000003094,2.48338567199707,-9.73661960144043,-0.8684966522216796
21.69044129998656,2.5067291381835934,-9.69112976989746,-0.8589198455810546
21.69845309999073,2.473210314941406,-9.703100778198241,-0.8505401397705078
21.707594599982258,2.4486697479248045,-9.654019644165038,-0.8894459167480468
21.717769799986854,2.490568276977539,-9.655216744995117,-0.872087954711914
21.72746769999503,2.511517541503906,-9.68454571533203,-0.8918401184082031
21.734993099991698,2.527678402709961,-9.689334118652344,-0.8493430389404296
21.741808899998432,2.5067291381835934,-9.694721072387695,-0.8307879760742187
21.749256399984006,2.507926239013672,-9.683947164916992,-0.853532891845703
21.75603799999226,2.493561029052734,-9.680954412841796,-0.8655039001464844
21.76361490000272,2.4672248107910155,-9.645041387939452,-0.8768763580322265
21.77092619999894,2.5246856506347655,-9.651026892089844,-0.8672995513916015
21.77722619997803,2.484582772827148,-9.714473236083984,-0.8828618621826171
21.7823368999816,2.492962478637695,-9.687538467407226,-0.8822633117675781
21.7882650999818,2.490568276977539,-9.657012396240233,-0.8786720092773437
21.795251699979417,2.513313192749023,-9.640851535034178,-0.8804676605224608
21.800901099981274,2.4953566802978515,-9.707290631103515,-0.8643067993164062
21.80693589997827,2.517503045654297,-9.66000514831543,-0.8505401397705078
21.812523100001272,2.5384523101806638,-9.708487731933593,-0.8900444671630859
21.818469299993012,2.5145102935791015,-9.661800799560547,-0.8702923034667969
21.826583499991102,2.498349432373047,-9.694721072387695,-0.852335791015625
21.835244399990188,2.529474053955078,-9.64683703918457,-0.891241567993164
21.842877299990505,2.513313192749023,-9.657610946655273,-0.8702923034667969
21.8509888999979,2.498947982788086,-9.695319622802733,-0.8804676605224608
21.860456599999452,2.500145083618164,-9.670180505371093,-0.8637082489013671
21.868384200002765,2.503137835693359,-9.649829791259766,-0.8882488159179687
21.876512499991804,2.522291448974609,-9.672574707031249,-0.8301894256591796
21.884022799989907,2.518700146484375,-9.686341366577148,-0.8702923034667969
21.897944900003495,2.493561029052734,-9.675567459106444,-0.9002198242187499
21.917438399977982,2.521094348144531,-9.667786303710937,-0.8672995513916015
21.935172800003784,2.512116091918945,-9.654618194580078,-0.8601169464111328
21.95474759998615,2.471414663696289,-9.69831237487793,-0.8768763580322265
21.97122879998642,2.497750881958008,-9.665990652465819,-0.8541314422607421
21.987970299989684,2.492962478637695,-9.732429748535155,-0.8684966522216796
22.004209399980027,2.5055320373535155,-9.628880526733397,-0.8930372192382812
22.02329149999423,2.527079852294922,-9.664793551635741,-0.8421604339599609
22.04277390000061,2.435501638793945,-9.700706576538085,-0.8349778289794921
22.058259799989173,2.481590020751953,-9.6917283203125,-0.8966285217285156
22.074830700003076,2.5007436340332028,-9.664195001220703,-0.8637082489013671
22.090179299993906,2.5049334869384765,-9.69112976989746,-0.8834604125976562
22.10147429999779,2.4672248107910155,-9.67137760620117,-0.8559270935058593
22.116977900004713,2.480392919921875,-9.672574707031249,-0.8409633331298828
22.13048659998458,2.5055320373535155,-9.649829791259766,-0.8493430389404296
22.144936199998483,2.5151088439941405,-9.640851535034178,-0.8313865264892578
22.158334299980197,2.512116091918945,-9.645041387939452,-0.8505401397705078
22.17090559998178,2.493561029052734,-9.644442837524414,-0.8445546356201171
22.185335299989674,2.5151088439941405,-9.636063131713867,-0.8804676605224608
22.19928400000208,2.5061305877685545,-9.68514426574707,-0.8415618835449218
22.2095025999879,2.4660277099609376,-9.687538467407226,-0.8768763580322265
22.217347800004063,2.497750881958008,-9.638457333374022,-0.8283937744140625
22.227685299993027,2.511517541503906,-9.677363110351562,-0.8744821563720703
22.240117199980887,2.536656658935547,-9.665990652465819,-0.852934341430664
22.254483800003072,2.493561029052734,-9.655216744995117,-0.862511148071289
22.265750999999,2.497750881958008,-9.6396544342041,-0.8637082489013671
22.276841199985938,2.527079852294922,-9.647435589599608,-0.814028564453125
22.285797599994112,2.4672248107910155,-9.697115274047851,-0.8469488372802734
22.29495889999089,2.5151088439941405,-9.639055883789062,-0.8661024505615234
22.307352799980436,2.5246856506347655,-9.686939916992188,-0.8595183959960937
22.32042909998563,2.4666262603759765,-9.676166009521484,-0.8487444885253905
22.334351700003026,2.492363928222656,-9.664793551635741,-0.8684966522216796
22.351100400002906,2.513313192749023,-9.652223992919922,-0.8822633117675781
22.36863280000398,2.527678402709961,-9.682750064086914,-0.86191259765625
22.37741119999555,2.5157073944091795,-9.68454571533203,-0.8661024505615234
22.386901999998372,2.471414663696289,-9.670779055786133,-0.9367313995361327
22.397532999981195,2.4911668273925778,-9.660603698730467,-0.8774749084472656
22.40750709999702,2.501342184448242,-9.65940659790039,-0.8553285430908203
22.416112499980954,2.5145102935791015,-9.664793551635741,-0.8421604339599609
22.426354600000195,2.493561029052734,-9.694721072387695,-0.8834604125976562
22.434449499996845,2.492363928222656,-9.694721072387695,-0.8738836059570312
22.44321209998452,2.509721890258789,-9.688137017822266,-0.8475473876953125
22.45221980000497,2.516904495239258,-9.674370358276366,-0.8732850555419921
22.459751999995206,2.508524789428711,-9.69831237487793,-0.8846575134277344
22.46786129998509,2.492962478637695,-9.686939916992188,-0.8894459167480468
22.475647399987793,2.50912333984375,-9.672574707031249,-0.8583212951660156
22.487484699988272,2.5067291381835934,-9.689334118652344,-0.8517372406005859
22.494157299981453,2.498349432373047,-9.660603698730467,-0.82360537109375
22.501456700003473,2.493561029052734,-9.65282254333496,-0.8601169464111328
22.508754399983445,2.4768016174316405,-9.616909518432617,-0.8954314208984374
22.517226399999345,2.531269705200195,-9.667187753295899,-0.8834604125976562
22.524742099980358,2.509721890258789,-9.663596450805663,-0.8672995513916015
22.53171999999904,2.5139117431640625,-9.661202249145507,-0.8451531860351562
22.540865499991924,2.4576480041503905,-9.669581954956055,-0.8631096984863281
22.554410199983977,2.5234885498046875,-9.6779616607666,-0.872087954711914
22.572007599985227,2.511517541503906,-9.663596450805663,-0.9020154754638672
22.59052199998405,2.503137835693359,-9.668983404541015,-0.8631096984863281
22.609414599981392,2.5061305877685545,-9.672574707031249,-0.8607154968261719
22.625950699992245,2.5043349365234375,-9.639055883789062,-0.852934341430664
22.64159399998607,2.4965537811279295,-9.662399349975585,-0.8930372192382812
22.65952849999303,2.501940734863281,-9.672574707031249,-0.8672995513916015
22.674803300003987,2.4947581298828125,-9.656413845825195,-0.881664761352539
22.691035900003044,2.488772625732422,-9.697115274047851,-0.8661024505615234
22.697110599983716,2.512714642333984,-9.694122521972655,-0.8553285430908203
22.703029900003457,2.519897247314453,-9.664195001220703,-0.853532891845703
22.708133199979784,2.493561029052734,-9.668384854125977,-0.8792705596923828
22.714183000003686,2.4576480041503905,-9.634866030883789,-0.8858546142578124
22.723157999978866,2.4947581298828125,-9.676764559936522,-0.8936357696533203
22.732096199993975,2.482787121582031,-9.701305126953125,-0.8655039001464844
22.747093499987386,2.5474305664062498,-9.68514426574707,-0.8595183959960937
22.761818600003608,2.480392919921875,-9.664793551635741,-0.8086416107177734
22.774456299986923,2.4785972686767574,-9.670180505371093,-0.8601169464111328
22.788513999985298,2.500145083618164,-9.6779616607666,-0.8541314422607421
22.80285159999039,2.481590020751953,-9.651026892089844,-0.8265981231689452
22.818018799996935,2.5258827514648434,-9.674968908691406,-0.8325836273193359
22.83293129998492,2.5240871002197265,-9.6779616607666,-0.8756792572021483
22.84683419999783,2.507926239013672,-9.661202249145507,-0.8672995513916015
22.85687049999251,2.488772625732422,-9.619902270507811,-0.8499415893554687
22.86366899998393,2.473808865356445,-9.695918173217773,-0.852335791015625
22.871969799976796,2.531868255615234,-9.682151513671874,-0.8517372406005859
22.879841999994824,2.503137835693359,-9.662399349975585,-0.9014169250488281
22.88743400000385,2.512116091918945,-9.647435589599608,-0.8463502868652343
22.902571099984925,2.503736386108398,-9.7162688873291,-0.86191259765625
22.922824299981585,2.521094348144531,-9.656413845825195,-0.8571241943359375
22.939811099990038,2.5043349365234375,-9.704297879028319,-0.8906430175781249
22.958077699993737,2.537255209350586,-9.686341366577148,-0.8415618835449218
22.982798699988052,2.488772625732422,-9.674968908691406,-0.842758984375
23.002253799990285,2.4959552307128905,-9.674968908691406,-0.8661024505615234
23.021700699988287,2.541445062255859,-9.65342109375,-0.8164227661132812
23.041655199980596,2.4774001678466795,-9.69771382446289,-0.8583212951660156
23.055914399999892,2.530671154785156,-9.63307037963867,-0.8750807067871094
23.074292199977208,2.511517541503906,-9.693523971557617,-0.8643067993164062
23.092230999987805,2.5192986968994138,-9.680954412841796,-0.8451531860351562
23.111198600003263,2.539050860595703,-9.68454571533203,-0.8894459167480468
23.130003800004488,2.4762030670166015,-9.67197615661621,-0.8667010009765624
23.14834479999263,2.548627667236328,-9.700706576538085,-0.852335791015625
23.164645799988648,2.4857798736572265,-9.65282254333496,-0.8870517150878906
23.180782299983548,2.509721890258789,-9.662997900390625,-0.8212111694335937
23.19890580000356,2.46423205871582,-9.668384854125977,-0.8367734802246093
23.217489000002388,2.4971523315429685,-9.674968908691406,-0.8475473876953125
23.235250900004758,2.501940734863281,-9.665392102050781,-0.8577227447509765
23.250448099977802,2.555211721801758,-9.651625442504882,-0.8948328704833984
23.269756199995754,2.4947581298828125,-9.649829791259766,-0.8259995727539062
23.288002499990398,2.5163059448242184,-9.628880526733397,-0.8924386688232422
23.301707599981455,2.4899697265625,-9.630077627563477,-0.8678981018066406
23.312799399980577,2.501342184448242,-9.665990652465819,-0.9050082275390624
23.32144729999709,2.4965537811279295,-9.626486325073241,-0.8876502655029296
23.330778999981703,2.5348610076904294,-9.676166009521484,-0.8325836273193359
23.339615799981402,2.498349432373047,-9.69112976989746,-0.8194155181884765
23.34877630000119,2.5007436340332028,-9.662997900390625,-0.8631096984863281
23.358306799986167,2.541445062255859,-9.705494979858399,-0.8337807281494141
23.366210199979832,2.503137835693359,-9.692925421142577,-0.8942343200683593
23.37628619998577,2.5049334869384765,-9.6917283203125,-0.8690952026367187
23.387808700004825,2.5240871002197265,-9.672574707031249,-0.8708908538818358
23.39661209998303,2.445676995849609,-9.661202249145507,-0.8547299926757812
23.404675900004804,2.498349432373047,-9.65342109375,-0.8397662322998046
23.412709399999585,2.531269705200195,-9.655815295410155,-0.8577227447509765
23.422458599990932,2.497750881958008,-9.64683703918457,-0.842758984375
23.431623999989824,2.501940734863281,-9.664793551635741,-0.8744821563720703
23.439041599980555,2.527079852294922,-9.694122521972655,-0.8505401397705078
23.44677189999493,2.471414663696289,-9.651026892089844,-0.8595183959960937
23.45732719998341,2.5288755035400388,-9.701903677368163,-0.8954314208984374
23.474332099984167,2.4869769744873045,-9.688137017822266,-0.852934341430664
23.494016099983128,2.512116091918945,-9.67856021118164,-0.8876502655029296
23.511568699992495,2.519897247314453,-9.695319622802733,-0.862511148071289
23.529416899982607,2.4570494537353516,-9.6917283203125,-0.8810662109374999
23.546174899995094,2.4444798950195312,-9.673173257446289,-0.8637082489013671
23.562024499988183,2.480392919921875,-9.670180505371093,-0.8840589630126953
23.57507729998906,2.5163059448242184,-9.6396544342041,-0.8900444671630859
23.589796799991746,2.4684219116210935,-9.655216744995117,-0.834379278564453
23.598477099993033,2.512116091918945,-9.658808047485351,-0.8457517364501953
23.609562900004676,2.501342184448242,-9.697115274047851,-0.8505401397705078
23.619418499991298,2.48338567199707,-9.6396544342041,-0.8265981231689452
23.631950199982384,2.499546533203125,-9.619902270507811,-0.8834604125976562
23.646707799984142,2.527678402709961,-9.690531219482422,-0.8804676605224608
23.662541199999396,2.5336639068603515,-9.66000514831543,-0.8421604339599609
23.682602999993833,2.492962478637695,-9.643844287109374,-0.8487444885253905
23.70218140000361,2.4672248107910155,-9.704297879028319,-0.8409633331298828
23.715927999990527,2.48338567199707,-9.648034140014648,-0.842758984375
23.730367599986494,2.481590020751953,-9.693523971557617,-0.8583212951660156
23.74121379997814,2.5151088439941405,-9.629479077148437,-0.8738836059570312
23.753318399976706,2.491765377807617,-9.696516723632811,-0.8565256439208984
23.767874399985885,2.488174075317383,-9.702502227783203,-0.8714894042968749
23.793598599993857,2.52169289855957,-9.679158761596678,-0.8595183959960937
23.811210899992147,2.501940734863281,-9.670180505371093,-0.8655039001464844
23.828179699979955,2.50912333984375,-9.63366893005371,-0.8726865051269531
23.84856650000438,2.490568276977539,-9.674370358276366,-0.8583212951660156
23.866787499981,2.475005966186523,-9.6779616607666,-0.8571241943359375
23.883950699993875,2.479195819091797,-9.65940659790039,-0.8828618621826171
23.898208099999465,2.5151088439941405,-9.673173257446289,-0.872087954711914
23.91089849997661,2.490568276977539,-9.667786303710937,-0.8271966735839843
23.91831559999264,2.512116091918945,-9.663596450805663,-0.8415618835449218
23.927174499985995,2.516904495239258,-9.642647186279296,-0.8750807067871094
23.936360399995465,2.481590020751953,-9.650428341674804,-0.8852560638427733
23.94552979999571,2.488772625732422,-9.680355862426758,-0.8337807281494141
23.953558599983808,2.4857798736572265,-9.702502227783203,-0.8684966522216796
23.964544699992985,2.48338567199707,-9.650428341674804,-0.8667010009765624
23.98227079998469,2.4965537811279295,-9.654618194580078,-0.8762778076171874
24.001253199996427,2.5252842010498044,-9.67197615661621,-0.8589198455810546
24.019669799978146,2.5474305664062498,-9.679158761596678,-0.862511148071289
24.038407799991546,2.4666262603759765,-9.707290631103515,-0.8589198455810546
24.057007900002645,2.5570073730468748,-9.674968908691406,-0.8643067993164062
24.075043499993626,2.4857798736572265,-9.683947164916992,-0.8391676818847655
24.089815199986333,2.5049334869384765,-9.692925421142577,-0.8026561065673827
24.104405699996278,2.5288755035400388,-9.656413845825195,-0.834379278564453
24.114893599995412,2.4965537811279295,-9.666589202880859,-0.8116343627929687
24.12040379998507,2.5145102935791015,-9.675567459106444,-0.82360537109375
24.128839299984975,2.4785972686767574,-9.679757312011718,-0.8577227447509765
24.138654799986398,2.498947982788086,-9.623493572998047,-0.8726865051269531
24.145630199986044,2.4857798736572265,-9.651625442504882,-0.8637082489013671
24.15523399997619,2.516904495239258,-9.672574707031249,-0.8559270935058593
24.165389999980107,2.498349432373047,-9.657610946655273,-0.833182177734375
24.174950599990552,2.512714642333984,-9.689334118652344,-0.8864531646728515
24.18458249999094,2.503137835693359,-9.664793551635741,-0.8702923034667969
24.19394040000043,2.5246856506347655,-9.648632690429688,-0.8505401397705078
24.20459259999916,2.520495797729492,-9.636661682128906,-0.8469488372802734
24.216436399990926,2.5252842010498044,-9.676764559936522,-0.8804676605224608
24.232425199996214,2.50253928527832,-9.668384854125977,-0.852934341430664
24.245129799994174,2.4911668273925778,-9.71028338317871,-0.8595183959960937
24.25329399999464,2.473210314941406,-9.673173257446289,-0.8277952239990234
24.260478299984243,2.5234885498046875,-9.674968908691406,-0.8601169464111328
24.2713664000039,2.511517541503906,-9.658808047485351,-0.8732850555419921
24.278595399984624,2.50253928527832,-9.665392102050781,-0.8678981018066406
24.28631629998563,2.497750881958008,-9.682750064086914,-0.834379278564453
24.294760799995856,2.473808865356445,-9.668384854125977,-0.8607154968261719
24.308339499984868,2.5007436340332028,-9.658209497070311,-0.8511386901855468
24.32567619998008,2.518700146484375,-9.664195001220703,-0.8469488372802734
24.341909199982183,2.512714642333984,-9.642048635864258,-0.852335791015625
24.357316299981903,2.4875755249023435,-9.685742816162108,-0.8708908538818358
24.367979300004663,2.479794369506836,-9.679757312011718,-0.8798691101074219
24.38089219998801,2.5007436340332028,-9.677363110351562,-0.8846575134277344
24.3962716999813,2.501342184448242,-9.627084875488281,-0.824203921508789
24.406831799977226,2.50253928527832,-9.642048635864258,-0.8834604125976562
24.41802679997636,2.472013214111328,-9.666589202880859,-0.8457517364501953
24.428919700003462,2.4756045166015626,-9.683947164916992,-0.881664761352539
24.438467700005276,2.532466806030273,-9.667187753295899,-0.8667010009765624
24.444068299984792,2.5192986968994138,-9.670180505371093,-0.8990227233886718
24.449256099993363,2.507926239013672,-9.676764559936522,-0.8313865264892578
24.45631159999175,2.5432407135009765,-9.67197615661621,-0.8613140472412109
24.461730899987742,2.511517541503906,-9.689932669067382,-0.8690952026367187
24.46707129999413,2.5288755035400388,-9.694122521972655,-0.872087954711914
24.472318899992388,2.5157073944091795,-9.66000514831543,-0.8714894042968749
24.47777070000302,2.5139117431640625,-9.638457333374022,-0.8182184173583984
24.4850613999879,2.539649411010742,-9.662399349975585,-0.8649053497314453
24.492396899993764,2.5151088439941405,-9.657012396240233,-0.8804676605224608
24.500272699980997,2.479794369506836,-9.674968908691406,-0.8337807281494141
24.507285700005013,2.5336639068603515,-9.637858782958984,-0.8511386901855468
24.52039049999439,2.528276953125,-9.703100778198241,-0.8774749084472656
24.537792499992065,2.48338567199707,-9.63366893005371,-0.8409633331298828
24.55513229998178,2.510918991088867,-9.668384854125977,-0.8469488372802734
24.570852499979082,2.508524789428711,-9.67137760620117,-0.8631096984863281
24.585729499987792,2.503736386108398,-9.669581954956055,-0.852335791015625
24.60005439998349,2.511517541503906,-9.694122521972655,-0.86191259765625
24.615186199982418,2.4684219116210935,-9.699509475708007,-0.8840589630126953
24.628913299995475,2.5007436340332028,-9.669581954956055,-0.8200140686035156
24.63693009997951,2.526481301879883,-9.67856021118164,-0.8810662109374999
24.645038899994688,2.5330653564453125,-9.68454571533203,-0.8786720092773437
24.652793199988082,2.5145102935791015,-9.640851535034178,-0.8481459381103515
24.660078999993857,2.4768016174316405,-9.624092123413085,-0.8457517364501953
24.66743899998255,2.522889999389648,-9.674370358276366,-0.86191259765625
24.676126499980455,2.528276953125,-9.655216744995117,-0.8744821563720703
24.683279299992137,2.528276953125,-9.647435589599608,-0.881664761352539
24.696216599986656,2.5234885498046875,-9.63307037963867,-0.8541314422607421
24.712882799998624,2.513313192749023,-9.666589202880859,-0.9211690887451172
24.731586899986723,2.474407415771484,-9.625887774658203,-0.8355763793945312
24.74789719999535,2.503137835693359,-9.68454571533203,-0.8487444885253905
24.762445799977286,2.473210314941406,-9.701305126953125,-0.8894459167480468
24.77747509998153,2.5288755035400388,-9.655216744995117,-0.8463502868652343
24.79192989997682,2.497750881958008,-9.682750064086914,-0.824203921508789
24.80573949997779,2.5151088439941405,-9.670180505371093,-0.8469488372802734
24.81706839997787,2.50253928527832,-9.639055883789062,-0.8373720306396484
24.82501780000166,2.512714642333984,-9.72285294189453,-0.8505401397705078
24.832136299984995,2.4774001678466795,-9.661800799560547,-0.8307879760742187
24.83843039997737,2.4965537811279295,-9.670180505371093,-0.843357534790039
24.84569059999194,2.4971523315429685,-9.669581954956055,-0.8134300140380859
24.852002200001152,2.507327688598633,-9.640851535034178,-0.8313865264892578
24.858776099979877,2.479794369506836,-9.661202249145507,-0.8678981018066406
24.865268299996387,2.494159579467773,-9.625289224243163,-0.8607154968261719
24.872265599988168,2.499546533203125,-9.67197615661621,-0.8858546142578124
24.879184099991107,2.5067291381835934,-9.650428341674804,-0.8463502868652343
24.88822799999616,2.463633508300781,-9.685742816162108,-0.8583212951660156
24.89607519999845,2.500145083618164,-9.686939916992188,-0.8607154968261719
24.904311399994185,2.542043612670898,-9.71028338317871,-0.8738836059570312
24.912194399978034,2.512714642333984,-9.643245736694336,-0.8702923034667969
24.919668199989246,2.508524789428711,-9.692925421142577,-0.8505401397705078
24.92702069997904,2.530072604370117,-9.682151513671874,-0.8786720092773437
24.93491979999817,2.490568276977539,-9.681552963256836,-0.8649053497314453
24.94244250000338,2.48338567199707,-9.665392102050781,-0.853532891845703
24.950566699990304,2.489371176147461,-9.693523971557617,-0.833182177734375
24.959984199987957,2.4630349578857422,-9.640851535034178,-0.8325836273193359
24.97026669999468,2.4953566802978515,-9.652223992919922,-0.8672995513916015
24.979003999993438,2.479794369506836,-9.679757312011718,-0.8188169677734375
24.986619399976917,2.509721890258789,-9.688137017822266,-0.8607154968261719
24.99627000000328,2.499546533203125,-9.657610946655273,-0.862511148071289
25.003717899991898,2.501342184448242,-9.668384854125977,-0.8744821563720703
25.011238399980357,2.48338567199707,-9.640851535034178,-0.8445546356201171
25.018269899999723,2.482787121582031,-9.665392102050781,-0.8696937530517578
25.025986199994804,2.527678402709961,-9.692326870727538,-0.842758984375
25.034283699991647,2.5252842010498044,-9.679158761596678,-0.852934341430664
25.04218019999098,2.512714642333984,-9.62169792175293,-0.8451531860351562
25.051978699979372,2.50253928527832,-9.686341366577148,-0.8170213165283202
25.059084799984703,2.5288755035400388,-9.675567459106444,-0.8822633117675781
25.06594479997875,2.517503045654297,-9.642048635864258,-0.8607154968261719
25.07357399998,2.4953566802978515,-9.665990652465819,-0.8577227447509765
25.082366699993145,2.494159579467773,-9.661202249145507,-0.8678981018066406
25.097144600003958,2.510918991088867,-9.655216744995117,-0.86191259765625
25.11633069999516,2.531868255615234,-9.65342109375,-0.8409633331298828
25.136022399994545,2.509721890258789,-9.679757312011718,-0.8667010009765624
25.15177080000285,2.507327688598633,-9.668384854125977,-0.8511386901855468
25.166206699999748,2.5103204406738278,-9.667187753295899,-0.8756792572021483
25.18022199999541,2.497750881958008,-9.687538467407226,-0.8601169464111328
25.187114999978803,2.50912333984375,-9.658209497070311,-0.8116343627929687
25.19457599997986,2.511517541503906,-9.667786303710937,-0.8511386901855468
25.20211549999658,2.461239306640625,-9.654618194580078,-0.852335791015625
25.20940939997672,2.500145083618164,-9.647435589599608,-0.881664761352539
25.21640789997764,2.537255209350586,-9.693523971557617,-0.834379278564453
25.22793759999331,2.488772625732422,-9.654618194580078,-0.8852560638427733
25.24628219997976,2.52169289855957,-9.674370358276366,-0.8499415893554687
25.26487719998113,2.500145083618164,-9.683947164916992,-0.8708908538818358
25.282117499999003,2.501342184448242,-9.648632690429688,-0.8918401184082031
25.299585300002946,2.5623943267822265,-9.664793551635741,-0.8301894256591796
25.306818199984264,2.4959552307128905,-9.654019644165038,-0.842758984375
25.320354199997382,2.5061305877685545,-9.630077627563477,-0.8451531860351562
25.33516619997681,2.507926239013672,-9.674968908691406,-0.8511386901855468
25.34905499999877,2.528276953125,-9.651026892089844,-0.82360537109375
25.356130200001644,2.5342624572753905,-9.647435589599608,-0.8493430389404296
25.363673699990613,2.5342624572753905,-9.679158761596678,-0.8283937744140625
25.37136299998383,2.479195819091797,-9.65940659790039,-0.8230068206787109
25.378695999999763,2.4971523315429685,-9.694721072387695,-0.8774749084472656
25.387221999990288,2.499546533203125,-9.664793551635741,-0.852335791015625
25.3943490999809,2.4785972686767574,-9.676764559936522,-0.8744821563720703
25.40169979998609,2.522889999389648,-9.719860189819336,-0.8762778076171874
25.41003699999419,2.5043349365234375,-9.651026892089844,-0.8714894042968749
25.420397699985188,2.5234885498046875,-9.658209497070311,-0.8589198455810546
25.43830579999485,2.564788528442383,-9.708487731933593,-0.8924386688232422
25.457236199988984,2.522291448974609,-9.673771807861328,-0.9020154754638672
25.473813899996458,2.5354595581054684,-9.7162688873291,-0.8224082702636718
25.490116300003137,2.4947581298828125,-9.634866030883789,-0.8684966522216796
25.508033899997827,2.5103204406738278,-9.677363110351562,-0.824203921508789
25.522243699990213,2.512116091918945,-9.682151513671874,-0.8421604339599609
25.536183399992296,2.522291448974609,-9.674370358276366,-0.8655039001464844
25.542508699989412,2.503736386108398,-9.685742816162108,-0.8505401397705078
25.547936099988874,2.5246856506347655,-9.69112976989746,-0.86191259765625
25.55326950000017,2.516904495239258,-9.682151513671874,-0.843956085205078
25.561126299988246,2.4947581298828125,-9.67197615661621,-0.852934341430664
25.568914100003894,2.529474053955078,-9.661800799560547,-0.9044096771240234
25.576191300002392,2.5516204193115235,-9.689334118652344,-0.8385691314697266
25.583690899977228,2.508524789428711,-9.677363110351562,-0.843956085205078
25.59165449999273,2.488174075317383,-9.712677584838866,-0.8391676818847655
25.599077799997758,2.50912333984375,-9.655216744995117,-0.8756792572021483
25.60658880000119,2.488174075317383,-9.692925421142577,-0.8667010009765624
25.615073199995095,2.507926239013672,-9.661800799560547,-0.8349778289794921
25.62319819998811,2.492363928222656,-9.660603698730467,-0.8750807067871094
25.6390477999812,2.5258827514648434,-9.664793551635741,-0.8792705596923828
25.657329799985746,2.507926239013672,-9.700108026123047,-0.82360537109375
25.67602809998789,2.507926239013672,-9.679158761596678,-0.8289923248291016
25.69714559998829,2.4863784240722655,-9.666589202880859,-0.8631096984863281
25.71499879998737,2.531269705200195,-9.673173257446289,-0.8553285430908203
25.73511719997623,2.507926239013672,-9.65940659790039,-0.8158242156982422
25.75397979997797,2.498349432373047,-9.700706576538085,-0.8565256439208984
25.772796000004746,2.4965537811279295,-9.665990652465819,-0.8840589630126953
25.79110479998053,2.5103204406738278,-9.636063131713867,-0.8463502868652343
25.810259199992288,2.488174075317383,-9.66000514831543,-0.900818374633789
25.839927199995145,2.494159579467773,-9.692326870727538,-0.852335791015625
25.85378549998859,2.4911668273925778,-9.644442837524414,-0.8613140472412109
25.865575399977388,2.48338567199707,-9.657012396240233,-0.8607154968261719
25.876245599996764,2.5049334869384765,-9.60852981262207,-0.8319850769042968
25.886268400005065,2.510918991088867,-9.714473236083984,-0.843956085205078
25.89750959997764,2.48338567199707,-9.64623848876953,-0.8415618835449218
25.913928800000576,2.5246856506347655,-9.697115274047851,-0.853532891845703
25.931621600000653,2.491765377807617,-9.652223992919922,-0.8601169464111328
25.950308799976483,2.500145083618164,-9.656413845825195,-0.8547299926757812
25.96927199998754,2.4863784240722655,-9.649231240844726,-0.8469488372802734
25.985898599989014,2.497750881958008,-9.661202249145507,-0.8469488372802734
25.999870600004215,2.44507844543457,-9.694721072387695,-0.8559270935058593
26.014905899995938,2.5049334869384765,-9.667786303710937,-0.8607154968261719
26.03151169998455,2.516904495239258,-9.681552963256836,-0.8445546356201171
26.046101099986117,2.507327688598633,-9.665392102050781,-0.8649053497314453
26.06388919998426,2.461239306640625,-9.706692080688477,-0.8918401184082031
26.080772399989655,2.519897247314453,-9.69112976989746,-0.8505401397705078
26.099471800000174,2.510918991088867,-9.668983404541015,-0.8643067993164062
26.117574100004276,2.4971523315429685,-9.640851535034178,-0.8565256439208984
26.13786099999561,2.5192986968994138,-9.727042794799804,-0.8756792572021483
26.155143999989377,2.541445062255859,-9.665990652465819,-0.8583212951660156
26.17164089999278,2.489371176147461,-9.697115274047851,-0.8445546356201171
26.183993699989514,2.469619012451172,-9.661202249145507,-0.8571241943359375
26.189574599993648,2.5288755035400388,-9.665392102050781,-0.8170213165283202
26.197139199997764,2.493561029052734,-9.662399349975585,-0.8475473876953125
26.20275239998591,2.5061305877685545,-9.690531219482422,-0.8188169677734375
26.20834250000189,2.521094348144531,-9.701903677368163,-0.8696937530517578
26.213632999977563,2.517503045654297,-9.66000514831543,-0.853532891845703
26.219009199994616,2.518700146484375,-9.662399349975585,-0.8481459381103515
26.22560949999024,2.5151088439941405,-9.680355862426758,-0.8696937530517578
26.232859199983068,2.473808865356445,-9.645041387939452,-0.8637082489013671
26.242377799993847,2.480392919921875,-9.676166009521484,-0.8834604125976562
26.2510749999783,2.518700146484375,-9.674968908691406,-0.8870517150878906
26.260925399983535,2.5139117431640625,-9.694721072387695,-0.8631096984863281
26.26722409998183,2.4851813232421875,-9.652223992919922,-0.8319850769042968
26.27985419999459,2.5342624572753905,-9.692925421142577,-0.853532891845703
26.298979899991537,2.499546533203125,-9.680355862426758,-0.8289923248291016
26.316079699987313,2.473210314941406,-9.682151513671874,-0.8367734802246093
26.334370800002944,2.511517541503906,-9.679158761596678,-0.852335791015625
26.355093999998644,2.4779987182617185,-9.664793551635741,-0.8750807067871094
26.37516830000095,2.52169289855957,-9.652223992919922,-0.8517372406005859
26.39146049998817,2.5348610076904294,-9.62109937133789,-0.8565256439208984
26.405346999992616,2.498947982788086,-9.68514426574707,-0.8858546142578124
26.419146999978693,2.512116091918945,-9.721057290649414,-0.8313865264892578
26.428157299989834,2.513313192749023,-9.709086282348633,-0.853532891845703
26.434660200000508,2.492363928222656,-9.687538467407226,-0.8774749084472656
26.442583700001705,2.4953566802978515,-9.635464581298828,-0.8158242156982422
26.45782819998567,2.510918991088867,-9.67856021118164,-0.8786720092773437
26.47931179997977,2.501342184448242,-9.695918173217773,-0.8421604339599609
26.505145200004335,2.530072604370117,-9.701903677368163,-0.8655039001464844
26.532730799983256,2.532466806030273,-9.680355862426758,-0.8696937530517578
26.55427399999462,2.492962478637695,-9.676764559936522,-0.8828618621826171
26.577055200003088,2.548627667236328,-9.637260232543944,-0.8852560638427733
26.598225699999603,2.488174075317383,-9.661800799560547,-0.8655039001464844
26.61882999999216,2.5145102935791015,-9.71686743774414,-0.8966285217285156
26.63853769999696,2.5234885498046875,-9.617508068847656,-0.8960299713134765
26.660991899989313,2.54084651184082,-9.652223992919922,-0.852335791015625
26.686702899984084,2.484582772827148,-9.651026892089844,-0.8702923034667969
26.7115040999779,2.460640756225586,-9.71028338317871,-0.82360537109375
26.73510890000034,2.5246856506347655,-9.670779055786133,-0.8481459381103515
26.7589570999844,2.549824768066406,-9.67137760620117,-0.8122329132080077
26.777907099982258,2.512116091918945,-9.682750064086914,-0.8451531860351562
26.80190500000026,2.541445062255859,-9.670779055786133,-0.8583212951660156
26.823063099989668,2.507926239013672,-9.660603698730467,-0.8613140472412109
26.838665599992964,2.4774001678466795,-9.65282254333496,-0.8667010009765624
26.850760300003458,2.530072604370117,-9.673771807861328,-0.8415618835449218
26.874647699994966,2.48338567199707,-9.688735568237304,-0.852335791015625
26.89331789998687,2.503736386108398,-9.666589202880859,-0.8271966735839843
26.914688699995168,2.528276953125,-9.664793551635741,-0.8577227447509765
26.9358769999817,2.497750881958008,-9.645041387939452,-0.8852560638427733
26.956851599999936,2.5043349365234375,-9.657610946655273,-0.8631096984863281
26.981852299999446,2.50253928527832,-9.664793551635741,-0.842758984375
27.00596409998252,2.5067291381835934,-9.682750064086914,-0.8571241943359375
27.028726499993354,2.4953566802978515,-9.65282254333496,-0.8684966522216796
27.05023579997942,2.483984222412109,-9.66000514831543,-0.8840589630126953
27.067780099983793,2.499546533203125,-9.663596450805663,-0.852934341430664
27.094240999984322,2.50253928527832,-9.657012396240233,-0.8289923248291016
27.11114739999175,2.521094348144531,-9.674968908691406,-0.8559270935058593
27.12727779999841,2.4666262603759765,-9.715071786499022,-0.8337807281494141
27.15172120000352,2.549226217651367,-9.683348614501952,-0.881664761352539
27.177236499992432,2.50253928527832,-9.616310968017578,-0.8738836059570312
27.20184500000323,2.518700146484375,-9.680954412841796,-0.8637082489013671
27.226551700005075,2.4869769744873045,-9.655216744995117,-0.8487444885253905
27.253518399986206,2.527678402709961,-9.692326870727538,-0.8170213165283202
27.273837499989895,2.52169289855957,-9.676166009521484,-0.881664761352539
27.30060930000036,2.5258827514648434,-9.661800799560547,-0.8403647827148437
27.323138499981724,2.50253928527832,-9.669581954956055,-0.86191259765625
27.347784199984744,2.4857798736572265,-9.642647186279296,-0.862511148071289
27.370228999992833,2.5007436340332028,-9.68514426574707,-0.8756792572021483
27.391331299993908,2.501342184448242,-9.662997900390625,-0.8349778289794921
27.419289299985394,2.520495797729492,-9.700108026123047,-0.8188169677734375
27.438050400000066,2.5055320373535155,-9.66000514831543,-0.8505401397705078
27.45784950000234,2.5163059448242184,-9.692326870727538,-0.8469488372802734
27.477960799995344,2.5061305877685545,-9.722254391479492,-0.8553285430908203
27.49117289998685,2.507926239013672,-9.676764559936522,-0.8655039001464844
27.50893469998846,2.497750881958008,-9.687538467407226,-0.8080430603027343
27.528769399999874,2.509721890258789,-9.666589202880859,-0.8678981018066406
27.54639559998759,2.5043349365234375,-9.65940659790039,-0.8421604339599609
27.55752069997834,2.503736386108398,-9.677363110351562,-0.8475473876953125
27.568777799984673,2.5103204406738278,-9.706093530273437,-0.8319850769042968
27.58553589999792,2.503137835693359,-9.706692080688477,-0.8684966522216796
27.607559900003253,2.518101596069336,-9.683947164916992,-0.7978677032470702
27.62117179998313,2.501940734863281,-9.708487731933593,-0.8206126190185546
27.63475669999025,2.493561029052734,-9.631873278808593,-0.8637082489013671
27.646979799988912,2.492962478637695,-9.669581954956055,-0.8547299926757812
27.666028899984667,2.503736386108398,-9.687538467407226,-0.852934341430664
27.689499799977057,2.500145083618164,-9.692925421142577,-0.8601169464111328
27.715896699985024,2.494159579467773,-9.664195001220703,-0.8726865051269531
27.744182499998715,2.498947982788086,-9.69112976989746,-0.8565256439208984
27.769602999993367,2.508524789428711,-9.690531219482422,-0.8613140472412109
27.794196799979545,2.5629928771972654,-9.631873278808593,-0.8672995513916015
27.822830699995393,2.5007436340332028,-9.672574707031249,-0.8451531860351562
27.844694100000197,2.527079852294922,-9.665392102050781,-0.8289923248291016
27.8685559000005,2.5258827514648434,-9.704896429443359,-0.8487444885253905
27.891761199978646,2.501940734863281,-9.68514426574707,-0.8409633331298828
27.914952899998752,2.501940734863281,-9.675567459106444,-0.8475473876953125
27.938717299985,2.529474053955078,-9.648034140014648,-0.8732850555419921
27.958724399999483,2.516904495239258,-9.68454571533203,-0.834379278564453
27.977788399992278,2.5246856506347655,-9.679757312011718,-0.8325836273193359
27.998392999987118,2.498947982788086,-9.707290631103515,-0.8355763793945312
28.013826499984134,2.532466806030273,-9.674968908691406,-0.8631096984863281
28.026386399986222,2.5234885498046875,-9.667187753295899,-0.8128314636230468
28.034390399989206,2.5103204406738278,-9.687538467407226,-0.8379705810546875
28.043936599977314,2.4971523315429685,-9.666589202880859,-0.8511386901855468
28.055340699997032,2.50253928527832,-9.672574707031249,-0.8409633331298828
28.068504399998346,2.4785972686767574,-9.648034140014648,-0.8547299926757812
28.079021699988516,2.48338567199707,-9.666589202880859,-0.8403647827148437
28.08688560000155,2.474407415771484,-9.673173257446289,-0.8607154968261719
28.099609900003998,2.4774001678466795,-9.692326870727538,-0.8481459381103515
28.113239199999953,2.511517541503906,-9.679158761596678,-0.852335791015625
28.122089699987555,2.530671154785156,-9.658808047485351,-0.8373720306396484
28.131888000003528,2.555211721801758,-9.688735568237304,-0.8661024505615234
28.142330200003926,2.512116091918945,-9.68514426574707,-0.8397662322998046
28.153028200002154,2.484582772827148,-9.67137760620117,-0.8188169677734375
28.16177649999736,2.512116091918945,-9.618106619262695,-0.8122329132080077
28.16985740000382,2.482787121582031,-9.67856021118164,-0.8301894256591796
28.177752499992494,2.519897247314453,-9.680355862426758,-0.8200140686035156
28.185299100005068,2.518101596069336,-9.654019644165038,-0.86191259765625
28.192852199979825,2.5713725830078125,-9.672574707031249,-0.8661024505615234
28.2007278999954,2.500145083618164,-9.640851535034178,-0.824802471923828
28.208233799989102,2.518101596069336,-9.636661682128906,-0.8056488586425781
28.216623099986464,2.512714642333984,-9.65282254333496,-0.842758984375
28.225917200004915,2.5240871002197265,-9.683947164916992,-0.8289923248291016
28.23772979999194,2.4762030670166015,-9.679158761596678,-0.852335791015625
28.24916310000117,2.530072604370117,-9.624690673828125,-0.8218097198486327
28.263983799988637,2.4965537811279295,-9.689932669067382,-0.853532891845703
28.27847550000297,2.540247961425781,-9.657610946655273,-0.8128314636230468
28.288103999977466,2.490568276977539,-9.687538467407226,-0.834379278564453
28.29999259999022,2.5151088439941405,-9.65940659790039,-0.8230068206787109
28.309123399987584,2.475005966186523,-9.658808047485351,-0.891241567993164
28.318000100000063,2.511517541503906,-9.668384854125977,-0.8062474090576172
28.32603460000246,2.5055320373535155,-9.618106619262695,-0.872087954711914
28.335526099981507,2.531269705200195,-9.700706576538085,-0.8702923034667969
28.345988399989437,2.48338567199707,-9.654618194580078,-0.8798691101074219
28.35629749999498,2.5061305877685545,-9.676166009521484,-0.8702923034667969
28.370038099994417,2.499546533203125,-9.673771807861328,-0.814627114868164
28.390252099983627,2.4899697265625,-9.694122521972655,-0.853532891845703
28.407385700003942,2.5145102935791015,-9.672574707031249,-0.8960299713134765
28.426751299994066,2.4785972686767574,-9.673771807861328,-0.8918401184082031
28.443439700000454,2.482787121582031,-9.65940659790039,-0.8313865264892578
28.46146619998035,2.501342184448242,-9.668983404541015,-0.8289923248291016
28.482369199977256,2.501342184448242,-9.644442837524414,-0.8613140472412109
28.505204099987168,2.5145102935791015,-9.667786303710937,-0.8283937744140625
28.52861069998471,2.48338567199707,-9.679158761596678,-0.8595183959960937
28.549975499976426,2.545634915161133,-9.65940659790039,-0.8607154968261719
28.5695371000038,2.4756045166015626,-9.65342109375,-0.8385691314697266
28.589091999980155,2.5234885498046875,-9.667187753295899,-0.8158242156982422
28.606974700000137,2.5163059448242184,-9.660603698730467,-0.8505401397705078
28.622461799997836,2.5055320373535155,-9.662997900390625,-0.8714894042968749
28.63713909999933,2.530671154785156,-9.668983404541015,-0.8631096984863281
28.64964279998094,2.522889999389648,-9.696516723632811,-0.8391676818847655
28.660805899999104,2.526481301879883,-9.63307037963867,-0.824203921508789
28.671185199986212,2.50912333984375,-9.657012396240233,-0.8170213165283202
28.684780399984447,2.5049334869384765,-9.651625442504882,-0.8206126190185546
28.7023526999983,2.475005966186523,-9.679158761596678,-0.8463502868652343
28.727531099983025,2.568978381347656,-9.70968483276367,-0.8505401397705078
28.7532094999915,2.507327688598633,-9.664195001220703,-0.8128314636230468
28.777379099978134,2.527079852294922,-9.665990652465819,-0.843357534790039
28.80087249999633,2.5061305877685545,-9.655815295410155,-0.8134300140380859
28.822715299989795,2.4774001678466795,-9.683947164916992,-0.833182177734375
28.843336899997666,2.5821464904785154,-9.682750064086914,-0.8445546356201171
28.86398100000224,2.5043349365234375,-9.725845693969726,-0.8379705810546875
28.889564199984306,2.5157073944091795,-9.629479077148437,-0.8098387115478515
28.913846099982038,2.4875755249023435,-9.65342109375,-0.8122329132080077
28.93375019999803,2.464830609130859,-9.6396544342041,-0.8684966522216796
28.952821799990488,2.5049334869384765,-9.652223992919922,-0.8481459381103515
28.97745799997938,2.570175482177734,-9.694721072387695,-0.8110358123779297
28.998445699980948,2.4193407775878906,-9.618106619262695,-0.853532891845703
29.01676159998169,2.5384523101806638,-9.64623848876953,-0.7841010437011718
29.034258400002727,2.539649411010742,-9.728838446044922,-0.9439140045166015
29.05033430000185,2.433705987548828,-9.62109937133789,-0.785896694946289
29.068510199984303,2.5061305877685545,-9.64025298461914,-0.9451111053466796
29.086042499984615,2.488174075317383,-9.641450085449218,-0.7805097412109374
29.108310199982952,2.518101596069336,-9.68514426574707,-0.8254010223388671
29.13057700000354,2.5246856506347655,-9.695319622802733,-0.814627114868164
29.153529100003652,2.4971523315429685,-9.637260232543944,-0.8188169677734375
29.173651499993866,2.518700146484375,-9.627683425903319,-0.8750807067871094
29.193444499978796,2.5043349365234375,-9.680954412841796,-0.8469488372802734
29.21392469998682,2.522291448974609,-9.615712417602538,-0.8463502868652343
29.234257499978412,2.462436407470703,-9.700108026123047,-0.8996212738037109
29.253465699992375,2.5576059234619137,-9.655815295410155,-0.8493430389404296
29.271164199977648,2.4947581298828125,-9.674968908691406,-0.8667010009765624
29.281864699994912,2.545634915161133,-9.652223992919922,-0.8714894042968749
29.293301999976393,2.472013214111328,-9.641450085449218,-0.843956085205078
29.30238539999118,2.519897247314453,-9.67197615661621,-0.86191259765625
29.31469460000517,2.542043612670898,-9.665392102050781,-0.8643067993164062
29.33098400000017,2.4953566802978515,-9.731232647705077,-0.8170213165283202
29.351820799987763,2.521094348144531,-9.693523971557617,-0.8547299926757812
29.37165630000527,2.5480291168212887,-9.673771807861328,-0.8732850555419921
29.393503600003896,2.503137835693359,-9.636063131713867,-0.853532891845703
29.41422710000188,2.5354595581054684,-9.667786303710937,-0.862511148071289
29.431625900004292,2.512714642333984,-9.65282254333496,-0.8152256652832031
29.4524623999896,2.511517541503906,-9.673771807861328,-0.852335791015625
29.474157499993453,2.5043349365234375,-9.680954412841796,-0.8708908538818358
29.496958499978064,2.503736386108398,-9.6779616607666,-0.8846575134277344
29.517318900005193,2.516904495239258,-9.676764559936522,-0.8487444885253905
29.53737189999083,2.5384523101806638,-9.710881933593749,-0.8894459167480468
29.557974499999546,2.498947982788086,-9.631274728393555,-0.842758984375
29.577870599983726,2.5378537597656248,-9.668384854125977,-0.8349778289794921
29.596222399995895,2.493561029052734,-9.67137760620117,-0.8613140472412109
29.616572600003565,2.4947581298828125,-9.70968483276367,-0.8649053497314453
29.637298699992243,2.498947982788086,-9.636661682128906,-0.8337807281494141
29.657689399988158,2.494159579467773,-9.635464581298828,-0.814627114868164
29.676691999979084,2.488772625732422,-9.680355862426758,-0.82360537109375
29.69219519998296,2.531269705200195,-9.672574707031249,-0.8361749298095703
29.7082055999781,2.5330653564453125,-9.657610946655273,-0.814028564453125
29.729518499982078,2.462436407470703,-9.69112976989746,-0.843956085205078
29.750633999996353,2.5145102935791015,-9.679158761596678,-0.8367734802246093
29.772245999978622,2.518101596069336,-9.672574707031249,-0.8451531860351562
29.793910599983064,2.5067291381835934,-9.683348614501952,-0.8445546356201171
29.813890999997966,2.5378537597656248,-9.649231240844726,-0.8559270935058593
29.833901299978606,2.5007436340332028,-9.686341366577148,-0.8583212951660156
29.85382639997988,2.498349432373047,-9.6917283203125,-0.8421604339599609
29.87420269998256,2.50912333984375,-9.679158761596678,-0.8595183959960937
29.89431869998225,2.489371176147461,-9.682750064086914,-0.8391676818847655
29.9142849999771,2.517503045654297,-9.674370358276366,-0.8265981231689452
29.934056500002043,2.4851813232421875,-9.65940659790039,-0.8319850769042968
29.954292699985672,2.50253928527832,-9.697115274047851,-0.8451531860351562
29.97431299998425,2.4953566802978515,-9.650428341674804,-0.843357534790039
29.994760699977633,2.521094348144531,-9.68514426574707,-0.8200140686035156
30.014949499978684,2.4965537811279295,-9.662399349975585,-0.8732850555419921
